[190.  682.5],[3.1920000e+03 9.8245614e-01]
[192.  683.3],[3.31408000e+03 1.14498141e+00]
[194.987977  680.3168707],[3.76884346e+03 1.06628078e+00]
[197.58220172 679.71368723],[4.15252031e+03 1.13239389e+00]
[200.16624505 679.99276678],[4.53551013e+03 1.20146329e+00]
[202.39018618 680.14682895],[4.91267866e+03 1.29321300e+00]
[204.14697523 680.23728626],[5.24441620e+03 1.38139621e+00]
[206.69596224 680.63661357],[5.45784897e+03 1.47362094e+00]
[209.55644621 679.43938309],[5.85872687e+03 1.46440758e+00]
[213.18131733 679.3435985 ],[6.14703970e+03 1.46562975e+00]
[215.17924222 679.3239144 ],[6.58233106e+03 1.54384164e+00]
[224.12430356 681.64098612],[6.08906277e+03 1.57617235e+00]
[230.92031874 682.22085381],[5.81215422e+03 1.60375094e+00]
[233.42679319 682.43321971],[5.70102151e+03 1.61234766e+00]
[237.20621614 682.8434981 ],[5.55069322e+03 1.62112891e+00]
[243.4486472  682.99194485],[5.52646542e+03 1.63389733e+00]
[249.31007482 682.70723224],[5.61534245e+03 1.62984547e+00]
[253.70984177 682.92912547],[5.74762544e+03 1.62008571e+00]
[255.25564931 683.00949418],[5.79413807e+03 1.61552327e+00]
[258.96951931 682.70580503],[5.66592729e+03 1.60873315e+00]
[262.54490189 682.25462201],[5.71521620e+03 1.59826097e+00]
[269.35562025 681.75462401],[5.62888093e+03 1.60039475e+00]
[271.80139702 681.89669383],[5.65593685e+03 1.58280662e+00]
[275.5438791  681.62198616],[5.76604856e+03 1.56948940e+00]
[281.42671753 681.84811059],[5.86848995e+03 1.54750558e+00]
[283.5155915  681.93624362],[5.90516712e+03 1.53902156e+00]
[286.45928113 681.97122867],[5.87574840e+03 1.52501416e+00]
[289.40418373 682.31399522],[6.00710957e+03 1.52471023e+00]
[293.01715654 682.44406068],[6.05520108e+03 1.52451170e+00]
[296.88347546 682.49278321],[5.94489583e+03 1.55677014e+00]
[300.51712516 682.50983057],[5.85974533e+03 1.55872687e+00]
[304.72191548 682.51489546],[5.99380452e+03 1.53671725e+00]
[308.15160928 682.51580656],[6.04309419e+03 1.52860273e+00]
[313.92365759 682.5149441 ],[6.06037446e+03 1.52548835e+00]
[315.96761962 682.51355303],[6.06537578e+03 1.52430400e+00]
[318.24199671 682.51209819],[6.02419595e+03 1.51340632e+00]
[320.93886506 682.51073079],[6.21803038e+03 1.49894184e+00]
[324.79452916 682.5096436 ],[6.03835734e+03 1.49335656e+00]
[327.76833069 682.17797959],[6.07283569e+03 1.48634978e+00]
[333.05645648 682.3823759 ],[5.98061052e+03 1.48881712e+00]
[334.91218662 682.46094951],[5.94497754e+03 1.48994535e+00]
[338.78447408 682.82097242],[5.99346076e+03 1.47502358e+00]
[340.10869784 682.95558781],[6.01147233e+03 1.46958339e+00]
[342.12953403 683.00478359],[6.06033296e+03 1.47801144e+00]
[345.74291282 683.35084463],[6.09817937e+03 1.45602733e+00]
[348.63966972 683.47929428],[6.15473216e+03 1.45812027e+00]
[349.61566211 683.52476796],[6.17546761e+03 1.45904450e+00]
[351.84577316 683.20927318],[6.24505751e+03 1.44491818e+00]
[353.89870386 683.41541208],[6.12196767e+03 1.43402233e+00]
[356.21545769 683.82221841],[6.17964100e+03 1.42582833e+00]
[358.63909449 683.31558134],[6.27995164e+03 1.38533016e+00]
[360.77092386 683.12131624],[6.31696114e+03 1.37067458e+00]
[362.79563975 683.37268474],[6.39119401e+03 1.35246909e+00]
[365.11346866 684.12174011],[6.37288954e+03 1.33639057e+00]
[368.20716349 684.07955391],[6.47161172e+03 1.32773884e+00]
[370.59743552 684.05982731],[6.50825548e+03 1.32481316e+00]
[372.72248435 684.04875322],[6.64278185e+03 1.29979318e+00]
[374.74848778 685.01959434],[6.53789073e+03 1.28410428e+00]
[376.73639548 685.39125504],[6.49644721e+03 1.27862003e+00]
[378.38326902 685.52639779],[6.64769332e+03 1.26301951e+00]
[379.90717292 685.89824378],[6.69228274e+03 1.27805470e+00]
[382.04661561 686.03381381],[6.65963754e+03 1.27507800e+00]
[383.75924944 686.40669774],[6.63276638e+03 1.29520912e+00]
[385.31411305 686.54045494],[6.57396220e+03 1.29397621e+00]
[387.13898101 686.58298058],[6.45681376e+03 1.27506673e+00]
[390.06713055 687.58218196],[6.63958579e+03 1.24281467e+00]
[391.08419493 687.95075671],[6.70813547e+03 1.23135442e+00]
[392.04715761 688.40910291],[6.67415311e+03 1.23827484e+00]
[393.32522871 689.23149757],[6.73048600e+03 1.21049405e+00]
[394.39312824 688.87686539],[6.75078009e+03 1.20049114e+00]
[396.05041465 689.38322281],[6.65815993e+03 1.17941273e+00]
[397.26535716 689.56536508],[6.62255344e+03 1.17184300e+00]
[398.31808024 689.62304558],[6.60903506e+03 1.16941083e+00]
[400.30879648 690.29222657],[6.65379201e+03 1.17771279e+00]
[401.65725348 691.19421921],[6.78728233e+03 1.16079459e+00]
[404.08638602 691.85128289],[6.79310658e+03 1.12802876e+00]
[404.93413487 692.08884306],[6.79437042e+03 1.11612013e+00]
[405.51941675 692.16423806],[6.74249557e+03 1.10354479e+00]
[407.0055842  693.16317462],[6.77903670e+03 1.09008684e+00]
[407.83591584 694.18476729],[6.61856213e+03 1.13132453e+00]
[408.75569123 694.22434341],[6.51128160e+03 1.12092927e+00]
[410.03980055 695.54737385],[6.63559896e+03 1.10666455e+00]
[410.80163956 696.35667114],[6.79117105e+03 1.10086654e+00]
[411.37007889 696.31753103],[6.96766912e+03 1.06402440e+00]
[412.52610348 696.93624396],[6.97541090e+03 1.07602292e+00]
[413.24728791 697.8109213 ],[7.02902181e+03 1.08925922e+00]
[413.47694951 698.78147677],[7.04791427e+03 1.09453833e+00]
[414.50866533 699.45764979],[7.05844686e+03 1.07965315e+00]
[415.1880004  700.34921301],[7.33892241e+03 1.08117844e+00]
[416.39473806 700.66755796],[7.39035843e+03 1.07387968e+00]
[417.47363452 701.42009519],[7.41326434e+03 1.03905635e+00]
[418.83395541 702.3389065 ],[7.47534139e+03 1.03406382e+00]
[419.63684438 703.32246038],[7.55334376e+03 1.04017327e+00]
[421.21882694 704.32944649],[7.46850830e+03 1.02727291e+00]
[421.77559157 705.01561642],[7.49129054e+03 1.01475304e+00]
[421.94365093 705.2510854 ],[7.49855552e+03 1.01029805e+00]
[422.63044247 707.2833163 ],[7.61412165e+03 9.93745479e-01]
[422.85319613 707.70463946],[7.59992265e+03 9.95213453e-01]
[423.89509584 708.49020795],[7.64827464e+03 9.73855149e-01]
[424.25396736 709.74350843],[7.72131679e+03 9.59112667e-01]
[425.3508478  711.82857208],[7.75108197e+03 9.68247669e-01]
[425.73345763 712.59576528],[7.76010486e+03 9.72046154e-01]
[425.84609551 713.1804416 ],[7.81913582e+03 9.66613754e-01]
[425.5285726  714.02583125],[7.89973015e+03 9.72096367e-01]
[425.38455965 714.97096593],[8.04747996e+03 9.88952130e-01]
[424.98322729 716.61220966],[8.39965329e+03 1.00263730e+00]
[424.8148862  717.53017171],[8.59372809e+03 1.00071967e+00]
[426.03994851 719.48094489],[8.36289622e+03 9.78847714e-01]
[427.15810378 721.17562703],[8.44631897e+03 9.50040867e-01]
[427.55943924 721.78251565],[8.47510719e+03 9.39573562e-01]
[427.69112892 722.62612383],[8.48377054e+03 9.35824631e-01]
[428.38318586 724.21905981],[8.48473583e+03 9.34618433e-01]
[428.95678633 725.44250931],[8.54595970e+03 9.41302299e-01]
[429.48480379 726.19433857],[8.57024423e+03 9.57528017e-01]
[429.33787612 726.76513608],[8.57846240e+03 9.77703236e-01]
[428.93605768 728.59264369],[8.94703148e+03 9.58555458e-01]
[427.78457444 730.55148637],[9.27950959e+03 9.98669178e-01]
[428.31276719 731.917466  ],[9.21359143e+03 9.67184761e-01]
[428.18095345 733.37641353],[9.43626931e+03 9.68670145e-01]
[428.45282775 734.87060149],[9.39059644e+03 9.68986293e-01]
[428.87827546 736.70739845],[9.42862417e+03 9.49738011e-01]
[429.03216948 737.35953417],[9.31553048e+03 9.55048964e-01]
[429.41223597 738.54152643],[9.26579582e+03 9.44216936e-01]
[429.21647575 739.60102726],[9.31016994e+03 9.46858309e-01]
[428.80555284 741.60173945],[9.32097883e+03 9.35078810e-01]
[428.3117671 743.3002634],[9.57414117e+03 9.19226708e-01]
[426.47343828 746.83933046],[9.92191506e+03 9.02710907e-01]
[425.77833647 748.14913592],[1.00533620e+04 8.96704161e-01]
[425.52060616 749.89824155],[9.97620818e+03 9.05711564e-01]
[425.10166792 751.82043202],[1.01368857e+04 9.04385134e-01]
[424.2937132  754.13182904],[1.03984040e+04 9.10777766e-01]
[423.34149829 757.24544868],[1.06872011e+04 8.96848736e-01]
[422.98906557 758.05130631],[1.08578131e+04 8.86515949e-01]
[422.54043482 759.92337115],[1.10726364e+04 9.05755731e-01]
[421.40319967 761.55746546],[1.12869126e+04 9.13729763e-01]
[420.65445394 763.75473356],[1.15039443e+04 9.17307725e-01]
[420.05769141 765.83923941],[1.16550893e+04 9.24519773e-01]
[418.86717547 767.87980522],[1.17803690e+04 9.33112632e-01]
[417.77658685 770.23064379],[1.20295936e+04 9.20263189e-01]
[416.7256728  773.02120159],[1.24086476e+04 9.16434219e-01]
[415.04127348 775.65339994],[1.29138365e+04 9.10927800e-01]
[413.76852326 777.89617733],[1.32595664e+04 9.19728331e-01]
[412.33091326 780.64017635],[1.34633023e+04 9.28523539e-01]
[409.8536389  784.55788445],[1.37639790e+04 9.37640678e-01]
[408.93351143 785.97647598],[1.38712997e+04 9.41110742e-01]
[406.66104633 787.41478673],[1.41374687e+04 9.48021108e-01]
[404.52487061 790.83034566],[1.49394582e+04 9.46569889e-01]
[402.44776151 794.01147583],[1.52430101e+04 9.46054877e-01]
[400.71387709 796.78435276],[1.55112394e+04 9.46071127e-01]
[399.11806415 800.04632389],[1.57669446e+04 9.46300034e-01]
[396.27322928 803.49416603],[1.60262588e+04 9.66332363e-01]
[393.93136225 806.68586419],[1.66159119e+04 9.84219054e-01]
[391.78591344 807.80974505],[1.63308175e+04 1.00115965e+00]
[389.71289391 811.75561394],[1.67985895e+04 9.92116899e-01]
[387.34838158 814.79448649],[1.73080135e+04 9.79012145e-01]
[382.91638761 818.47225777],[1.81050855e+04 9.88726139e-01]
[379.33578933 822.06954431],[1.86691050e+04 9.97017012e-01]
[376.40055543 824.98110976],[1.90544043e+04 1.00009812e+00]
[373.07123341 828.27801863],[1.93699309e+04 1.00115760e+00]
[369.59263896 832.37567088],[1.98418271e+04 1.01072975e+00]
[365.41527476 837.10509748],[2.06610966e+04 1.00938746e+00]
[361.94480593 840.43695642],[2.08709363e+04 1.01341399e+00]
[354.84425409 846.49794547],[2.19780300e+04 1.03697099e+00]
[348.66639937 852.28531101],[2.33731693e+04 1.04451519e+00]
[346.36018461 854.39133103],[2.39067899e+04 1.04739469e+00]
[343.32785188 857.34007843],[2.40864950e+04 1.05717151e+00]
[340.00363441 861.93237549],[2.43476936e+04 1.04297522e+00]
[335.58664776 866.82480129],[2.46332236e+04 1.02865902e+00]
[326.17378083 874.76290216],[2.60705323e+04 1.03507348e+00]
[322.69815687 877.35932603],[2.65046682e+04 1.04154814e+00]
[314.03198071 885.37023528],[2.78330275e+04 1.03889380e+00]
[310.82748468 888.3072706 ],[2.83304035e+04 1.03789119e+00]
[306.17871584 892.52847485],[2.92727669e+04 1.03299096e+00]
[300.31670037 898.22615924],[3.00599513e+04 1.03862124e+00]
[289.77224307 908.07427386],[3.12409201e+04 1.05551036e+00]
[285.85441988 911.70662528],[3.16752115e+04 1.06193004e+00]
[279.33321613 916.83441598],[3.22625026e+04 1.07934093e+00]
[272.1274839 922.8714382],[3.31701169e+04 1.08492459e+00]
[264.98388017 928.2708738 ],[3.42247450e+04 1.07831659e+00]
[256.89555728 935.70064045],[3.55894396e+04 1.06723958e+00]
[248.45206521 942.28153786],[3.66905692e+04 1.08061913e+00]
[239.88635212 949.51242346],[3.78414208e+04 1.08475748e+00]
[230.62663821 957.30596148],[3.94250083e+04 1.07429915e+00]
[221.75507855 963.35909452],[4.06361451e+04 1.08709339e+00]
[205.93617168 975.88839896],[4.28160599e+04 1.07970017e+00]
[193.25469411 985.35904724],[4.46877214e+04 1.09589769e+00]
[188.58093041 988.80564603],[4.53808913e+04 1.10207545e+00]
[180.2705768  995.41437066],[4.70278427e+04 1.08952084e+00]
[ 164.04396827 1008.42836307],[4.95739745e+04 1.10851128e+00]
[ 158.02783199 1012.92106308],[5.03746081e+04 1.11904114e+00]
[ 138.87078523 1026.43203372],[5.24192986e+04 1.11437193e+00]
[ 131.73948628 1031.38748498],[5.31695060e+04 1.11257756e+00]
[ 122.33405798 1040.17603134],[5.42597555e+04 1.10325759e+00]
[ 117.21803047 1048.82822803],[5.30150225e+04 1.03669232e+00]
[ 111.78429959 1057.74649297],[5.09128989e+04 9.81733895e-01]
[ 105.90115085 1067.09677392],[4.87535402e+04 9.20142718e-01]
[  99.85270951 1077.90372956],[4.65278236e+04 8.57169996e-01]
[  93.7512137  1088.61385822],[4.42342329e+04 7.94795297e-01]
[  87.63915658 1099.60250536],[4.17589681e+04 7.35709920e-01]
[  80.4866242  1110.36657884],[3.90032425e+04 6.64364936e-01]
[  68.7106547  1125.25142924],[3.26049436e+04 5.79194876e-01]
[  65.07921201 1130.61924415],[3.04369279e+04 5.56600699e-01]
[  58.72499403 1127.66049918],[2.49764459e+04 5.52300346e-01]
[  45.97634097 1132.73484302],[1.72829333e+04 4.89228048e-01]
[  42.51426787 1134.41691083],[1.51713465e+04 4.76546488e-01]
[  29.19618983 1147.63073681],[9.71113102e+03 3.51109464e-01]
[  26.19153326 1151.90600181],[8.50190934e+03 3.22749344e-01]
[  18.70830076 1167.67878878],[5.61347824e+03 2.49400106e-01]
[  10.21146203 1182.76288274],[2.51865908e+03 1.65602336e-01]
[200.  684.5],[4.08000000e+03 1.56862745e+00]
[200.  684.5],[4.08000000e+03 1.56862745e+00]
[200.  684.5],[4.08000000e+03 1.56862745e+00]
[200.  684.5],[4.08000000e+03 1.56862745e+00]
[202.  684.1],[4.26832000e+03 1.59073359e+00]
[202.38170952 684.02330953],[4.30475591e+03 1.59485388e+00]
[202.38170952 684.02330953],[4.30475591e+03 1.59485388e+00]
[207.14647664 683.60979764],[4.49029373e+03 1.71087947e+00]
[209.02301542 683.10516095],[4.78785791e+03 1.68782909e+00]
[212.04006256 682.59374362],[4.90949078e+03 1.64507955e+00]
[216.49569561 683.1175846 ],[4.82022655e+03 1.67097142e+00]
[220.40305604 682.63890085],[4.94139636e+03 1.65067251e+00]
[225.44116118 682.47326999],[4.94407309e+03 1.63080900e+00]
[229.2088205  682.08559393],[5.07558199e+03 1.62774886e+00]
[233.15308952 682.61448143],[5.07306149e+03 1.69033724e+00]
[239.80265233 682.49267346],[5.05629442e+03 1.66993019e+00]
[242.1906507  682.45238575],[5.04586790e+03 1.66168547e+00]
[248.58099854 682.44259627],[5.00256135e+03 1.64632430e+00]
[250.8397904  682.44377293],[4.98376925e+03 1.64034493e+00]
[254.52244432 682.44848001],[5.01145521e+03 1.65007896e+00]
[254.52244432 682.44848001],[5.01145521e+03 1.65007896e+00]
[258.08280854 682.12296074],[4.99598814e+03 1.68596428e+00]
[261.59754632 682.00356494],[5.07420080e+03 1.64712388e+00]
[266.08647683 681.96246413],[5.10152246e+03 1.63276383e+00]
[269.95220556 681.95126126],[5.14751578e+03 1.63912768e+00]
[276.54560386 681.62164259],[5.22418290e+03 1.62249116e+00]
[278.89950956 681.50042546],[5.25182478e+03 1.61629722e+00]
[281.94326072 681.13025485],[5.28318503e+03 1.58422762e+00]
[285.25422752 680.99412924],[5.33170578e+03 1.58373824e+00]
[288.34302068 681.27586702],[5.36403400e+03 1.62476161e+00]
[291.67993345 681.38956451],[5.33633569e+03 1.62929236e+00]
[295.4395434  681.43602153],[5.44735574e+03 1.59412237e+00]
[299.36205797 681.45561122],[5.41003516e+03 1.55888371e+00]
[302.68391981 681.46563939],[5.35096793e+03 1.60377513e+00]
[305.78252299 680.80924236],[5.32578574e+03 1.62166957e+00]
[311.4323373  680.89697989],[5.37716053e+03 1.60983179e+00]
[315.74233541 680.93341659],[5.43399427e+03 1.61680491e+00]
[317.2336903  680.95073868],[5.45470354e+03 1.61944348e+00]
[319.62850848 681.29002087],[5.44627964e+03 1.57979856e+00]
[322.70385362 681.42003042],[5.48053012e+03 1.57621724e+00]
[326.04617926 681.1415493 ],[5.51443186e+03 1.54657845e+00]
[329.15817572 681.36420334],[5.46584259e+03 1.55264117e+00]
[332.51554032 681.12116894],[5.46747296e+03 1.52707957e+00]
[337.29360809 681.03010426],[5.50718037e+03 1.52879800e+00]
[338.96081498 680.99675309],[5.52158502e+03 1.52967003e+00]
[338.96081498 680.99675309],[5.52158502e+03 1.52967003e+00]
[341.43810222 680.98559311],[5.52638241e+03 1.53022777e+00]
[344.22865705 680.98282217],[5.52755712e+03 1.53064014e+00]
[347.47140165 681.3127173 ],[5.62820542e+03 1.52524116e+00]
[350.22658845 681.43803358],[5.62563407e+03 1.51255962e+00]
[352.79519921 681.15671207],[5.64345026e+03 1.48114752e+00]
[354.96375246 681.04962998],[5.64925950e+03 1.46964616e+00]
[357.64982988 681.33756768],[5.59104990e+03 1.48127734e+00]
[357.64982988 681.33756768],[5.59104990e+03 1.48127734e+00]
[360.2017965  681.11811219],[5.66917459e+03 1.48095802e+00]
[362.70576464 681.03549784],[5.73920685e+03 1.49167710e+00]
[365.19300041 681.3337533 ],[5.78485676e+03 1.46971590e+00]
[369.32549115 681.44714762],[5.71783112e+03 1.44066681e+00]
[370.76691864 681.1613865 ],[5.75066735e+03 1.41519563e+00]
[372.85629215 680.72480807],[5.66158578e+03 1.41008552e+00]
[374.52591953 681.54664051],[5.72852848e+03 1.40450337e+00]
[376.7098672  682.18601678],[5.85538056e+03 1.39870257e+00]
[379.08793636 682.09968718],[5.91934707e+03 1.37281023e+00]
[381.87079775 682.38999267],[6.00159718e+03 1.35006706e+00]
[382.82103186 682.49806484],[6.03204680e+03 1.34190063e+00]
[384.73688251 682.86277047],[5.93955517e+03 1.34243308e+00]
[388.01690813 682.9980683 ],[5.90323019e+03 1.34313665e+00]
[389.15772604 683.04437432],[5.88887414e+03 1.34376537e+00]
[390.48845974 684.04551019],[5.98581593e+03 1.34097430e+00]
[392.22780911 684.09026516],[5.99171060e+03 1.30766104e+00]
[394.12100514 684.09975766],[6.08317244e+03 1.31501623e+00]
[395.7474509  684.09572691],[5.98199059e+03 1.28896295e+00]
[398.26614345 684.08744079],[5.94242304e+03 1.27935542e+00]
[399.1272179  684.07834577],[5.92727210e+03 1.27613551e+00]
[401.03065371 684.72813674],[5.96660681e+03 1.28502935e+00]
[402.33472938 684.63983148],[5.83401184e+03 1.28165980e+00]
[403.7404965  685.92260802],[5.73915438e+03 1.27076694e+00]
[404.85692382 686.39814902],[5.90786032e+03 1.26192781e+00]
[406.20511694 686.23960004],[5.98269263e+03 1.23747630e+00]
[407.96898406 686.49598051],[5.95477552e+03 1.24025000e+00]
[409.2289334  686.58381901],[5.85188928e+03 1.22253701e+00]
[410.29620844 686.93732196],[5.96149862e+03 1.22376479e+00]
[411.30109555 687.71953526],[6.00271902e+03 1.22440787e+00]
[413.27183154 688.00766416],[6.06440645e+03 1.23435042e+00]
[414.94793163 688.7639146 ],[6.04098428e+03 1.22892232e+00]
[415.51931861 689.03890126],[6.03146499e+03 1.22704275e+00]
[415.6751555  689.12981069],[5.93467768e+03 1.20764489e+00]
[416.66889309 689.48115282],[5.79611838e+03 1.20231318e+00]
[417.98697236 689.93243816],[5.84616285e+03 1.19877731e+00]
[418.43201116 690.42022423],[5.92067645e+03 1.18647606e+00]
[419.54397805 690.92133026],[5.95687171e+03 1.16200991e+00]
[420.91024313 691.42699368],[6.07319377e+03 1.15189603e+00]
[421.70948614 691.60662707],[6.06903760e+03 1.13928101e+00]
[422.29345821 691.98862244],[6.17036004e+03 1.13374455e+00]
[422.80220932 692.44861147],[6.21384451e+03 1.11315598e+00]
[423.28113192 692.28448293],[6.22466453e+03 1.12437414e+00]
[424.08537382 692.53481032],[6.28236796e+03 1.11909858e+00]
[424.6823776 692.6187202],[6.25383116e+03 1.10856987e+00]
[425.20068569 694.28104035],[6.24633146e+03 1.08654007e+00]
[425.35886159 694.90095341],[6.24275568e+03 1.07859021e+00]
[426.38167758 695.12103767],[6.29143567e+03 1.08464176e+00]
[427.39734564 695.84516543],[6.30904103e+03 1.08719743e+00]
[428.07981846 696.10383831],[6.26463849e+03 1.07974309e+00]
[428.30337907 696.18471833],[6.24719549e+03 1.07714960e+00]
[429.01943551 696.52851534],[6.29422299e+03 1.06716758e+00]
[428.92879976 696.64455021],[6.26067401e+03 1.05504836e+00]
[429.19646602 696.67372346],[6.29880233e+03 1.05933848e+00]
[430.26585289 697.65882905],[6.20825738e+03 1.06165975e+00]
[430.64456228 698.34989453],[6.22725895e+03 1.05364734e+00]
[430.76170122 698.59552236],[6.23440090e+03 1.05083137e+00]
[431.1133148  699.00185753],[6.34186298e+03 1.04957623e+00]
[431.55521765 700.12686671],[6.38429402e+03 1.03208868e+00]
[431.70003459 700.86703839],[6.45288035e+03 1.01727094e+00]
[432.06545618 701.45888747],[6.58481148e+03 1.01192781e+00]
[432.18548924 701.66640421],[6.63429997e+03 1.01009625e+00]
[432.54262415 701.7258602 ],[6.59831422e+03 1.00149137e+00]
[432.99101859 702.0584875 ],[6.69080093e+03 9.98531048e-01]
[433.47405713 702.16930775],[6.77901700e+03 1.00563287e+00]
[433.6410575  702.85170287],[6.70228221e+03 1.02486771e+00]
[434.01701633 703.75655416],[6.61800947e+03 1.02436360e+00]
[434.14302429 704.0801353 ],[6.58528776e+03 1.02420232e+00]
[434.50605356 704.51460243],[6.57324069e+03 1.00763644e+00]
[434.62786314 704.66190921],[6.56802695e+03 1.00151621e+00]
[434.99105257 704.70019659],[6.72716868e+03 9.91390000e-01]
[435.11514476 705.35638103],[6.78716974e+03 9.87757652e-01]
[435.14881387 705.26404563],[6.86296600e+03 9.78790426e-01]
[435.14933043 705.54228921],[6.83703070e+03 9.83236434e-01]
[435.13862377 706.29266641],[6.82574849e+03 9.85127854e-01]
[435.12491254 706.56322061],[6.82049367e+03 9.85974781e-01]
[435.11118313 706.65086923],[6.92580935e+03 9.71002422e-01]
[435.09844421 707.3273545 ],[6.85727275e+03 9.80704040e-01]
[435.08696523 707.57143432],[6.82969713e+03 9.84652447e-01]
[435.40710541 708.30991479],[6.87358509e+03 9.94181130e-01]
[435.52261598 708.2438345 ],[6.94429801e+03 9.89964980e-01]
[435.56033424 708.20499805],[6.9703996e+03 9.8841954e-01]
[435.56878418 708.83573297],[6.97942272e+03 9.87870136e-01]
[435.56668044 709.39223822],[7.03671773e+03 9.80013162e-01]
[435.89114784 709.58996728],[7.00144490e+03 9.69346954e-01]
[435.67808687 709.65095905],[7.04341740e+03 9.73170998e-01]
[435.59383859 709.99026375],[7.11309744e+03 9.67203758e-01]
[435.88832073 710.10721434],[7.19544596e+03 9.72714188e-01]
[435.99651906 710.13942052],[7.22560516e+03 9.74861902e-01]
[435.70433558 710.79895826],[7.17907256e+03 9.68081136e-01]
[435.58936715 711.36782778],[7.10535357e+03 9.72990975e-01]
[435.54400093 711.57068782],[7.07662132e+03 9.74950091e-01]
[435.85594894 711.63434486],[7.12159145e+03 9.83492767e-01]
[435.64260469 711.64621072],[7.08207724e+03 9.78986637e-01]
[435.88977642 711.30910723],[7.17819453e+03 9.77437582e-01]
[435.98136246 711.83212928],[7.21419034e+03 9.76863889e-01]
[436.34366251 712.02266763],[7.17045761e+03 9.68992912e-01]
[436.47842623 712.08585558],[7.15312542e+03 9.66027536e-01]
[436.19474362 712.43107129],[7.03486659e+03 9.64667579e-01]
[435.75226849 712.55308796],[7.04665078e+03 9.72010797e-01]
[435.25502549 712.5905303 ],[7.10731021e+03 9.82583528e-01]
[435.39731077 712.59663724],[7.18619259e+03 9.94328195e-01]
[435.1245488  712.92232091],[7.21573559e+03 9.83361938e-01]
[435.68208931 713.36814767],[7.28150716e+03 9.71730827e-01]
[435.89439381 713.5298113 ],[7.30577525e+03 9.67379216e-01]
[435.97410669 713.58285105],[7.31424076e+03 9.65765743e-01]
[436.0030503  713.92438842],[7.37205148e+03 9.57949012e-01]
[436.01265644 714.04646808],[7.28270393e+03 9.69557697e-01]
[436.01499819 714.41488368],[7.30327512e+03 9.66728287e-01]
[436.01470282 714.54582744],[7.31056901e+03 9.65687796e-01]
[436.34384546 714.58704939],[7.25536408e+03 9.57731889e-01]
[436.13571683 714.5947293 ],[7.29175551e+03 9.62369835e-01]
[436.05597921 714.59045688],[7.30517852e+03 9.64157780e-01]
[436.02478946 714.58243639],[7.30994763e+03 9.64864438e-01]
[436.01238475 714.57372401],[7.31142613e+03 9.65151911e-01]
[436.00727148 714.56540759],[7.31167883e+03 9.65276039e-01]
[436.3353103  714.55782837],[7.25400508e+03 9.57745056e-01]
[436.45886625 714.55104933],[7.23197840e+03 9.54911255e-01]
[436.17240745 714.54503422],[7.28138170e+03 9.61501058e-01]
[436.06342212 714.53971554],[7.29995760e+03 9.64013074e-01]
[436.02169902 714.53501997],[7.30686654e+03 9.64977685e-01]
[436.0059355  714.53087744],[7.30929730e+03 9.65344811e-01]
[436.00015038 714.52722402],[7.3100283e+03 9.6548203e-01]
[435.99817539 714.52400247],[7.31012896e+03 9.65531194e-01]
[435.99763752 714.52116197],[7.31000834e+03 9.65546891e-01]
[435.9976266  714.51865756],[7.30982136e+03 9.65550081e-01]
[435.9977954  714.51644951],[7.30962544e+03 9.65548789e-01]
[435.99801297 714.51450278],[7.30944071e+03 9.65546065e-01]
[435.6678797  714.51278646],[7.25178778e+03 9.57949320e-01]
[435.87480848 714.51127327],[7.28760571e+03 9.62697612e-01]
[435.95342691 714.50993918],[7.30112620e+03 9.64498518e-01]
[435.98354317 714.50876298],[7.30622244e+03 9.65184837e-01]
[435.99497209 714.507726  ],[7.30808284e+03 9.65442151e-01]
[435.99921757 714.50681174],[7.30870827e+03 9.65534955e-01]
[435.67039747 714.83640611],[7.3064671e+03 9.5075082e-01]
[435.87753222 714.95987681],[7.36349132e+03 9.52773570e-01]
[435.62594472 715.00488972],[7.32677936e+03 9.46064654e-01]
[435.53106296 715.34967959],[7.25779271e+03 9.50696165e-01]
[435.49674615 715.47796106],[7.23169133e+03 9.52540882e-01]
[435.48537663 715.52295211],[7.22209993e+03 9.53274104e-01]
[435.48259809 715.53652621],[7.21877552e+03 9.53577222e-01]
[435.48293071 715.53846342],[7.21781246e+03 9.53712570e-01]
[435.48429166 715.53631156],[7.21771916e+03 9.53781150e-01]
[435.81650874 715.53293071],[7.27544683e+03 9.61423074e-01]
[435.94211849 716.19041499],[7.29732273e+03 9.64303360e-01]
[435.98914723 716.43589276],[7.30555658e+03 9.65373473e-01]
[435.67602736 716.52379495],[7.25113621e+03 9.58163237e-01]
[435.88754038 716.55186568],[7.28799159e+03 9.63015193e-01]
[435.63709961 716.55760497],[7.35924875e+03 9.72414314e-01]
[435.21327445 716.88579898],[7.38448733e+03 9.61076552e-01]
[435.05258225 717.00544833],[7.39329884e+03 9.56783184e-01]
[434.99426567 717.04581116],[7.39621723e+03 9.55165646e-01]
[434.97489029 717.05620969],[7.39690853e+03 9.54571807e-01]
[434.9701359  717.05567404],[7.39678894e+03 9.54368215e-01]
[434.64034872 717.05146359],[7.45456666e+03 9.61816507e-01]
[434.51835864 717.04630692],[7.47597896e+03 9.64635661e-01]
[434.47543058 717.04119908],[7.48357478e+03 9.65689647e-01]
[434.46260467 717.69691393],[7.48590118e+03 9.66064355e-01]
[434.46094916 717.94153201],[7.48626487e+03 9.66180633e-01]
[434.13320549 718.68937809],[7.42783955e+03 9.58702326e-01]
[434.01210886 718.96577075],[7.40531813e+03 9.55850664e-01]
[433.97029329 719.06205449],[7.39674364e+03 9.54792705e-01]
[433.6275057  719.42055026],[7.50766239e+03 9.54766598e-01]
[433.83179614 719.87760389],[7.54639809e+03 9.40392337e-01]
[433.9142393  720.04258192],[7.56034570e+03 9.35044223e-01]
[433.9483684 720.4249167],[7.50982668e+03 9.39976739e-01]
[433.96367631 720.8908279 ],[7.54557726e+03 9.35036386e-01]
[434.30213272 721.05706569],[7.49922609e+03 9.25902524e-01]
[433.76841628 721.4391508 ],[7.42656381e+03 9.29339514e-01]
[433.90031087 722.23468462],[7.45810838e+03 9.38207390e-01]
[433.6217648  722.52322286],[7.52872292e+03 9.49025238e-01]
[432.86003807 722.94987631],[7.72946806e+03 9.60791080e-01]
[432.57448629 723.09873083],[7.80545598e+03 9.65196255e-01]
[433.45528934 723.8016193 ],[7.65616314e+03 9.44948156e-01]
[433.46836369 724.05522444],[7.65709044e+03 9.44474477e-01]
[432.8141045  725.12745866],[7.83291023e+03 9.52012488e-01]
[432.57030501 725.51895228],[7.89888308e+03 9.54812609e-01]
[431.16664299 725.98054622],[8.22134111e+03 9.77675160e-01]
[430.64164028 726.4686977 ],[8.28315937e+03 9.93271731e-01]
[430.44894564 726.96710786],[8.24460184e+03 9.77793774e-01]
[430.05805042 727.79789311],[8.40813770e+03 9.93196349e-01]
[429.91937516 728.42540131],[8.40732445e+03 9.77717099e-01]
[429.5493565  728.64544079],[8.34222615e+03 9.64621583e-01]
[429.75065567 730.02629784],[8.37032371e+03 9.39231178e-01]
[429.83746625 730.53215423],[8.37858416e+03 9.29834345e-01]
[429.21623433 731.68812328],[8.44749044e+03 9.46859048e-01]
[428.66141744 732.43572138],[8.59269194e+03 9.53749657e-01]
[428.45971894 733.68234354],[8.58654529e+03 9.63054641e-01]
[428.39363969 734.13057225],[8.58193332e+03 9.66635607e-01]
[428.70797496 735.26379451],[8.57611154e+03 9.54276306e-01]
[428.17639843 735.99593618],[8.63128981e+03 9.43056745e-01]
[427.65307015 737.2328679 ],[8.65448788e+03 9.52281495e-01]
[427.46422441 737.67460847],[8.66137544e+03 9.55853899e-01]
[427.40246574 738.80219911],[8.84283399e+03 9.37703662e-01]
[427.05878304 740.18487579],[8.78603388e+03 9.30552591e-01]
[426.9379488  740.68278253],[8.76244906e+03 9.27923051e-01]
[425.90930431 741.82741544],[8.87615116e+03 9.27547820e-01]
[425.53135507 742.23135676],[8.91799005e+03 9.27477392e-01]
[425.40040887 743.01072998],[9.05206571e+03 9.15257060e-01]
[425.03319169 744.26146121],[9.10720713e+03 9.23439366e-01]
[423.91813917 744.37864198],[9.25203993e+03 9.27149864e-01]
[423.1786961  745.37887643],[9.43248457e+03 9.29072703e-01]
[422.5841522  746.05912499],[9.62751854e+03 9.30290936e-01]
[421.39060867 747.60021703],[9.76634461e+03 9.37198471e-01]
[420.95209723 748.1584375 ],[9.81608672e+03 9.39850314e-01]
[420.80472111 750.63931979],[9.76824065e+03 9.46947380e-01]
[418.79693207 752.86836948],[9.87350003e+03 9.37452936e-01]
[418.05318207 753.67312495],[9.91036673e+03 9.33883616e-01]
[417.46611427 754.59365022],[9.98930660e+03 9.38918379e-01]
[416.61000823 755.23063024],[9.95254848e+03 9.46879495e-01]
[415.98019065 757.08023003],[1.00674659e+04 9.50224992e-01]
[415.43695211 758.72763843],[1.03715381e+04 9.39812011e-01]
[414.59844229 759.96765067],[1.03461345e+04 9.23579105e-01]
[413.31500415 763.34735775],[1.04772562e+04 9.41893587e-01]
[412.85459266 764.59027569],[1.05226512e+04 9.48907061e-01]
[412.37880228 765.00778752],[1.07385342e+04 9.45957354e-01]
[411.89535305 766.43155567],[1.08878966e+04 9.50971709e-01]
[410.75307996 767.91038287],[1.09377544e+04 9.40972548e-01]
[409.68502116 769.73729534],[1.09523885e+04 9.37146047e-01]
[408.97789796 771.36833739],[1.12263903e+04 9.24935179e-01]
[407.7511769  772.59494427],[1.14003588e+04 9.26363252e-01]
[406.98435498 774.64855863],[1.14569256e+04 9.15650520e-01]
[406.06509537 776.69087144],[1.16216334e+04 9.23382960e-01]
[405.41677089 778.07156641],[1.18909329e+04 9.21446164e-01]
[404.21603369 779.52577257],[1.19833621e+04 9.09808343e-01]
[402.80167792 781.33510863],[1.22407476e+04 9.22584198e-01]
[401.96761104 782.29816404],[1.24795276e+04 9.27862541e-01]
[400.37358888 784.2479387 ],[1.26367238e+04 9.24688630e-01]
[398.81414702 786.57494167],[1.25437984e+04 9.23054544e-01]
[397.27006388 788.39034515],[1.26497508e+04 9.22887355e-01]
[396.06552144 790.33429739],[1.28273895e+04 9.12619730e-01]
[394.66198614 792.9799654 ],[1.29685184e+04 9.14315577e-01]
[393.84085393 794.91195165],[1.31676414e+04 9.15477415e-01]
[392.25725988 797.22224828],[1.31665638e+04 9.20972525e-01]
[391.0384551  799.67839292],[1.33907081e+04 9.29007672e-01]
[389.96045922 801.85643983],[1.36186664e+04 9.21973735e-01]
[387.95249041 804.25453963],[1.38544848e+04 9.19765275e-01]
[385.26358177 807.39107374],[1.43257070e+04 9.14984802e-01]
[384.28352986 808.84585534],[1.44263858e+04 9.17963764e-01]
[382.65088722 811.28686221],[1.46216114e+04 9.29594104e-01]
[379.78845902 815.75126871],[1.50030596e+04 9.24740917e-01]
[377.10933527 819.0070377 ],[1.54722959e+04 9.33478877e-01]
[376.13727914 819.84227422],[1.57248566e+04 9.32053694e-01]
[374.84659831 822.03523446],[1.60684344e+04 9.46517890e-01]
[372.77833291 824.09923703],[1.62683618e+04 9.37616147e-01]
[370.40678587 826.76883052],[1.65943626e+04 9.49006239e-01]
[367.92745459 829.67145823],[1.67963449e+04 9.58238647e-01]
[364.1017048  834.95872763],[1.73779168e+04 9.62187496e-01]
[362.6959005  836.88491259],[1.75933659e+04 9.63636554e-01]
[358.31505208 842.10629163],[1.83671183e+04 9.64708241e-01]
[356.70265613 844.00849057],[1.86567549e+04 9.65069646e-01]
[354.53320188 846.26439907],[1.89349059e+04 9.65283495e-01]
[351.49368351 849.64248852],[1.94840541e+04 9.70202832e-01]
[348.45011019 853.12319445],[1.97745647e+04 9.67575896e-01]
[344.09808184 856.31555828],[2.04343159e+04 9.93801286e-01]
[340.5645762  859.72249917],[2.09554276e+04 1.00819032e+00]
[336.69163059 863.53654242],[2.13354590e+04 1.00452866e+00]
[333.01214037 867.82895994],[2.20438003e+04 1.00289009e+00]
[329.74283569 871.64685903],[2.24012323e+04 9.97825387e-01]
[325.32865659 875.60800637],[2.29156666e+04 9.95806818e-01]
[317.87491479 882.88061398],[2.38977500e+04 9.95033074e-01]
[315.118016   885.55545963],[2.42639240e+04 9.94694197e-01]
[311.25300439 888.72842771],[2.47948998e+04 1.00280748e+00]
[305.65926823 892.42580703],[2.54987276e+04 1.00987683e+00]
[300.3786812  896.32536011],[2.65974195e+04 9.96216164e-01]
[294.5731514  899.65166588],[2.78647912e+04 9.91303926e-01]
[288.90124829 906.9609341 ],[2.76895342e+04 1.02052457e+00]
[282.6297784  912.93726154],[2.85694199e+04 1.03560917e+00]
[282.6297784  912.93726154],[2.85694199e+04 1.03560917e+00]
[271.93934812 922.9103874 ],[2.95507029e+04 1.04861414e+00]
[268.27153667 926.57399105],[2.98017378e+04 1.04968202e+00]
[262.16491837 930.7439203 ],[3.0538797e+04 1.0650585e+00]
[250.25912682 940.02320349],[3.19638951e+04 1.06152884e+00]
[245.8267599  943.40823413],[3.24960445e+04 1.06018447e+00]
[233.92503647 952.67286285],[3.37305214e+04 1.06981035e+00]
[229.53142066 956.05169298],[3.41851501e+04 1.07336966e+00]
[222.5382504  961.06795555],[3.54221841e+04 1.07703440e+00]
[214.21377841 967.6971677 ],[3.62413602e+04 1.08158124e+00]
[205.3710026  974.94957809],[3.74003718e+04 1.08578193e+00]
[195.69422637 981.77886195],[3.87063982e+04 1.08977222e+00]
[185.70350175 989.09060801],[3.95654235e+04 1.09428239e+00]
[175.91818476 996.58770719],[4.06488570e+04 1.09488823e+00]
[ 165.25450155 1003.49365904],[4.16784394e+04 1.10471720e+00]
[ 153.61643385 1011.80007882],[4.28626442e+04 1.10031793e+00]
[ 142.57693682 1019.98086379],[4.39600762e+04 1.10115395e+00]
[ 130.81282814 1028.76292542],[4.57174282e+04 1.10644507e+00]
[ 118.79038753 1036.78878853],[4.70452490e+04 1.11749002e+00]
[ 111.37748223 1046.47503432],[4.65758806e+04 1.06535343e+00]
[ 101.91559838 1060.67607249],[4.27773837e+04 9.71241185e-01]
[  98.50362009 1065.89154076],[4.13859380e+04 9.37802901e-01]
[  93.71967144 1073.48517104],[3.98657261e+04 8.81296059e-01]
[  83.66707256 1089.49689258],[3.65088401e+04 7.66957155e-01]
[  80.27794573 1095.38049694],[3.53565580e+04 7.29092303e-01]
[  74.08549601 1105.14701733],[3.31180245e+04 6.62921271e-01]
[  62.64641187 1119.02046029],[2.76640419e+04 5.67461969e-01]
[  59.1190401  1124.02683201],[2.59687776e+04 5.38348158e-01]
[  52.77966722 1118.69544766],[2.02839646e+04 5.49339012e-01]
[  39.97585156 1123.49020894],[1.34891216e+04 4.73883697e-01]
[  30.16447518 1131.1390988 ],[9.34875808e+03 3.89311844e-01]
[  28.37280538 1133.39897615],[8.54400593e+03 3.76879928e-01]
[  22.063543   1143.70695123],[6.46375073e+03 3.01249197e-01]
[  13.0378677  1156.41961801],[3.62533553e+03 1.87553392e-01]
[  13.0378677  1156.41961801],[3.62533553e+03 1.87553392e-01]
[171.  686.5],[4.38600000e+03 1.68627451e+00]
[173.4 686.5],[4.54920000e+03 1.74901961e+00]
[187.18640267 685.34383954],[3.47807213e+03 1.37855979e+00]
[195.23187025 683.78191262],[3.79646858e+03 1.47366201e+00]
[197.58968787 683.33343391],[3.82050051e+03 1.47250828e+00]
[201.17876494 683.59602742],[3.93091767e+03 1.46956640e+00]
[203.55694562 683.36926684],[4.06460948e+03 1.54540097e+00]
[203.55694562 683.36926684],[4.06460948e+03 1.54540097e+00]
[208.32803661 682.96917943],[4.45003580e+03 1.65782831e+00]
[209.96916274 682.84405372],[4.59201442e+03 1.69861705e+00]
[215.98385137 683.83088549],[4.86029539e+03 1.66182490e+00]
[218.45610115 684.20448504],[4.99451958e+03 1.66064586e+00]
[221.53105413 683.36588098],[5.13877859e+03 1.65194366e+00]
[225.82833505 683.70968525],[5.18977342e+03 1.64842755e+00]
[230.27148591 683.52083565],[5.17993508e+03 1.67815420e+00]
[230.27148591 683.52083565],[5.17993508e+03 1.67815420e+00]
[237.38697576 683.12432341],[5.26994148e+03 1.68130266e+00]
[239.95892569 683.30982282],[5.23852318e+03 1.70220680e+00]
[243.06878913 683.05749646],[5.24834186e+03 1.67809562e+00]
[247.3787399  682.96754517],[5.32218579e+03 1.69210250e+00]
[251.82065061 682.93924805],[5.23717054e+03 1.66223054e+00]
[251.82065061 682.93924805],[5.23717054e+03 1.66223054e+00]
[258.96289447 682.60453123],[5.29968118e+03 1.64286693e+00]
[261.49756135 682.48271908],[5.32122255e+03 1.63557769e+00]
[264.26660981 682.11361602],[5.26583212e+03 1.65181241e+00]
[268.78098251 681.97929191],[5.40371877e+03 1.63151804e+00]
[272.31387924 681.60666458],[5.39262756e+03 1.64264795e+00]
[276.4605284  681.80040699],[5.28674632e+03 1.65456666e+00]
[279.85246423 681.55059571],[5.30669427e+03 1.63983915e+00]
[283.62070097 681.46221705],[5.38832084e+03 1.65747967e+00]
[283.62070097 681.46221705],[5.38832084e+03 1.65747967e+00]
[289.50440101 681.43485939],[5.46650642e+03 1.60401304e+00]
[291.57981466 681.42908008],[5.49358156e+03 1.58431925e+00]
[294.18858154 680.77712736],[5.62457958e+03 1.54282829e+00]
[299.65055135 681.50989246],[5.49116277e+03 1.57834214e+00]
[304.86915875 682.13563365],[5.37528847e+03 1.61144013e+00]
[306.68485833 682.37396568],[5.33065011e+03 1.62443968e+00]
[309.19651584 681.79961428],[5.43699477e+03 1.59236318e+00]
[311.97994744 681.58575399],[5.47623900e+03 1.58073391e+00]
[314.87141443 681.50606907],[5.49049264e+03 1.57645695e+00]
[317.47706836 681.14920135],[5.51688931e+03 1.54656194e+00]
[320.96945539 681.01679071],[5.52591556e+03 1.53558006e+00]
[323.80683123 680.97015414],[5.60889775e+03 1.48812269e+00]
[326.72815424 680.95563264],[5.52039862e+03 1.50264541e+00]
[329.68504148 680.62473646],[5.58266485e+03 1.43968517e+00]
[332.65507867 680.50351679],[5.60423355e+03 1.41721688e+00]
[335.30111988 680.78803345],[5.59557870e+03 1.43470698e+00]
[337.49885918 681.23114544],[5.64995737e+03 1.42690019e+00]
[341.5143962  681.40056249],[5.58652963e+03 1.40338148e+00]
[342.89750127 681.46582829],[5.56186456e+03 1.39492986e+00]
[346.2874492  680.83309305],[5.71081295e+03 1.37413705e+00]
[347.44828879 680.92082205],[5.70910639e+03 1.38071279e+00]
[350.08630899 680.95724566],[5.66482705e+03 1.37343189e+00]
[351.96228618 681.30176271],[5.74839150e+03 1.36739343e+00]
[354.21962383 681.43299832],[5.62089758e+03 1.38316492e+00]
[356.28898968 681.15204937],[5.62977719e+03 1.37544295e+00]
[358.29134046 681.70575366],[5.63296749e+03 1.37280525e+00]
[361.26412774 681.58604923],[5.64909430e+03 1.34786875e+00]
[362.61374034 682.52470425],[5.75562512e+03 1.33555660e+00]
[364.35223899 682.55233277],[5.65192576e+03 1.32431608e+00]
[366.90005139 682.55754108],[5.52534268e+03 1.30002502e+00]
[368.4214746  682.88492282],[5.50883859e+03 1.32522362e+00]
[371.55958943 683.33572251],[5.47281011e+03 1.30109391e+00]
[372.64463714 683.49988553],[5.45946015e+03 1.29235850e+00]
[373.95832265 683.88551712],[5.55409109e+03 1.28660731e+00]
[375.36430589 684.68238007],[5.65710462e+03 1.24978433e+00]
[376.80341172 685.30433162],[5.68587649e+03 1.25848028e+00]
[378.26225093 685.53335086],[5.45384596e+03 1.25724063e+00]
[380.05842076 684.94429595],[5.67512786e+03 1.22780612e+00]
[380.99320446 686.02533485],[5.71245217e+03 1.20799561e+00]
[381.93183597 686.10760147],[5.67230359e+03 1.21240328e+00]
[383.54264212 685.79804128],[5.71092935e+03 1.20297199e+00]
[384.08280282 686.32876826],[5.72532009e+03 1.19977633e+00]
[385.54708747 686.52303526],[5.73039325e+03 1.19891096e+00]
[387.6936277 687.2457021],[5.68611971e+03 1.18932777e+00]
[388.43912274 687.83997941],[5.72309738e+03 1.17482708e+00]
[389.32155103 688.38277404],[5.79071487e+03 1.15884943e+00]
[389.92704821 688.25042826],[5.80917220e+03 1.17333951e+00]
[391.4244011  688.84400115],[5.72228136e+03 1.16040600e+00]
[392.5976221  689.38703252],[5.74237521e+03 1.14498206e+00]
[392.98481827 689.58068124],[5.74987250e+03 1.13951327e+00]
[393.07997791 689.64111678],[5.75256335e+03 1.13775627e+00]
[394.3948888  690.63909269],[5.71150972e+03 1.10848790e+00]
[395.50883484 690.34919191],[5.69560625e+03 1.09785490e+00]
[396.21354851 690.22448315],[5.64184962e+03 1.08500904e+00]
[396.76476787 691.15278725],[5.61832208e+03 1.09985612e+00]
[397.26427263 692.81680791],[5.76137233e+03 1.09486653e+00]
[397.74601742 693.75679758],[5.71567679e+03 1.09406406e+00]
[398.88286187 693.76660485],[5.59855921e+03 1.09487450e+00]
[399.27317736 694.41112727],[5.55463830e+03 1.09547111e+00]
[399.71654653 693.97364048],[5.49147928e+03 1.08656597e+00]
[400.18040298 694.78347079],[5.66980946e+03 1.06308899e+00]
[400.9872882  695.40215899],[5.68654021e+03 1.06423718e+00]
[401.59197968 695.95072359],[5.59352903e+03 1.06548173e+00]
[402.11976855 696.14050246],[5.70900405e+03 1.05609970e+00]
[402.95178621 697.50993767],[5.85477325e+03 1.03446321e+00]
[403.23733363 697.68924829],[5.96089663e+03 1.01793842e+00]
[403.31668041 698.06490086],[5.95006660e+03 1.02063347e+00]
[403.65100903 698.51709054],[5.94488735e+03 1.00468351e+00]
[403.75162692 699.65465415],[5.89151635e+03 1.00751027e+00]
[404.43018136 701.05749629],[5.71947366e+03 1.00019013e+00]
[404.99561371 701.5668112 ],[5.70489036e+03 1.00655190e+00]
[405.51793503 701.40431997],[5.69874711e+03 1.02703853e+00]
[405.36398742 702.31260022],[5.89915371e+03 1.01668818e+00]
[405.28647388 702.6353994 ],[5.97504007e+03 1.01311302e+00]
[405.23875753 702.73607844],[6.10581168e+03 9.94912605e-01]
[405.86459151 702.75645458],[6.15468858e+03 9.88304328e-01]
[406.08728585 702.74465837],[6.06987783e+03 1.00257485e+00]
[406.15670306 703.38090016],[6.24271824e+03 1.00822365e+00]
[406.17119136 703.93463464],[6.35970962e+03 1.00209633e+00]
[406.82050271 705.11238922],[6.35060350e+03 1.00813038e+00]
[407.05565351 705.87439299],[6.29235234e+03 1.01902712e+00]
[407.46121817 706.47290442],[6.16452672e+03 1.02352189e+00]
[408.26279492 707.00817548],[6.16786416e+03 1.01650318e+00]
[408.2209283 707.1895297],[6.32536334e+03 1.00533480e+00]
[408.19208936 708.2240677 ],[6.43691237e+03 9.93097997e-01]
[408.16821351 708.60008782],[6.47843550e+03 9.88576992e-01]
[408.14783287 708.06562638],[6.49281907e+03 9.86964129e-01]
[408.78999408 708.498992  ],[6.49681787e+03 9.86461630e-01]
[409.02353185 709.30528321],[6.49697756e+03 9.86374302e-01]
[408.77112    709.92379484],[6.60253329e+03 9.86564253e-01]
[409.32485923 710.79789494],[6.64150648e+03 9.86702573e-01]
[409.52666054 710.78296886],[6.60159784e+03 9.94793503e-01]
[409.59349705 711.08606813],[6.63842372e+03 9.89927846e-01]
[409.93926033 711.51314864],[6.65151346e+03 1.00422912e+00]
[409.7328605 711.9873931],[6.76296748e+03 1.00962303e+00]
[409.97437726 712.47943717],[6.80466263e+03 9.95653358e-01]
[410.05865845 712.97808859],[6.76470635e+03 9.98280259e-01]
[410.08313727 713.80935718],[6.74802775e+03 9.99329953e-01]
[409.75558959 714.43566908],[6.84944399e+03 9.99733986e-01]
[409.29763968 714.32502819],[6.99486518e+03 9.68914447e-01]
[409.44911181 714.26831916],[6.99116763e+03 9.49965958e-01]
[409.83556687 715.53772187],[6.83095475e+03 9.80477330e-01]
[409.64767143 716.00770163],[6.82090779e+03 1.00091448e+00]
[409.90251608 716.49706134],[6.70777457e+03 1.00885829e+00]
[409.99669305 716.66139237],[6.66491204e+03 9.79481369e-01]
[408.03272986 717.03732513],[6.36688993e+03 9.13111867e-01]
[403.55688755 717.82105977],[5.74037183e+03 8.15793930e-01]
[409.93388422 714.0558354 ],[5.37829959e+03 1.31065898e+00]
[410.40461691 714.34744372],[5.39870165e+03 1.29325419e+00]
[411.55539517 720.31702852],[6.41125958e+03 1.13566789e+00]
[411.98422765 722.39563099],[6.77577899e+03 1.09124070e+00]
[411.80638544 723.18881864],[6.97514566e+03 1.04957884e+00]
[411.06299811 724.42701533],[7.20909981e+03 1.04243094e+00]
[411.42689609 726.49430251],[7.46174026e+03 9.86289024e-01]
[411.22669241 727.57882847],[7.55295715e+03 9.80921116e-01]
[411.47238122 727.95250196],[7.74969843e+03 9.72785755e-01]
[411.55860903 728.70314171],[7.81853810e+03 9.70220794e-01]
[411.58385981 729.27603094],[7.89370041e+03 9.62867454e-01]
[411.58640436 729.45788632],[7.91559034e+03 9.60557650e-01]
[411.25169444 729.4883401 ],[7.85723387e+03 9.52933902e-01]
[411.11870364 729.79095092],[7.77237561e+03 9.57393734e-01]
[411.39554427 729.8725233 ],[7.79383058e+03 9.67003146e-01]
[411.49700059 729.8739183 ],[7.79733580e+03 9.71040673e-01]
[411.53180037 730.17641244],[7.85186821e+03 9.65788999e-01]
[411.87109895 730.9248248 ],[7.69602638e+03 9.70856756e-01]
[411.99592865 731.84586776],[7.74700089e+03 9.58860094e-01]
[412.0384714  731.51434069],[7.76387936e+03 9.54585079e-01]
[412.38073316 731.36290504],[7.70822718e+03 9.45878732e-01]
[411.51054269 731.61361811],[7.80137721e+03 9.43286050e-01]
[411.18100133 731.69196047],[7.83498576e+03 9.42506519e-01]
[411.05582405 731.70472724],[7.84581335e+03 9.42422041e-01]
[411.00924807 732.02331967],[7.91115189e+03 9.64018967e-01]
[411.32102473 732.45994674],[8.04660658e+03 9.44436207e-01]
[411.4413441  732.61291708],[8.09542885e+03 9.37307714e-01]
[411.48650481 733.31327204],[7.99764656e+03 9.48103385e-01]
[411.8328733  734.22720948],[7.89754224e+03 9.45269821e-01]
[411.96287598 734.88702093],[7.80154768e+03 9.51158192e-01]
[412.0095054  735.11836568],[7.76456027e+03 9.53514914e-01]
[412.0245964  735.18799172],[7.75029697e+03 9.54461742e-01]
[412.02790986 735.19782175],[7.74472137e+03 9.54862333e-01]
[411.69635184 735.84811064],[7.80202731e+03 9.62393300e-01]
[411.57007465 736.41017727],[7.88089821e+03 9.58212738e-01]
[411.5219256  736.60781127],[7.91034960e+03 9.56659768e-01]
[411.50394761 737.32674799],[7.92087264e+03 9.56087319e-01]
[411.49755002 737.58392723],[7.92416965e+03 9.55889834e-01]
[411.82566595 737.9952873 ],[7.92699828e+03 9.70117895e-01]
[411.62029526 738.46571069],[8.04514842e+03 9.75695530e-01]
[411.87014619 739.28788114],[8.14613567e+03 9.56666836e-01]
[411.96533173 739.91193617],[8.12486276e+03 9.56338030e-01]
[411.34014473 740.79078614],[8.11544421e+03 9.56253207e-01]
[411.10321744 741.10505743],[8.11083871e+03 9.56244581e-01]
[411.01525834 741.53431598],[8.16630355e+03 9.49458034e-01]
[410.98427517 742.33687363],[8.07054075e+03 9.60537861e-01]
[410.9748953  742.62132069],[8.03306322e+03 9.64882798e-01]
[410.97353495 742.7087394 ],[8.01860071e+03 9.66513577e-01]
[410.97499744 742.39239556],[7.9546912e+03 9.7418562e-01]
[410.97731252 742.9186364 ],[7.93048030e+03 9.77078966e-01]
[410.64943356 744.42767861],[7.97792000e+03 9.56675431e-01]
[410.85847415 745.63726436],[8.05592370e+03 9.56333184e-01]
[410.60884108 745.74717934],[8.08771321e+03 9.70341226e-01]
[410.51616283 747.08788048],[8.21660995e+03 9.61736195e-01]
[410.4833638  747.90125756],[8.32324421e+03 9.51814243e-01]
[410.14369548 747.53117011],[8.06885480e+03 9.68155112e-01]
[410.01760633 748.02241414],[8.09035254e+03 9.89393447e-01]
[409.97334624 749.84610661],[8.39643380e+03 9.61942513e-01]
[409.63106972 750.18069161],[8.39459110e+03 9.79478296e-01]
[409.50478584 751.26908709],[8.57157468e+03 9.65573370e-01]
[409.79012639 752.64044215],[8.51529280e+03 9.60154522e-01]
[409.90326182 753.13694403],[8.49189083e+03 9.58106078e-01]
[409.94858291 753.62588679],[8.42227174e+03 9.64114993e-01]
[409.30726583 755.43489458],[8.69913362e+03 9.60189720e-01]
[408.4114479  757.40082743],[8.80321281e+03 9.58786835e-01]
[408.07438865 758.11991976],[8.84116875e+03 9.58271703e-01]
[407.95382067 759.01503637],[8.98007526e+03 9.71796598e-01]
[407.91509809 761.29479802],[9.15427637e+03 9.63729327e-01]
[408.23617426 764.09015153],[9.53091524e+03 9.42211146e-01]
[408.03668804 765.11900442],[9.73927184e+03 9.40823506e-01]
[407.63793618 766.44636782],[9.81952890e+03 9.52823822e-01]
[407.1636598  768.21899478],[9.90537823e+03 9.38931325e-01]
[406.33114235 769.17704401],[1.00051591e+04 9.52504858e-01]
[405.36873544 769.82096851],[9.97390279e+03 9.63955789e-01]
[404.68311162 771.00505319],[1.00892137e+04 9.68563263e-01]
[403.77924236 772.39656057],[1.01948071e+04 9.64081878e-01]
[403.44864101 773.20974886],[1.02964075e+04 9.56267920e-01]
[402.68170427 774.78692062],[1.06000334e+04 9.53917226e-01]
[402.0782244  777.30762114],[1.07746215e+04 9.35326442e-01]
[400.55041093 780.18529705],[1.11110121e+04 9.29329341e-01]
[399.00659901 781.56767404],[1.10979126e+04 9.26635337e-01]
[397.78158013 783.67654033],[1.12977894e+04 9.32151751e-01]
[397.34145144 784.42681609],[1.13691267e+04 9.34300540e-01]
[396.87349597 786.94969557],[1.16676422e+04 9.24648185e-01]
[396.06528558 788.18571222],[1.17189840e+04 9.49120525e-01]
[395.12764565 790.23833381],[1.20794188e+04 9.31083858e-01]
[393.81241289 792.59526995],[1.22166233e+04 9.35511483e-01]
[392.6825503  795.40429857],[1.22626158e+04 9.37262372e-01]
[390.31298323 799.69350967],[1.27089372e+04 9.28132837e-01]
[388.4609902  802.56385987],[1.31061402e+04 9.41419768e-01]
[387.46115789 803.59094933],[1.31753618e+04 9.40990800e-01]
[386.13699213 805.21291651],[1.34178308e+04 9.35980806e-01]
[384.36150097 806.74180374],[1.34383489e+04 9.60636146e-01]
[381.43805337 811.52684378],[1.43619746e+04 9.60415830e-01]
[380.35728637 813.26790225],[1.47129613e+04 9.60498192e-01]
[378.68927186 815.15803946],[1.48439137e+04 9.81237610e-01]
[376.14374988 819.40614185],[1.54446781e+04 9.73844023e-01]
[373.58719057 821.27194947],[1.56690416e+04 9.81258852e-01]
[371.67857275 823.20492714],[1.58263989e+04 9.89210197e-01]
[369.04734655 826.47834929],[1.62069114e+04 9.92203766e-01]
[366.46706644 830.25983708],[1.65943991e+04 9.88264290e-01]
[363.58212278 833.57902345],[1.69028285e+04 9.96700338e-01]
[358.63331755 839.00992502],[1.76109577e+04 1.00470272e+00]
[356.79645177 840.99129138],[1.78749646e+04 1.00767148e+00]
[354.21748216 842.62267241],[1.78706000e+04 1.03364977e+00]
[350.70061531 845.76442319],[1.82056950e+04 1.04321435e+00]
[346.50008901 849.48450474],[1.89505247e+04 1.04079073e+00]
[342.69295479 853.74290115],[1.95857233e+04 1.04910165e+00]
[338.71817569 857.88558022],[2.03781220e+04 1.04176286e+00]
[335.00458243 862.94669172],[2.10507423e+04 1.02930840e+00]
[331.07090068 867.06149569],[2.15803599e+04 1.02889779e+00]
[326.7328224  871.13181756],[2.20525521e+04 1.04207314e+00]
[322.56923519 875.83475   ],[2.30086099e+04 1.02836879e+00]
[318.15040649 880.44054562],[2.35611784e+04 1.02318168e+00]
[312.65917125 885.01607907],[2.38526753e+04 1.03408080e+00]
[307.41288165 890.55708052],[2.47575367e+04 1.03759798e+00]
[301.94817769 894.17572902],[2.61363140e+04 1.02151468e+00]
[296.40090182 897.38648837],[2.69740222e+04 1.01153245e+00]
[286.60009167 907.86865948],[2.78095092e+04 1.03546072e+00]
[282.96278352 911.14709304],[2.81066006e+04 1.04475045e+00]
[277.82984984 916.48346632],[2.85205484e+04 1.05203196e+00]
[272.43707638 920.9811966 ],[2.92068275e+04 1.05821201e+00]
[265.32493022 926.78653937],[2.99987486e+04 1.07189736e+00]
[258.52933174 932.76760899],[3.06271802e+04 1.07259303e+00]
[251.20583383 939.46175712],[3.18957662e+04 1.05977688e+00]
[243.69200597 944.46659508],[3.26888380e+04 1.08150127e+00]
[236.11749126 951.75654504],[3.41793961e+04 1.07286480e+00]
[228.19590513 957.95196527],[3.50732865e+04 1.08793443e+00]
[219.82654901 963.08323796],[3.58914074e+04 1.08551717e+00]
[211.93100518 970.72717332],[3.67931923e+04 1.08741274e+00]
[202.61128876 977.70997586],[3.82311247e+04 1.09753960e+00]
[193.40669824 984.4289481 ],[3.91384373e+04 1.10439112e+00]
[184.24098151 992.34760494],[4.06352136e+04 1.10166147e+00]
[ 174.78211808 1000.06223266],[4.19791685e+04 1.09955104e+00]
[ 164.24275141 1007.69803033],[4.28629573e+04 1.10163172e+00]
[ 153.93857696 1015.62600265],[4.36806642e+04 1.11548636e+00]
[ 143.41868112 1023.66238149],[4.54821017e+04 1.11510264e+00]
[ 132.17879881 1031.72226157],[4.68395238e+04 1.11734379e+00]
[ 121.63336713 1040.44532504],[4.78610157e+04 1.13072712e+00]
[ 114.18899544 1049.75010064],[4.80954483e+04 1.08443748e+00]
[ 108.8794037 1058.9260418],[4.62479262e+04 1.02531945e+00]
[ 103.69526251 1067.41320527],[4.44395053e+04 9.67851231e-01]
[  94.20738084 1084.41749633],[4.13538111e+04 8.58448628e-01]
[  90.91848054 1090.68713715],[4.02585787e+04 8.21307693e-01]
[  85.47326266 1099.29924563],[3.84019391e+04 7.60969764e-01]
[  80.28096491 1109.1507732 ],[3.65680767e+04 7.04990134e-01]
[  74.8416672  1118.17885931],[3.45475730e+04 6.48528931e-01]
[  68.61264985 1126.55952182],[3.19990092e+04 5.88480185e-01]
[  61.74778011 1131.10915782],[2.72108478e+04 5.60480639e-01]
[  55.76028911 1130.03902015],[2.21286278e+04 5.62024879e-01]
[  48.99123158 1132.21999162],[1.81573265e+04 5.28743209e-01]
[  41.95882354 1135.11702494],[1.43020175e+04 4.92390077e-01]
[  34.47165717 1140.69097355],[1.09138496e+04 4.35518240e-01]
[  26.85207468 1150.77474696],[8.21324677e+03 3.51156581e-01]
[  11.73745466 1176.30431244],[2.92964042e+03 1.88102049e-01]
[  11.73745466 1176.30431244],[2.92964042e+03 1.88102049e-01]
[187.  688.5],[2.2560000e+03 1.0212766e+00]
[189.8 689.3],[2.28816000e+03 1.11013216e+00]
[196.02068966 688.67652429],[2.83227421e+03 1.30163364e+00]
[198.25147724 688.47273398],[3.03111575e+03 1.36898788e+00]
[199.91467512 688.05430084],[3.36751937e+03 1.46823329e+00]
[204.42433023 687.9279426 ],[3.86751659e+03 1.66857516e+00]
[204.42433023 687.9279426 ],[3.86751659e+03 1.66857516e+00]
[206.12706719 687.89905558],[4.05499756e+03 1.74526944e+00]
[209.22965644 687.90109616],[4.29964962e+03 1.85088100e+00]
[212.28388271 687.9115539 ],[4.44826606e+03 1.91651928e+00]
[216.90300566 687.58532377],[4.65249037e+03 1.95129779e+00]
[223.1004285  686.80262294],[4.7233990e+03 1.9625171e+00]
[229.31122931 686.51532924],[4.67708867e+03 1.93760461e+00]
[229.31122931 686.51532924],[4.67708867e+03 1.93760461e+00]
[238.10343624 686.41773424],[4.77266848e+03 1.87340775e+00]
[244.31596375 686.71725078],[4.7695063e+03 1.8843807e+00]
[246.58072905 686.84386809],[4.76001263e+03 1.88684978e+00]
[255.74504589 686.89861707],[4.81396252e+03 1.91168178e+00]
[255.74504589 686.89861707],[4.81396252e+03 1.91168178e+00]
[258.81967883 686.92471908],[4.79619310e+03 1.90681625e+00]
[263.08578473 686.60889657],[4.97158956e+03 1.83063314e+00]
[271.42055734 686.49342196],[4.99671986e+03 1.78964087e+00]
[271.42055734 686.49342196],[4.99671986e+03 1.78964087e+00]
[274.44449262 686.45382129],[5.00004911e+03 1.77303381e+00]
[279.02666387 686.11621246],[5.02212832e+03 1.73235501e+00]
[286.18986853 686.64438167],[4.93889669e+03 1.77135758e+00]
[286.18986853 686.64438167],[4.93889669e+03 1.77135758e+00]
[288.73304699 686.85522753],[4.90197487e+03 1.78669816e+00]
[293.12983436 686.93688874],[4.85033797e+03 1.77943637e+00]
[298.24471957 687.29928671],[4.85403250e+03 1.74136587e+00]
[298.24471957 687.29928671],[4.85403250e+03 1.74136587e+00]
[303.96576928 687.43628378],[4.73227921e+03 1.77067112e+00]
[308.9181272  687.48810316],[4.83990977e+03 1.74976023e+00]
[313.24822307 687.83496211],[4.81830753e+03 1.76388019e+00]
[317.67181318 687.63578694],[4.83434264e+03 1.73454469e+00]
[317.67181318 687.63578694],[4.83434264e+03 1.73454469e+00]
[322.46315443 687.23010259],[4.82767469e+03 1.67759681e+00]
[326.39837961 687.07529254],[4.85907901e+03 1.66874740e+00]
[326.39837961 687.07529254],[4.85907901e+03 1.66874740e+00]
[331.01202036 687.3447496 ],[4.81082726e+03 1.68604536e+00]
[334.88781085 687.11847886],[4.88629498e+03 1.68450477e+00]
[338.81874997 687.6909157 ],[4.77151287e+03 1.63519075e+00]
[342.09730831 687.25113987],[4.72631493e+03 1.61650076e+00]
[342.09730831 687.25113987],[4.72631493e+03 1.61650076e+00]
[348.81207059 687.0827951 ],[4.78697458e+03 1.55957069e+00]
[348.81207059 687.0827951 ],[4.78697458e+03 1.55957069e+00]
[348.81207059 687.0827951 ],[4.78697458e+03 1.55957069e+00]
[351.4753048  687.01977986],[4.84654759e+03 1.55114766e+00]
[353.96377715 686.99655184],[5.02057227e+03 1.52461302e+00]
[356.72326003 686.98861682],[5.12245945e+03 1.45964640e+00]
[359.91264311 686.98647   ],[5.23063111e+03 1.39504096e+00]
[359.91264311 686.98647   ],[5.23063111e+03 1.39504096e+00]
[362.94318003 687.95343081],[5.21639680e+03 1.38633687e+00]
[362.94318003 687.95343081],[5.21639680e+03 1.38633687e+00]
[366.25364316 688.98493353],[5.25008607e+03 1.39479243e+00]
[368.67939498 689.7047493 ],[5.23514755e+03 1.36257747e+00]
[372.42797248 690.9510178 ],[5.24113037e+03 1.32650654e+00]
[372.42797248 690.9510178 ],[5.24113037e+03 1.32650654e+00]
[375.68285804 691.42067553],[5.32701105e+03 1.33488141e+00]
[376.77404449 691.5893178 ],[5.35802378e+03 1.33854821e+00]
[376.77404449 691.5893178 ],[5.35802378e+03 1.33854821e+00]
[378.7012031  692.29581556],[5.21645253e+03 1.35818897e+00]
[382.94262846 693.87492201],[5.03874667e+03 1.33427449e+00]
[382.94262846 693.87492201],[5.03874667e+03 1.33427449e+00]
[384.39523884 694.45370543],[4.97206153e+03 1.32558027e+00]
[386.4829929  695.31401865],[5.09623004e+03 1.30557774e+00]
[388.81200731 695.62157449],[5.01804668e+03 1.26700811e+00]
[388.81200731 695.62157449],[5.01804668e+03 1.26700811e+00]
[390.55647481 696.37444928],[5.11520683e+03 1.28493312e+00]
[390.55647481 696.37444928],[5.11520683e+03 1.28493312e+00]
[392.43984073 697.29896955],[5.06737947e+03 1.27096640e+00]
[392.43984073 697.29896955],[5.06737947e+03 1.27096640e+00]
[394.36220082 698.28767338],[4.96510689e+03 1.24506868e+00]
[395.30116853 698.96981967],[5.02113208e+03 1.23359435e+00]
[396.89305   699.8624892],[5.14599803e+03 1.20505251e+00]
[396.89305   699.8624892],[5.14599803e+03 1.20505251e+00]
[396.89305   699.8624892],[5.14599803e+03 1.20505251e+00]
[396.89305   699.8624892],[5.14599803e+03 1.20505251e+00]
[398.39468776 701.48502367],[5.23748982e+03 1.20508907e+00]
[398.39468776 701.48502367],[5.23748982e+03 1.20508907e+00]
[400.52952308 703.71932575],[5.38331251e+03 1.16105429e+00]
[402.57249819 705.51819506],[5.29631906e+03 1.13687965e+00]
[402.57249819 705.51819506],[5.29631906e+03 1.13687965e+00]
[402.57249819 705.51819506],[5.29631906e+03 1.13687965e+00]
[402.57249819 705.51819506],[5.29631906e+03 1.13687965e+00]
[402.91134213 706.18017401],[5.30802099e+03 1.13819282e+00]
[403.629435   707.70581225],[5.31160938e+03 1.13923089e+00]
[404.81959341 708.2511275 ],[5.27605282e+03 1.09004267e+00]
[404.81959341 708.2511275 ],[5.27605282e+03 1.09004267e+00]
[404.81959341 708.2511275 ],[5.27605282e+03 1.09004267e+00]
[406.52230478 710.70836009],[5.40496636e+03 1.08141511e+00]
[406.52230478 710.70836009],[5.40496636e+03 1.08141511e+00]
[407.09471761 711.61698359],[5.45352928e+03 1.07851966e+00]
[407.09471761 711.61698359],[5.45352928e+03 1.07851966e+00]
[407.57478036 712.5768949 ],[5.52358471e+03 1.04938342e+00]
[407.57478036 712.5768949 ],[5.52358471e+03 1.04938342e+00]
[407.57478036 712.5768949 ],[5.52358471e+03 1.04938342e+00]
[407.68918845 714.2087513 ],[5.74713226e+03 1.03875975e+00]
[408.01623858 715.44849281],[5.88151710e+03 1.04384039e+00]
[408.42168132 716.86133927],[6.03241508e+03 1.04583844e+00]
[409.51661957 718.339839  ],[5.98890725e+03 1.01245879e+00]
[410.87900303 719.84263083],[6.17234517e+03 9.83898354e-01]
[410.87900303 719.84263083],[6.17234517e+03 9.83898354e-01]
[410.87900303 719.84263083],[6.17234517e+03 9.83898354e-01]
[410.87900303 719.84263083],[6.17234517e+03 9.83898354e-01]
[411.67906744 721.99840442],[6.23792179e+03 9.57729669e-01]
[411.67906744 721.99840442],[6.23792179e+03 9.57729669e-01]
[411.67906744 721.99840442],[6.23792179e+03 9.57729669e-01]
[411.6030576  723.76282291],[6.47385896e+03 9.65139285e-01]
[412.52839048 726.66807777],[6.24827988e+03 9.67029464e-01]
[412.52839048 726.66807777],[6.24827988e+03 9.67029464e-01]
[412.83695288 727.73594802],[6.36701642e+03 9.69074200e-01]
[412.83695288 727.73594802],[6.36701642e+03 9.69074200e-01]
[412.83695288 727.73594802],[6.36701642e+03 9.69074200e-01]
[412.83695288 727.73594802],[6.36701642e+03 9.69074200e-01]
[412.92233999 729.72639692],[6.25539611e+03 9.94061545e-01]
[413.25013397 731.74706592],[6.26077117e+03 9.79544615e-01]
[413.25013397 731.74706592],[6.26077117e+03 9.79544615e-01]
[413.3412251  735.73826258],[6.57563505e+03 9.59384146e-01]
[413.68066182 738.17548803],[6.80190867e+03 9.52711176e-01]
[413.78530637 738.72718247],[6.93976471e+03 9.43166813e-01]
[413.78530637 738.72718247],[6.93976471e+03 9.43166813e-01]
[413.78530637 738.72718247],[6.93976471e+03 9.43166813e-01]
[413.78530637 738.72718247],[6.93976471e+03 9.43166813e-01]
[413.80028024 740.82175435],[6.98981121e+03 9.39783380e-01]
[413.80028024 740.82175435],[6.98981121e+03 9.39783380e-01]
[412.79691051 744.49871622],[7.33857937e+03 9.40292524e-01]
[412.40456445 745.84613563],[7.47005855e+03 9.40570617e-01]
[412.89340798 747.26813998],[7.34562180e+03 9.33034083e-01]
[412.40870293 749.37600024],[7.46466370e+03 9.38279902e-01]
[412.21798141 751.74834568],[7.56782609e+03 9.62123924e-01]
[412.13848359 754.88091515],[7.65908287e+03 9.64311527e-01]
[411.77364944 757.63893458],[7.68804524e+03 9.50882284e-01]
[411.95676625 760.25195918],[7.81063452e+03 9.46256653e-01]
[411.95676625 760.25195918],[7.81063452e+03 9.46256653e-01]
[411.36601792 762.80771915],[8.03109073e+03 9.52153502e-01]
[411.13899925 765.01308064],[8.34942997e+03 9.55053634e-01]
[410.72555809 767.4096224 ],[8.58912076e+03 9.56494553e-01]
[410.72555809 767.4096224 ],[8.58912076e+03 9.56494553e-01]
[409.91469792 770.53155221],[8.86152312e+03 9.64170831e-01]
[409.2802257  773.27935346],[8.95950932e+03 9.53902356e-01]
[408.05824482 776.20629648],[9.17582949e+03 9.44043039e-01]
[406.29145496 779.19890891],[9.37500047e+03 9.28194419e-01]
[404.97130899 782.21512184],[9.70130409e+03 9.23380773e-01]
[404.97130899 782.21512184],[9.70130409e+03 9.23380773e-01]
[403.17891016 787.18437379],[9.95664055e+03 9.34250702e-01]
[402.51065771 789.0111532 ],[1.00483518e+04 9.38497604e-01]
[400.64557369 791.89511742],[1.03438487e+04 9.53100153e-01]
[397.68174141 797.47371631],[1.09209559e+04 9.53496367e-01]
[396.56631053 799.51781257],[1.11394925e+04 9.53718004e-01]
[395.84619584 803.12307593],[1.12180126e+04 9.65592414e-01]
[394.3032724 806.3604017],[1.13754243e+04 9.58567535e-01]
[392.4408304  810.10401456],[1.17129692e+04 9.79738807e-01]
[390.1420604  813.71630199],[1.19752470e+04 1.01162138e+00]
[387.67505495 817.6046716 ],[1.22843706e+04 1.01763409e+00]
[384.81692363 821.91789309],[1.27618352e+04 1.01353380e+00]
[382.4636645  826.06178708],[1.33839165e+04 1.02306333e+00]
[378.37815635 830.14061774],[1.36109373e+04 1.04962768e+00]
[378.37815635 830.14061774],[1.36109373e+04 1.04962768e+00]
[374.5830934 834.8522607],[1.42274078e+04 1.05271825e+00]
[371.55877967 839.7866826 ],[1.46941952e+04 1.04772479e+00]
[367.54279002 843.83455817],[1.51775867e+04 1.05621663e+00]
[363.47594743 849.81547932],[1.58338427e+04 1.06924915e+00]
[358.43150986 854.58348137],[1.63140681e+04 1.08991991e+00]
[353.97290092 859.20613272],[1.68920053e+04 1.11291082e+00]
[348.78916195 864.42107611],[1.72735069e+04 1.12093813e+00]
[342.99265353 869.5342807 ],[1.86576605e+04 1.08750423e+00]
[336.98074876 873.94995928],[2.02778865e+04 1.05442682e+00]
[336.98074876 873.94995928],[2.02778865e+04 1.05442682e+00]
[326.06865597 885.74372167],[2.11584525e+04 1.09366991e+00]
[318.09363732 893.82821403],[2.15268492e+04 1.14353527e+00]
[318.09363732 893.82821403],[2.15268492e+04 1.14353527e+00]
[314.77722724 896.75867831],[2.15537617e+04 1.15885283e+00]
[309.1351357  902.59751147],[2.22066848e+04 1.16662782e+00]
[302.25971715 909.54225472],[2.32418470e+04 1.15620597e+00]
[294.90578881 916.57516728],[2.43043690e+04 1.16419986e+00]
[286.73599189 923.32406513],[2.50547258e+04 1.19454734e+00]
[278.25466893 930.93918195],[2.60609911e+04 1.19803571e+00]
[269.00807693 938.21591128],[2.71837740e+04 1.19142522e+00]
[259.79592026 945.68342312],[2.81089559e+04 1.20062003e+00]
[259.79592026 945.68342312],[2.81089559e+04 1.20062003e+00]
[249.96961428 954.20159232],[2.93256333e+04 1.20051501e+00]
[239.91347806 962.13738317],[3.03040584e+04 1.21175841e+00]
[229.13397287 970.82243568],[3.20363603e+04 1.21062862e+00]
[210.38113522 986.55001126],[3.44073177e+04 1.22521707e+00]
[203.29036054 992.44049997],[3.53186574e+04 1.23064246e+00]
[ 193.41271471 1000.92508722],[3.65089739e+04 1.22530119e+00]
[ 181.78730769 1009.77676785],[3.72708152e+04 1.23427940e+00]
[ 170.13236775 1018.7749467 ],[3.91689727e+04 1.23597270e+00]
[ 156.23601236 1029.10547707],[4.06842600e+04 1.22608676e+00]
[ 142.41552033 1040.59840516],[4.21221927e+04 1.23114421e+00]
[ 142.41552033 1040.59840516],[4.21221927e+04 1.23114421e+00]
[ 127.36752377 1051.25059991],[4.40855800e+04 1.24003866e+00]
[ 127.36752377 1051.25059991],[4.40855800e+04 1.24003866e+00]
[ 116.07165615 1062.526253  ],[4.42214214e+04 1.21865186e+00]
[ 109.63891487 1073.72263369],[4.27660908e+04 1.12431989e+00]
[ 102.39272842 1085.50922119],[4.02798882e+04 1.04114200e+00]
[ 102.39272842 1085.50922119],[4.02798882e+04 1.04114200e+00]
[  95.50941977 1097.86358938],[3.82940110e+04 9.52843436e-01]
[  88.10283927 1110.40782501],[3.59068693e+04 8.64693629e-01]
[  80.50393918 1122.05344236],[3.29997452e+04 7.85567788e-01]
[  72.14285225 1133.67078485],[2.97160459e+04 7.00576537e-01]
[  58.12101984 1141.03213422],[2.10950543e+04 6.40539322e-01]
[  53.99901428 1142.74056442],[1.84463084e+04 6.32298556e-01]
[  46.69972106 1146.78324731],[1.47759012e+04 5.90384010e-01]
[  37.67342682 1152.61652365],[1.07478352e+04 5.28213194e-01]
[  28.4721411  1158.76472406],[7.45628872e+03 4.34888105e-01]
[  18.42328719 1169.35249607],[4.60914983e+03 2.94559755e-01]
[   8.15894439 1178.2207051 ],[1.57492217e+03 1.69070891e-01]
[194.  685.5],[3.16200000e+03 1.21568627e+00]
[194.  685.5],[3.16200000e+03 1.21568627e+00]
[196.4 685.1],[3.46024000e+03 1.28957529e+00]
[200.23611505 683.10604782],[3.98679960e+03 1.28098578e+00]
[200.23611505 683.10604782],[3.98679960e+03 1.28098578e+00]
[200.23611505 683.10604782],[3.98679960e+03 1.28098578e+00]
[203.83765299 683.91204339],[4.20332785e+03 1.43212453e+00]
[206.4168869  684.28338995],[4.55521868e+03 1.59546226e+00]
[206.4168869  684.28338995],[4.55521868e+03 1.59546226e+00]
[209.95464853 685.86825967],[4.48784212e+03 1.77636600e+00]
[217.82961504 686.41413573],[4.52098999e+03 1.86983203e+00]
[223.7356494 684.8112201],[4.69410188e+03 1.80750483e+00]
[225.87506816 684.59415503],[4.80736323e+03 1.75932777e+00]
[230.48177507 685.52361819],[4.78996156e+03 1.85976430e+00]
[239.60259611 684.17549753],[4.93726835e+03 1.81085449e+00]
[243.0069413  683.68990378],[4.98358454e+03 1.79126225e+00]
[247.08959131 684.17493478],[4.90351845e+03 1.84040510e+00]
[252.41967002 684.03192425],[4.93161598e+03 1.83406866e+00]
[257.90480486 684.31427361],[4.84090836e+03 1.84098805e+00]
[257.90480486 684.31427361],[4.84090836e+03 1.84098805e+00]
[263.11832438 684.42427217],[4.92809242e+03 1.79496135e+00]
[267.23253473 683.4778114 ],[5.05372741e+03 1.76749979e+00]
[272.24032381 683.77570369],[5.06330197e+03 1.74429141e+00]
[276.2752694  683.56621426],[5.08876449e+03 1.70179100e+00]
[280.59587902 684.14460248],[5.00891599e+03 1.73881295e+00]
[280.59587902 684.14460248],[5.00891599e+03 1.73881295e+00]
[288.32227592 684.37186627],[5.06286026e+03 1.69859290e+00]
[288.32227592 684.37186627],[5.06286026e+03 1.69859290e+00]
[294.0496581  685.11257805],[4.85252094e+03 1.68758839e+00]
[296.33271142 685.39715476],[4.80635179e+03 1.69572152e+00]
[299.66500555 683.84377897],[5.08711835e+03 1.59890241e+00]
[304.71494406 683.59342785],[5.13141264e+03 1.58352984e+00]
[310.41528015 684.15131554],[5.14676617e+03 1.57790089e+00]
[312.3871133  684.36922385],[5.15083696e+03 1.57604168e+00]
[316.25893205 683.79730559],[5.26895723e+03 1.54025385e+00]
[319.20434191 684.55811986],[5.02324632e+03 1.54483467e+00]
[319.20434191 684.55811986],[5.02324632e+03 1.54483467e+00]
[323.45700821 685.51964953],[4.88587836e+03 1.60896178e+00]
[326.88345444 686.54865635],[4.64362648e+03 1.65080357e+00]
[329.99333848 686.58830585],[4.73046762e+03 1.60504266e+00]
[333.32615775 686.92797928],[4.66859128e+03 1.59603964e+00]
[337.07717888 687.04854509],[4.57403087e+03 1.56811924e+00]
[340.65369758 688.08007151],[4.63180279e+03 1.55113191e+00]
[343.83657521 687.1403588 ],[4.76613799e+03 1.50881967e+00]
[346.20886985 687.10440019],[4.57835923e+03 1.52292258e+00]
[346.20886985 687.10440019],[4.57835923e+03 1.52292258e+00]
[349.94030422 687.74643553],[4.54335647e+03 1.54173065e+00]
[352.52599074 687.31627268],[4.67810448e+03 1.45318111e+00]
[352.52599074 687.31627268],[4.67810448e+03 1.45318111e+00]
[357.34588385 688.12972564],[4.88650847e+03 1.37599249e+00]
[357.34588385 688.12972564],[4.88650847e+03 1.37599249e+00]
[361.00131633 688.43893302],[4.86132895e+03 1.37803808e+00]
[362.22567145 688.55142277],[4.85048280e+03 1.37979481e+00]
[362.22567145 688.55142277],[4.85048280e+03 1.37979481e+00]
[364.53811432 689.89794815],[4.81560215e+03 1.43532432e+00]
[367.92937923 691.7284706 ],[4.64848336e+03 1.41171758e+00]
[369.06099116 692.40043228],[4.58548542e+03 1.40278064e+00]
[371.36231886 692.63506152],[4.66836935e+03 1.36816839e+00]
[373.43685401 693.690992  ],[4.54305899e+03 1.40278201e+00]
[375.76175064 694.07486672],[4.56263533e+03 1.37301062e+00]
[377.18320042 694.20197233],[4.67410876e+03 1.33216038e+00]
[379.27154509 694.56089415],[4.72792630e+03 1.29245889e+00]
[379.27154509 694.56089415],[4.72792630e+03 1.29245889e+00]
[381.94559997 695.65964188],[4.69796740e+03 1.29205952e+00]
[381.94559997 695.65964188],[4.69796740e+03 1.29205952e+00]
[383.17750588 697.04957341],[4.77796303e+03 1.28956597e+00]
[384.87212677 697.88510266],[4.85976064e+03 1.27535688e+00]
[386.41016096 698.83541056],[4.84965621e+03 1.25979863e+00]
[387.89005037 699.50265236],[4.93809962e+03 1.25189433e+00]
[389.35732178 700.06043965],[4.98060360e+03 1.22611092e+00]
[391.14947031 700.90280191],[4.99609670e+03 1.21689828e+00]
[392.40568086 700.87400154],[5.05220268e+03 1.20164432e+00]
[392.40568086 700.87400154],[5.05220268e+03 1.20164432e+00]
[392.40568086 700.87400154],[5.05220268e+03 1.20164432e+00]
[392.40568086 700.87400154],[5.05220268e+03 1.20164432e+00]
[393.79382427 702.47249775],[4.99304484e+03 1.15425968e+00]
[395.56421758 704.04070239],[5.01837283e+03 1.12596035e+00]
[395.56421758 704.04070239],[5.01837283e+03 1.12596035e+00]
[396.14863108 704.61717921],[5.02800052e+03 1.11602884e+00]
[397.29523515 705.78871456],[5.21579370e+03 1.13160828e+00]
[399.3156734  707.18803381],[5.38184444e+03 1.13639169e+00]
[399.3156734  707.18803381],[5.38184444e+03 1.13639169e+00]
[399.3156734  707.18803381],[5.38184444e+03 1.13639169e+00]
[399.3156734  707.18803381],[5.38184444e+03 1.13639169e+00]
[399.3156734  707.18803381],[5.38184444e+03 1.13639169e+00]
[399.69484224 707.69551259],[5.39924686e+03 1.12906096e+00]
[399.69484224 707.69551259],[5.39924686e+03 1.12906096e+00]
[399.69484224 707.69551259],[5.39924686e+03 1.12906096e+00]
[399.69484224 707.69551259],[5.39924686e+03 1.12906096e+00]
[400.42746497 709.16458976],[5.59915352e+03 1.12446700e+00]
[400.98187947 710.99823323],[5.62759519e+03 1.11373612e+00]
[402.12152978 712.3238859 ],[5.69149414e+03 1.08092310e+00]
[403.15934238 714.09786192],[5.70703516e+03 1.10679924e+00]
[403.83450221 715.39734115],[5.86147341e+03 1.10615993e+00]
[404.37239054 716.50715819],[6.07309934e+03 1.09557330e+00]
[405.84254926 718.51974828],[6.00176897e+03 1.08375776e+00]
[407.67585215 719.58012924],[6.02339560e+03 1.07007107e+00]
[407.67585215 719.58012924],[6.02339560e+03 1.07007107e+00]
[407.67585215 719.58012924],[6.02339560e+03 1.07007107e+00]
[407.67585215 719.58012924],[6.02339560e+03 1.07007107e+00]
[407.67585215 719.58012924],[6.02339560e+03 1.07007107e+00]
[407.67585215 719.58012924],[6.02339560e+03 1.07007107e+00]
[407.67585215 719.58012924],[6.02339560e+03 1.07007107e+00]
[407.67585215 719.58012924],[6.02339560e+03 1.07007107e+00]
[408.32111679 721.90288384],[6.12872359e+03 1.08273078e+00]
[408.85207826 723.07419794],[6.37770856e+03 1.06856065e+00]
[409.99401334 725.10443031],[6.47354106e+03 1.04642939e+00]
[411.04295657 727.14152566],[6.50712546e+03 1.03828195e+00]
[411.04295657 727.14152566],[6.50712546e+03 1.03828195e+00]
[411.7270738  728.85407239],[6.61872118e+03 1.06917241e+00]
[411.7270738  728.85407239],[6.61872118e+03 1.06917241e+00]
[412.27862675 730.43827028],[6.76381553e+03 1.08056557e+00]
[412.27862675 730.43827028],[6.76381553e+03 1.08056557e+00]
[412.27862675 730.43827028],[6.76381553e+03 1.08056557e+00]
[412.77754967 732.62604235],[6.81150656e+03 1.10238587e+00]
[413.58482409 734.38990848],[6.99771807e+03 1.08365539e+00]
[414.51215902 736.63957626],[7.12214920e+03 1.06819181e+00]
[414.51215902 736.63957626],[7.12214920e+03 1.06819181e+00]
[414.51215902 736.63957626],[7.12214920e+03 1.06819181e+00]
[414.83044882 739.40262268],[7.27398225e+03 1.07839236e+00]
[415.57401297 741.71014347],[7.43568757e+03 1.09821952e+00]
[415.82909712 742.52615696],[7.49359697e+03 1.10588142e+00]
[417.19994709 744.08206327],[7.40394236e+03 1.09294410e+00]
[418.3509025  746.58115606],[7.48265694e+03 1.07076715e+00]
[420.07159403 748.77915236],[7.39826445e+03 1.04686872e+00]
[420.07159403 748.77915236],[7.39826445e+03 1.04686872e+00]
[420.07159403 748.77915236],[7.39826445e+03 1.04686872e+00]
[420.07159403 748.77915236],[7.39826445e+03 1.04686872e+00]
[420.35483659 751.19107108],[7.58861374e+03 1.05333892e+00]
[420.76110321 753.02680498],[7.77750626e+03 1.02447111e+00]
[421.20854037 755.94248597],[7.84574274e+03 1.02902405e+00]
[421.67646321 758.30269502],[7.92529846e+03 1.03850621e+00]
[421.67646321 758.30269502],[7.92529846e+03 1.03850621e+00]
[422.15349893 760.44073327],[8.01316772e+03 1.01946076e+00]
[422.15349893 760.44073327],[8.01316772e+03 1.01946076e+00]
[422.6336664  762.81857078],[8.16094692e+03 1.01241533e+00]
[422.13145407 765.94068291],[8.39318855e+03 1.01711807e+00]
[422.24594193 770.32530866],[8.66063159e+03 1.01168920e+00]
[422.26873485 771.92993756],[8.75992991e+03 1.00976378e+00]
[421.92923524 774.41456076],[8.97816059e+03 1.00216525e+00]
[420.4736196  777.23984203],[9.30781185e+03 9.99503941e-01]
[419.25497533 779.8699588 ],[9.49359833e+03 9.91946243e-01]
[418.77926446 783.39946503],[9.68597702e+03 9.76266357e-01]
[417.28405943 786.94691772],[1.00819824e+04 9.90227966e-01]
[417.28405943 786.94691772],[1.00819824e+04 9.90227966e-01]
[416.71967211 790.50025547],[1.02942223e+04 9.89184006e-01]
[415.85516957 793.72659078],[1.06363488e+04 9.89052827e-01]
[415.20572442 797.14746472],[1.08939183e+04 9.64810154e-01]
[413.32930092 800.31646468],[1.11955242e+04 9.74102538e-01]
[412.30182374 804.6887639 ],[1.15111881e+04 9.72034936e-01]
[410.62057591 807.89556053],[1.16980984e+04 9.89114256e-01]
[409.34336833 812.60781551],[1.21162694e+04 9.89970010e-01]
[406.92557297 816.90794155],[1.22701559e+04 9.90355688e-01]
[403.4104623  824.31514816],[1.33539619e+04 1.00213783e+00]
[402.09772484 827.04594116],[1.37704274e+04 1.00639841e+00]
[399.68734095 830.23602887],[1.39956493e+04 1.02472047e+00]
[394.26472373 834.58991537],[1.49902258e+04 1.07527174e+00]
[394.26472373 834.58991537],[1.49902258e+04 1.07527174e+00]
[392.53462027 839.06412157],[1.53888173e+04 1.06085661e+00]
[389.98145985 843.5807136 ],[1.54520333e+04 1.03893737e+00]
[386.77511672 848.43996678],[1.53732491e+04 1.04677532e+00]
[382.67678778 854.74547283],[1.60704851e+04 1.03246644e+00]
[377.92518989 858.96829995],[1.64841838e+04 1.05869641e+00]
[373.57855234 863.70135494],[1.76691993e+04 1.02555409e+00]
[365.50223606 874.0727087 ],[1.8898723e+04 1.0475261e+00]
[362.46366669 877.67369044],[1.92765321e+04 1.06073002e+00]
[357.83944665 883.43333491],[1.94892707e+04 1.07066795e+00]
[353.23976999 888.73654466],[1.96384157e+04 1.07924917e+00]
[347.35842363 895.16675557],[2.04859048e+04 1.10544720e+00]
[347.35842363 895.16675557],[2.04859048e+04 1.10544720e+00]
[341.01380761 902.34694864],[2.09855907e+04 1.11474605e+00]
[330.26578055 914.70924933],[2.27022758e+04 1.11350390e+00]
[330.26578055 914.70924933],[2.27022758e+04 1.11350390e+00]
[326.22695777 919.27221484],[2.33617015e+04 1.11313559e+00]
[320.61930763 926.33140586],[2.41965571e+04 1.11130618e+00]
[312.78365492 933.71769861],[2.49917570e+04 1.12300914e+00]
[304.41555923 941.55528728],[2.59839890e+04 1.13908587e+00]
[296.49701908 949.55875937],[2.70969065e+04 1.13841197e+00]
[287.78804937 957.93868239],[2.80244620e+04 1.14988211e+00]
[278.78468833 966.14408014],[2.94781050e+04 1.14226252e+00]
[278.78468833 966.14408014],[2.94781050e+04 1.14226252e+00]
[269.35452441 975.23083974],[3.04556511e+04 1.14671596e+00]
[259.44110986 985.6436767 ],[3.21867013e+04 1.14480572e+00]
[248.07794572 996.21349302],[3.33648013e+04 1.17128445e+00]
[ 237.12244244 1006.54419408],[3.49006463e+04 1.16611245e+00]
[ 225.68158412 1016.73956123],[3.62965862e+04 1.17387628e+00]
[ 213.10995371 1027.21421073],[3.82162056e+04 1.16158609e+00]
[ 213.10995371 1027.21421073],[3.82162056e+04 1.16158609e+00]
[ 191.09101391 1046.46023463],[4.14409703e+04 1.18120899e+00]
[ 182.46241049 1053.69477108],[4.28080201e+04 1.19179719e+00]
[ 171.0665862  1064.24703441],[4.42283105e+04 1.19716532e+00]
[ 171.0665862  1064.24703441],[4.42283105e+04 1.19716532e+00]
[ 158.25258677 1077.07516426],[4.59626817e+04 1.19973176e+00]
[ 143.92992659 1089.48308944],[4.77176976e+04 1.19798634e+00]
[ 143.92992659 1089.48308944],[4.77176976e+04 1.19798634e+00]
[ 128.37876116 1102.68816395],[4.99196465e+04 1.19723255e+00]
[ 128.37876116 1102.68816395],[4.99196465e+04 1.19723255e+00]
[ 128.37876116 1102.68816395],[4.99196465e+04 1.19723255e+00]
[ 114.25203816 1125.86341081],[4.83712627e+04 1.07944490e+00]
[ 110.10929585 1134.54556608],[4.72354228e+04 1.02669194e+00]
[ 104.09796431 1147.51927209],[4.55284752e+04 9.52053512e-01]
[  96.6888752  1162.18027057],[4.29533208e+04 8.70595186e-01]
[  89.08487311 1176.52904999],[4.02513170e+04 7.88656393e-01]
[  80.73078384 1192.0348256 ],[3.69029690e+04 7.06442829e-01]
[  72.10726836 1208.3131246 ],[3.35569679e+04 6.19776872e-01]
[  62.68416223 1213.22436989],[2.63571146e+04 5.96317806e-01]
[  53.36069703 1218.26157883],[2.02873815e+04 5.61405913e-01]
[  43.72681653 1223.25880353],[1.51971902e+04 5.03259998e-01]
[  25.32915919 1243.31723425],[7.66753264e+03 3.34692442e-01]
[  21.88365045 1249.2452722 ],[6.32147669e+03 3.03026765e-01]
[193. 683.],[3.32800000e+03 1.23076923e+00]
[193. 683.],[3.32800000e+03 1.23076923e+00]
[197.  683.4],[3.60448e+03 1.37500e+00]
[199.987977   683.47746177],[3.73084275e+03 1.43185561e+00]
[201.07329695 683.50301774],[3.77691731e+03 1.45244575e+00]
[201.34805016 682.75654746],[4.28485340e+03 1.55537114e+00]
[203.11803273 683.22844303],[4.56713029e+03 1.62756382e+00]
[206.75019998 683.40530201],[4.63022085e+03 1.64076295e+00]
[209.76866494 683.47084404],[4.82011607e+03 1.70592597e+00]
[212.8220724  683.49464902],[4.88540303e+03 1.72934790e+00]
[220.15716765 683.50286578],[5.06274387e+03 1.70533714e+00]
[222.91434553 683.5054285 ],[5.12276316e+03 1.69538007e+00]
[227.47461612 683.50582541],[4.97931672e+03 1.71984500e+00]
[231.74998699 683.17056064],[4.97943459e+03 1.70684857e+00]
[235.90039555 682.71438444],[5.03550953e+03 1.68020807e+00]
[240.32566928 682.21466083],[4.95570824e+03 1.67759227e+00]
[244.1940323  682.02780234],[5.07808200e+03 1.64770563e+00]
[248.82832552 681.96197009],[5.12099865e+03 1.63631061e+00]
[255.72914505 681.94229591],[5.13384670e+03 1.63159446e+00]
[255.72914505 681.94229591],[5.13384670e+03 1.63159446e+00]
[258.21601168 681.93986794],[5.13540697e+03 1.62949525e+00]
[261.31744435 681.28484138],[5.17002650e+03 1.64018113e+00]
[267.61725559 681.37025492],[5.24141006e+03 1.62496712e+00]
[270.20342033 681.40794328],[5.22846809e+03 1.60752179e+00]
[273.33766733 681.42761836],[5.25853737e+03 1.61230059e+00]
[277.34841542 681.43961105],[5.23017248e+03 1.60253575e+00]
[281.03361462 681.11881207],[5.31554653e+03 1.59194058e+00]
[281.03361462 681.11881207],[5.31554653e+03 1.59194058e+00]
[286.90018849 681.32877991],[5.28586169e+03 1.60611923e+00]
[288.98095752 681.41406527],[5.27240809e+03 1.61165076e+00]
[294.56346077 681.77927148],[5.36473388e+03 1.60668231e+00]
[296.53741908 681.91853934],[5.39844924e+03 1.60480017e+00]
[302.07365317 681.31429792],[5.37143806e+03 1.59272060e+00]
[304.02378933 681.41436535],[5.42029503e+03 1.57030649e+00]
[308.90635589 681.4542834 ],[5.39848209e+03 1.55079823e+00]
[310.60007698 681.47130817],[5.38886730e+03 1.54356265e+00]
[315.72741268 681.47920754],[5.38420079e+03 1.54102658e+00]
[317.51821998 681.48339938],[5.38152924e+03 1.54026189e+00]
[320.36491593 681.8154707 ],[5.47922910e+03 1.53424143e+00]
[323.28782634 680.95694531],[5.57590525e+03 1.51555514e+00]
[326.57020868 680.95768415],[5.59131814e+03 1.53603733e+00]
[329.99102887 680.96135284],[5.55571492e+03 1.53321033e+00]
[333.13454629 680.63576584],[5.60170236e+03 1.51561313e+00]
[335.84318627 680.84356054],[5.59749891e+03 1.53653034e+00]
[338.39137418 680.92673679],[5.55474747e+03 1.53380106e+00]
[341.20762023 681.29042562],[5.59851261e+03 1.51615098e+00]
[341.20762023 681.29042562],[5.59851261e+03 1.51615098e+00]
[343.79980149 680.77097823],[5.57398004e+03 1.49882791e+00]
[346.30757931 680.57357005],[5.60440667e+03 1.50330287e+00]
[351.10106943 680.83025007],[5.59426112e+03 1.46769766e+00]
[352.45324655 680.92941929],[5.63050784e+03 1.46528458e+00]
[352.45324655 680.92941929],[5.63050784e+03 1.46528458e+00]
[357.14757036 680.63988626],[5.66192764e+03 1.43871645e+00]
[358.79505351 680.85869891],[5.61413716e+03 1.44408684e+00]
[361.2808987  680.61491581],[5.65453889e+03 1.43137611e+00]
[365.08027834 681.50915542],[5.56902618e+03 1.43130058e+00]
[366.38984222 681.85198772],[5.53623727e+03 1.43165082e+00]
[368.42412692 681.97898377],[5.56506406e+03 1.44273563e+00]
[370.40698949 681.69343238],[5.51647477e+03 1.46267616e+00]
[372.70143448 681.25010532],[5.51667887e+03 1.44403562e+00]
[374.78477617 681.74304363],[5.55021094e+03 1.38624373e+00]
[376.78872159 681.9283974 ],[5.64688466e+03 1.38622303e+00]
[380.42532715 682.65349568],[5.72561275e+03 1.39669189e+00]
[380.42532715 682.65349568],[5.72561275e+03 1.39669189e+00]
[381.70481462 682.92738337],[5.75493457e+03 1.40089686e+00]
[384.06664182 683.02628165],[5.68076475e+03 1.38213962e+00]
[385.85066886 683.3874198 ],[5.66690929e+03 1.35097289e+00]
[387.08598851 683.84692112],[5.60412382e+03 1.35331815e+00]
[389.45125316 684.34536449],[5.63749582e+03 1.34085742e+00]
[390.91439234 684.85474411],[5.59298511e+03 1.35014994e+00]
[392.70283121 685.36950757],[5.63328229e+03 1.34026120e+00]
[394.94768911 685.22493224],[5.66220790e+03 1.31332756e+00]
[396.36982907 684.83250162],[5.72935987e+03 1.29074507e+00]
[398.14839749 684.67485146],[5.75476696e+03 1.28265325e+00]
[399.06853767 684.93579749],[5.77548351e+03 1.25779317e+00]
[400.99352096 685.03013616],[5.82815020e+03 1.25865069e+00]
[403.6302446  686.37204845],[5.84748406e+03 1.25931861e+00]
[405.54234352 686.87733091],[5.80905236e+03 1.25022221e+00]
[406.18233513 687.05904856],[5.79393616e+03 1.24711755e+00]
[407.01138778 687.11694587],[5.78784709e+03 1.24627624e+00]
[407.91637689 687.45768208],[5.84116437e+03 1.23432725e+00]
[409.1848344  687.90572966],[5.76006085e+03 1.23225710e+00]
[409.92841901 688.39556853],[5.94190272e+03 1.20653665e+00]
[412.13528792 689.22368352],[6.01030601e+03 1.19745634e+00]
[412.90999309 689.53026414],[6.03573965e+03 1.19432261e+00]
[414.13411174 689.96152801],[5.83153216e+03 1.21783873e+00]
[414.86741652 690.77417571],[5.91075527e+03 1.21378620e+00]
[415.75244418 690.735101  ],[5.79279688e+03 1.20493809e+00]
[416.69249633 691.36440687],[5.85784197e+03 1.17922124e+00]
[418.32246566 692.24489505],[5.88217680e+03 1.16999988e+00]
[418.88431451 692.56562023],[5.89135255e+03 1.16680373e+00]
[419.70829002 692.99952493],[5.94918004e+03 1.15518795e+00]
[419.97116526 693.80493255],[5.87547155e+03 1.13270867e+00]
[420.35179027 694.09520397],[6.00273989e+03 1.11349212e+00]
[421.78275681 694.84345211],[6.14890089e+03 1.12461452e+00]
[422.61445044 695.44054308],[6.20914624e+03 1.11030702e+00]
[423.21763737 695.65106556],[6.28905596e+03 1.07762367e+00]
[423.40354546 696.04101073],[6.26466507e+03 1.07490559e+00]
[423.76855151 696.49987166],[6.25660727e+03 1.05655204e+00]
[424.20214563 696.65851449],[6.30386912e+03 1.05863229e+00]
[424.99693181 697.02970299],[6.3742807e+03 1.0508248e+00]
[425.92765192 698.13766016],[6.45370349e+03 1.03948862e+00]
[426.24822156 698.21854576],[6.42931660e+03 1.04415111e+00]
[426.66927417 698.55792706],[6.41997458e+03 1.02922542e+00]
[427.4610083  698.99888721],[6.46845921e+03 1.01547710e+00]
[427.73081528 699.15128043],[6.48600377e+03 1.01062071e+00]
[428.13627877 699.8487041 ],[6.54476342e+03 1.01735775e+00]
[428.59495912 700.75574295],[6.51282151e+03 1.01194216e+00]
[428.41115612 701.41251653],[6.60642122e+03 1.01010742e+00]
[428.65111554 702.30022766],[6.58745954e+03 1.00147497e+00]
[428.38909469 702.94763399],[6.68650866e+03 9.98505754e-01]
[428.93385666 703.50185361],[6.56194083e+03 9.89400751e-01]
[429.78668406 703.69074825],[6.51343666e+03 9.86164574e-01]
[430.75252222 704.07111626],[6.54743609e+03 9.77251802e-01]
[431.09606183 704.19677725],[6.66503984e+03 9.58770660e-01]
[431.53620366 704.88204599],[6.76479068e+03 9.60045883e-01]
[431.68344729 705.78228172],[6.80176369e+03 9.60728223e-01]
[431.71990446 707.42044589],[6.70829862e+03 9.76441928e-01]
[431.71615568 708.02264582],[6.67109445e+03 9.82801131e-01]
[432.02941468 708.88633339],[6.71073602e+03 9.93362099e-01]
[432.1344531  709.18724221],[6.72506514e+03 9.97428761e-01]
[432.48993403 708.94522623],[6.83859410e+03 9.98987735e-01]
[433.26974299 710.80883329],[6.77176367e+03 1.01572161e+00]
[433.55310427 711.49496994],[6.74502668e+03 1.02222932e+00]
[433.64596999 711.06371407],[6.84457060e+03 1.00813477e+00]
[433.66713101 711.86894931],[6.82660675e+03 1.01093309e+00]
[433.99206203 712.81339759],[6.76477524e+03 1.00396067e+00]
[434.43348197 713.14731165],[6.90451663e+03 9.93351584e-01]
[434.91791003 713.58128162],[7.06704775e+03 9.89575830e-01]
[435.41808841 713.72523664],[7.18412778e+03 9.95924508e-01]
[435.59555388 714.41489175],[7.22734673e+03 9.98365841e-01]
[435.64936621 714.98594961],[7.18605964e+03 1.00710008e+00]
[435.65697667 715.51116658],[7.22470349e+03 1.00261284e+00]
[435.64831388 716.01905294],[7.29390530e+03 9.93221782e-01]
[436.62335618 716.52048918],[7.43168806e+03 9.89814434e-01]
[436.98242874 716.69177819],[7.48270250e+03 9.88554451e-01]
[437.43552246 716.73659826],[7.44283433e+03 9.80563616e-01]
[437.92462889 717.06377052],[7.42365786e+03 9.62722791e-01]
[438.09538498 717.50015589],[7.47526306e+03 9.78458730e-01]
[438.14804455 718.30808732],[7.49256320e+03 9.84550816e-01]
[438.15512141 718.92662625],[7.55445518e+03 9.79507316e-01]
[438.14617379 719.47205938],[7.51993735e+03 9.85003824e-01]
[438.13252032 719.65950344],[7.50527492e+03 9.87161473e-01]
[439.10798338 720.041884  ],[7.49754530e+03 9.73042759e-01]
[439.46822802 720.16970651],[7.49335448e+03 9.67762167e-01]
[439.2615196  720.20089797],[7.54927759e+03 9.73355486e-01]
[439.50330986 720.52657721],[7.68474056e+03 9.75706660e-01]
[439.25702652 721.29395706],[7.79386142e+03 9.84019316e-01]
[439.48309644 721.57115312],[7.77555058e+03 9.79824032e-01]
[439.5614088  722.31944923],[7.65192590e+03 9.92894979e-01]
[439.91353037 722.91804696],[7.7194100e+03 9.9796662e-01]
[440.36867213 723.12658055],[7.68623096e+03 9.92362027e-01]
[440.53344521 723.18816388],[7.67259788e+03 9.90169720e-01]
[440.58696773 723.19529616],[7.66677132e+03 9.89315868e-01]
[441.25940176 723.5137883 ],[7.72153187e+03 9.81610380e-01]
[442.16566895 723.95090886],[7.79897613e+03 9.71533297e-01]
[442.49757532 724.10408505],[7.82761311e+03 9.67793499e-01]
[442.28007282 724.477862  ],[7.95478386e+03 9.66710731e-01]
[442.51629554 724.9360308 ],[8.00388746e+03 9.80667941e-01]
[442.92475508 725.09697076],[8.08003350e+03 9.93351247e-01]
[443.07035035 725.47469244],[8.04814263e+03 1.00553867e+00]
[442.78653044 725.60434988],[8.09304585e+03 1.01753071e+00]
[443.32585637 726.63312824],[8.16906904e+03 1.01446074e+00]
[443.19480196 726.34879881],[8.13454517e+03 1.03569536e+00]
[443.46475176 726.5556084 ],[8.12227971e+03 1.02862732e+00]
[443.55954865 726.95252052],[8.17639676e+03 1.01820631e+00]
[443.58760722 727.42057891],[8.13557589e+03 1.02169186e+00]
[443.59089911 727.58536254],[8.11897265e+03 1.02295405e+00]
[443.58547369 727.63496791],[8.11190243e+03 1.02334785e+00]
[443.57744711 727.64197736],[8.10857074e+03 1.02341787e+00]
[443.5691042 727.9645365],[8.16695723e+03 1.01582805e+00]
[443.23115288 728.07691711],[8.24774024e+03 1.02028543e+00]
[442.77092731 728.10953946],[8.33686683e+03 1.02924521e+00]
[443.25167148 728.44254682],[8.31187087e+03 1.01059312e+00]
[443.43504192 728.56027303],[8.30029365e+03 1.00349197e+00]
[444.16326486 728.92540224],[8.35503647e+03 9.93649598e-01]
[444.76481362 729.05556231],[8.43570681e+03 9.97199395e-01]
[444.98571341 729.09603337],[8.46522938e+03 9.98588448e-01]
[444.73221021 729.10291533],[8.41447465e+03 9.92001423e-01]
[444.95917532 729.09786153],[8.45498948e+03 9.96727328e-01]
[444.70936081 729.74852594],[8.53008375e+03 1.00572259e+00]
[444.60970301 729.98808688],[8.55749105e+03 1.00915330e+00]
[444.56762683 730.07042386],[8.56674685e+03 1.01044940e+00]
[444.54836754 730.09331522],[8.56912255e+03 1.01092143e+00]
[445.19779957 730.42442841],[8.38697630e+03 1.00395103e+00]
[445.10948731 730.21103086],[8.43878424e+03 1.00125023e+00]
[445.40278699 730.12435271],[8.39731890e+03 9.93063682e-01]
[445.1779218 730.0857935],[8.32035150e+03 9.82796774e-01]
[445.08852649 730.06642219],[8.29136179e+03 9.78995544e-01]
[445.05201794 730.05500623],[8.28078339e+03 9.77662878e-01]
[445.03589553 730.04712984],[8.27716206e+03 9.77257124e-01]
[445.02780658 730.37130055],[8.45835558e+03 9.84523567e-01]
[445.35238754 730.4906353 ],[8.46577109e+03 9.80186913e-01]
[445.80466302 730.53199409],[8.52951424e+03 9.85690083e-01]
[445.97212324 730.54374522],[8.55305443e+03 9.87806933e-01]
[446.03119927 730.54457449],[8.56129235e+03 9.88632618e-01]
[446.37889616 730.54163108],[8.62510338e+03 9.96047601e-01]
[446.50592525 730.86769782],[8.58714341e+03 1.00598890e+00]
[446.54885289 730.98812631],[8.57187915e+03 1.00976616e+00]
[446.55994666 731.02970558],[8.56558306e+03 1.01113040e+00]
[445.57013929 731.04162101],[8.50208588e+03 1.00440660e+00]
[445.52200632 731.04261589],[8.41680298e+03 9.94597218e-01]
[445.17242954 731.03983565],[8.44566076e+03 9.98084869e-01]
[445.0423709  731.03598063],[8.45667679e+03 9.99394610e-01]
[444.99514104 731.03204511],[8.46095059e+03 9.99883359e-01]
[444.97947747 731.02837148],[8.46262358e+03 1.00005774e+00]
[445.30607885 731.02505603],[8.40250121e+03 9.92929050e-01]
[445.43138843 731.02210476],[8.37983562e+03 9.90228407e-01]
[445.47867146 731.01949276],[8.49347128e+03 1.00363614e+00]
[445.16713347 731.0171866 ],[8.47568647e+03 1.00151648e+00]
[445.048152   731.01515245],[8.46872018e+03 1.00067730e+00]
[445.0042834  731.01335893],[8.46601322e+03 1.00034330e+00]
[445.6498357  731.01177776],[8.46494914e+03 1.00020510e+00]
[445.56390361 731.01038384],[8.40373375e+03 9.92961063e-01]
[445.52993298 730.67873062],[8.32040653e+03 9.97383564e-01]
[445.51629544 730.55293093],[8.28934477e+03 9.99098682e-01]
[445.51049886 730.50662274],[8.27825905e+03 9.99744723e-01]
[445.83859617 730.49048615],[8.33490036e+03 1.00725561e+00]
[445.96125896 730.48572332],[8.47830330e+03 9.95579448e-01]
[445.67589562 730.48498752],[8.47127154e+03 9.84159206e-01]
[445.56567741 730.48584975],[8.46819573e+03 9.79875059e-01]
[445.52365734 730.4871787 ],[8.46681048e+03 9.78324729e-01]
[445.50771856 730.48855853],[8.46607568e+03 9.77811288e-01]
[445.50175824 730.81972072],[8.40558864e+03 9.84667691e-01]
[445.16898686 730.94565082],[8.32160147e+03 9.80176114e-01]
[445.04363963 730.99217301],[8.29017197e+03 9.78501619e-01]
[444.99818465 731.00849494],[8.27883095e+03 9.77919636e-01]
[445.31404994 731.0134058 ],[8.33600152e+03 9.84945998e-01]
[445.43409006 731.01409127],[8.35788642e+03 9.87619645e-01]
[445.47974724 731.01329472],[8.36636444e+03 9.88639805e-01]
[445.49673646 731.0120544 ],[8.36965630e+03 9.89022227e-01]
[445.50274177 731.01075456],[8.37094457e+03 9.89159920e-01]
[445.50458102 731.00952969],[8.37145867e+03 9.89204496e-01]
[445.50487262 731.00841976],[8.37167259e+03 9.89214229e-01]
[445.50461766 731.00742987],[8.37176908e+03 9.89211433e-01]
[445.50419562 731.00655291],[8.37181867e+03 9.89204590e-01]
[445.50374744 731.00577821],[8.37184873e+03 9.89196871e-01]
[445.83369124 731.00509467],[8.31108447e+03 9.82007227e-01]
[445.95796356 731.00449185],[8.28816051e+03 9.79289911e-01]
[446.00297222 731.00396033],[8.27982875e+03 9.78297799e-01]
[446.01797337 731.0034917 ],[8.27702428e+03 9.77959678e-01]
[445.69089995 731.00307854],[8.33716515e+03 9.85059529e-01]
[445.5665928  731.00271427],[8.36000507e+03 9.87752822e-01]
[445.84934216 731.00239312],[8.30795002e+03 9.81597753e-01]
[445.9567014  731.00210996],[8.28816726e+03 9.79256296e-01]
[445.99613617 731.00186032],[8.28088718e+03 9.78392543e-01]
[446.00976398 730.6712288 ],[8.21889579e+03 9.85167033e-01]
[446.01366705 730.54635457],[8.19573036e+03 9.87773004e-01]
[446.01399121 730.50083282],[8.18749483e+03 9.88745943e-01]
[446.01307945 730.81634964],[8.24445145e+03 9.81949429e-01]
[446.01181592 730.93616235],[8.26625392e+03 9.79409613e-01]
[446.01052582 730.65158268],[8.21528746e+03 9.85537896e-01]
[445.34831149 730.87466241],[8.25566401e+03 9.80766562e-01]
[445.0984203 730.6289356],[8.21164731e+03 9.86068036e-01]
[445.00652324 730.86681476],[8.25464344e+03 9.80971156e-01]
[445.63581024 730.95667526],[8.27097894e+03 9.79068414e-01]
[445.87572147 730.99039195],[8.27719161e+03 9.78364189e-01]
[445.96612766 731.00254762],[8.27950699e+03 9.78117615e-01]
[445.99925278 731.00649048],[8.28032919e+03 9.78044326e-01]
[446.01054104 731.00735796],[8.28058458e+03 9.78035178e-01]
[445.683173   731.00711823],[8.34143678e+03 9.85230654e-01]
[445.88859935 731.00651984],[8.30362228e+03 9.80787895e-01]
[445.63628468 730.67552229],[8.28985944e+03 9.93403529e-01]
[445.54118094 730.55015883],[8.28427316e+03 9.98204499e-01]
[445.50580407 730.50418525],[8.28217614e+03 9.99967993e-01]
[445.49334982 730.48833428],[8.28139079e+03 1.00056895e+00]
[445.48959848 730.81463068],[8.34133032e+03 9.93505501e-01]
[445.81919242 730.60855637],[8.24354650e+03 9.90750754e-01]
[445.94456621 730.53029231],[8.20644254e+03 9.89684273e-01]
[445.6599805  730.50160786],[8.2529621e+03 9.9654902e-01]
[445.88220592 730.49177835],[8.21065260e+03 9.91867999e-01]
[445.96662701 730.48904805],[8.19471369e+03 9.90060830e-01]
[445.99761262 730.15833559],[8.24849243e+03 9.82234742e-01]
[446.00827602 730.6940735 ],[8.26894289e+03 9.79325523e-01]
[446.01128355 730.89891644],[8.27671716e+03 9.78261012e-01]
[445.68087093 730.6460037 ],[8.27770229e+03 9.63801526e-01]
[445.55537122 730.54972792],[8.16049487e+03 9.72219171e-01]
[445.50901277 730.51310475],[8.11602175e+03 9.75595345e-01]
[445.49269415 730.49979565],[8.09979924e+03 9.76916635e-01]
[445.48771192 730.49530906],[8.09426214e+03 9.77444863e-01]
[445.4869274  730.49413241],[8.09273572e+03 9.77666124e-01]
[445.48761951 730.49416304],[8.21304129e+03 9.92309669e-01]
[445.48862875 730.49460034],[8.25851337e+03 9.97803039e-01]
[445.48981607 730.49514317],[8.27571616e+03 9.99843299e-01]
[445.49096484 730.49568182],[8.28196901e+03 1.00055060e+00]
[445.49200869 730.49617951],[8.28403017e+03 1.00075163e+00]
[445.49293957 730.49662686],[8.28451469e+03 1.00076576e+00]
[445.8236989  730.49702442],[8.22438821e+03 9.93462854e-01]
[445.94916664 730.49737605],[8.20139291e+03 9.90649990e-01]
[445.99526769 730.49768644],[8.19279541e+03 9.89580430e-01]
[445.34978756 730.49796021],[8.18968248e+03 9.89177014e-01]
[445.76693797 730.49820159],[8.18865119e+03 9.89028272e-01]
[445.92529805 730.49841441],[8.18840016e+03 9.88976634e-01]
[445.65386107 730.49860203],[8.2485894e+03 9.9622722e-01]
[445.55091831 730.49876744],[8.27130382e+03 9.98953827e-01]
[445.841885   730.49891328],[8.2197371e+03 9.9271127e-01]
[445.95266265 730.16861953],[8.25951903e+03 9.83170632e-01]
[445.66278503 730.37402828],[8.27545194e+03 9.93941731e-01]
[445.55312979 730.45349407],[8.28095575e+03 9.98061636e-01]
[445.1820666  730.48378158],[8.34289692e+03 1.00685279e+00]
[445.04285874 730.49522137],[8.24625247e+03 9.95678586e-01]
[444.992304 730.499447],[8.20895459e+03 9.91349375e-01]
[445.30687061 730.17044049],[8.31521690e+03 9.89806802e-01]
[445.09687324 730.04672898],[8.29474867e+03 9.82053898e-01]
[445.3492584 730.001169 ],[8.34752604e+03 9.86339007e-01]
[445.11536082 729.98558373],[8.30643118e+03 9.80812633e-01]
[445.02723278 729.98132984],[8.29047631e+03 9.78742570e-01]
[444.99544628 729.98123594],[8.28432015e+03 9.78007263e-01]
[444.98501734 729.98256329],[8.28192308e+03 9.77776677e-01]
[444.98257895 730.31447215],[8.34039457e+03 9.70767759e-01]
[444.9830257 730.7695791],[8.30310554e+03 9.75105058e-01]
[444.65384022 730.94190662],[8.34954841e+03 9.84007693e-01]
[444.53122492 731.0045301 ],[8.36682713e+03 9.87398584e-01]
[444.48718604 731.02544044],[8.37309534e+03 9.88679791e-01]
[444.47314197 731.03068411],[8.37514916e+03 9.89148253e-01]
[444.47031595 731.03022877],[8.37561901e+03 9.89306192e-01]
[444.80161839 730.6974641 ],[8.25505224e+03 9.89276560e-01]
[444.92893307 730.56980924],[8.20949261e+03 9.89243861e-01]
[445.30805981 730.52164744],[8.25295969e+03 9.96488813e-01]
[445.44998594 730.83475117],[8.32979796e+03 9.91974356e-01]
[445.50192481 730.95250325],[8.35891716e+03 9.90265133e-01]
[445.84953148 730.99603878],[8.30907279e+03 9.82423423e-01]
[445.97866682 731.01111927],[8.28994583e+03 9.79453646e-01]
[446.02386168 731.01543151],[8.28276315e+03 9.78363572e-01]
[445.70660824 731.01577498],[8.34101170e+03 9.85177744e-01]
[445.5846055  731.01474624],[8.36293656e+03 9.87766039e-01]
[445.86678541 731.01332601],[8.31035147e+03 9.81575835e-01]
[445.9725952  731.01187568],[8.29020670e+03 9.79223103e-01]
[445.67947932 731.0105202 ],[8.22176625e+03 9.71165588e-01]
[445.89858741 731.00929522],[8.25715314e+03 9.75370284e-01]
[445.97968266 730.67784332],[8.33007129e+03 9.70024450e-01]
[445.67825491 730.88216436],[8.23749433e+03 9.67817968e-01]
[445.56258872 730.96062988],[8.20244505e+03 9.67042146e-01]
[445.8502227  730.99006736],[8.25053453e+03 9.74004512e-01]
[445.62807446 731.00076558],[8.32957479e+03 9.83835183e-01]
[445.54341014 730.67386323],[8.29942074e+03 9.94703287e-01]
[445.51133459 730.55006459],[8.28777462e+03 9.98825488e-01]
[445.49958519 730.5046436 ],[8.28337174e+03 1.00031161e+00]
[445.49561725 730.48895284],[8.28171931e+03 1.00079314e+00]
[445.4945844  730.48445422],[8.28111344e+03 1.00089869e+00]
[445.49462473 730.48407098],[8.28090421e+03 1.00086901e+00]
[445.82514945 730.48510761],[8.34033706e+03 9.79295751e-01]
[445.95036883 730.4863948 ],[8.24341157e+03 9.85262230e-01]
[445.66530648 730.819018  ],[8.20520925e+03 9.73303982e-01]
[445.88832776 730.61424769],[8.31107164e+03 9.69110580e-01]
[445.97142391 730.86562457],[8.29210137e+03 9.74492498e-01]
[445.67123259 730.96145168],[8.22376665e+03 9.69441612e-01]
[445.88802453 730.9967431 ],[8.25900990e+03 9.74772268e-01]
[445.9691475  731.00895242],[8.27235361e+03 9.76820260e-01]
[445.99894921 731.01244574],[8.27744515e+03 9.77621155e-01]
[446.00913857 731.01272635],[8.27936061e+03 9.77939718e-01]
[446.01192917 731.01189572],[8.28005724e+03 9.78071200e-01]
[445.68163363 731.01074822],[8.34108337e+03 9.85311048e-01]
[445.5566972  731.00957661],[8.36398484e+03 9.88039121e-01]
[445.83961702 731.00848206],[8.31171742e+03 9.81882882e-01]
[445.94787353 730.67710294],[8.23200780e+03 9.86602377e-01]
[445.98827762 730.8828661 ],[8.26162086e+03 9.81264200e-01]
[446.00281377 730.9606039 ],[8.27288303e+03 9.79259435e-01]
[445.67698267 730.98988851],[8.21642507e+03 9.71319307e-01]
[445.55332449 731.00056886],[8.19515626e+03 9.68338316e-01]
[445.83899407 730.6738366 ],[8.18918814e+03 9.81512510e-01]
[445.94694546 730.55003266],[8.18686196e+03 9.86561169e-01]
[445.65737353 730.50459442],[8.12624122e+03 9.81200873e-01]
[445.54724486 730.4888946 ],[8.22419292e+03 9.93703115e-01]
[445.17760967 730.48439382],[8.20132494e+03 9.91126934e-01]
[445.36851803 730.15328476],[8.31276631e+03 9.90151017e-01]
[445.44249302 730.03010726],[8.35492996e+03 9.89754222e-01]
[445.1422516 730.3158576],[8.25031653e+03 9.89504337e-01]
[445.02956452 730.42686496],[8.21037552e+03 9.89379604e-01]
[444.98928195 730.80054709],[8.25499481e+03 9.82169714e-01]
[445.307001   730.61142069],[8.15214733e+03 9.79305846e-01]
[445.42913585 730.53869055],[8.23419141e+03 9.92803170e-01]
[445.47519474 730.51127038],[8.38513755e+03 9.83568804e-01]
[445.49272949 730.17242034],[8.3822345e+03 9.8716053e-01]
[445.16943268 730.37375863],[8.26002987e+03 9.88462563e-01]
[445.04690012 730.45156481],[8.33287898e+03 9.74776697e-01]
[445.00205699 730.48113119],[8.35989452e+03 9.69732662e-01]
[445.31738273 730.49260772],[8.43136474e+03 9.74989290e-01]
[445.10753349 730.16743807],[8.45887492e+03 9.91120596e-01]
[445.35721509 730.04438021],[8.40766588e+03 9.90173949e-01]
[445.78343542 730.33015905],[8.50909719e+03 9.89819321e-01]
[445.61415054 730.43893496],[8.48577433e+03 9.82577560e-01]
[445.21740061 730.15065715],[8.47697877e+03 9.93967321e-01]
[445.0675967  730.37228348],[8.41190335e+03 1.00553597e+00]
[445.34132445 730.45675287],[8.44698243e+03 1.01714451e+00]
[445.4457012  730.48834852],[8.46005578e+03 1.02145081e+00]
[445.814545   730.49986682],[8.40486476e+03 1.01571863e+00]
[445.62355216 730.17277276],[8.38407230e+03 9.98871368e-01]
[445.88101768 730.0497313 ],[8.43661932e+03 9.99725412e-01]
[445.64622679 730.00423563],[8.39570335e+03 9.92840637e-01]
[445.55548213 729.98847138],[8.38000308e+03 9.90228507e-01]
[445.52077507 729.98395766],[8.37411589e+03 9.89265600e-01]
[445.17667572 730.31384856],[8.49338997e+03 9.89021396e-01]
[445.04753901 730.43899844],[8.53848070e+03 9.88949757e-01]
[445.00011218 730.48611455],[8.55514822e+03 9.88946033e-01]
[444.98398548 730.50316375],[8.56088414e+03 9.88966206e-01]
[444.97967193 730.50873448],[8.44104123e+03 1.00322159e+00]
[445.30987911 730.50988454],[8.45530702e+03 1.01599184e+00]
[445.76471741 730.50956556],[8.40071213e+03 1.01353916e+00]
[445.93733227 730.50876541],[8.38003996e+03 1.01249989e+00]
[445.66990435 730.50785294],[8.31234723e+03 1.00477005e+00]
[445.56654163 730.50696742],[8.28707709e+03 1.00179471e+00]
[445.52683457 730.50615623],[8.27811089e+03 1.00065973e+00]
[445.51145819 730.50543031],[8.39570884e+03 1.01478241e+00]
[445.50547936 730.504787  ],[8.44020263e+03 1.02006032e+00]
[445.5030311  730.50421915],[8.45708282e+03 1.02200526e+00]
[445.50197462 730.50371865],[8.46326829e+03 1.02266625e+00]
[445.50147192 730.50327769],[8.46535584e+03 1.02284130e+00]
[446.16098768 730.50288922],[8.46589738e+03 1.02283834e+00]
[446.07973003 730.50254695],[8.40582798e+03 1.01552087e+00]
[446.04608697 730.50224533],[8.38289542e+03 1.01269760e+00]
[445.70052243 730.50197951],[8.31414769e+03 1.00434639e+00]
[445.56860248 730.50174522],[8.28842077e+03 1.00119804e+00]
[446.51336044 730.50153869],[8.46066711e+03 9.92909772e-01]
[446.86716995 730.50137199],[8.52602409e+03 9.89894379e-01]
[446.66684182 730.50121373],[8.48916930e+03 9.81714022e-01]
[446.58610836 730.50107131],[8.47468430e+03 9.78700816e-01]
[446.55259019 730.50094554],[8.46895736e+03 9.77666607e-01]
[446.20650177 730.8305686 ],[8.34544207e+03 9.77188848e-01]
[446.07386298 730.95518696],[8.29889197e+03 9.77118599e-01]
[446.02379034 731.00059819],[8.28183777e+03 9.77180478e-01]
[446.00515004 731.01594084],[8.27594457e+03 9.77281176e-01]
[445.99847386 731.01998017],[8.27424966e+03 9.77387416e-01]
[445.99632861 731.0198915 ],[8.27409830e+03 9.77487584e-01]
[445.66503321 731.01840957],[8.33535504e+03 9.84770259e-01]
[445.54104686 731.01656383],[8.35869508e+03 9.87545593e-01]
[445.82579741 731.01472987],[8.42832236e+03 9.95778824e-01]
[446.26404457 731.01303404],[8.39398005e+03 9.91724206e-01]
[446.43119008 731.01150898],[8.38060892e+03 9.90145626e-01]
[446.49284478 731.01015316],[8.37545307e+03 9.89537016e-01]
[446.51427811 731.00895368],[8.37345486e+03 9.89301218e-01]
[446.1901506  731.00789468],[8.43345859e+03 9.96390676e-01]
[446.39615944 731.00696054],[8.39537765e+03 9.91891642e-01]
[446.14349676 731.00613681],[8.44147329e+03 9.97337822e-01]
[446.37738469 731.00541056],[8.39804365e+03 9.92206811e-01]
[446.13540826 731.00477027],[8.44216191e+03 9.97419341e-01]
[446.04392368 731.00420577],[8.45865091e+03 9.99367538e-01]
[446.00958695 731.00370809],[8.46465244e+03 1.00007666e+00]
[446.32719913 731.00326931],[8.5273630e+03 1.0074858e+00]
[446.44738255 731.00288247],[8.55072322e+03 1.01024579e+00]
[446.49222524 731.0025414 ],[8.55907812e+03 1.01123294e+00]
[446.17841924 731.0022407 ],[8.50104608e+03 1.00437664e+00]
[445.72763689 731.00197558],[8.41767702e+03 9.94526833e-01]
[445.55828993 731.00174183],[8.38608188e+03 9.90793976e-01]
[445.4969676  731.00153574],[8.37441069e+03 9.89415078e-01]
[445.80754063 731.00135403],[8.30937511e+03 9.81731312e-01]
[445.59518083 731.00119382],[8.34627198e+03 9.86090601e-01]
[445.51680786 731.00105258],[8.36050928e+03 9.87772716e-01]
[445.48900736 731.33133585],[8.30375690e+03 9.67124406e-01]
[445.48062393 731.45539169],[8.28196401e+03 9.59436950e-01]
[446.14334539 731.17124262],[8.45741464e+03 9.64121337e-01]
[446.72088038 731.72027281],[8.58578868e+03 9.72932622e-01]
[446.93788369 731.92815071],[8.63418116e+03 9.76337288e-01]
[447.01657042 732.0042278 ],[8.65174889e+03 9.77674561e-01]
[448.03099494 732.35953966],[8.90550512e+03 9.92272410e-01]
[449.06268838 732.49053131],[9.12499375e+03 1.01148484e+00]
[449.44971766 732.53595621],[9.20724319e+03 1.01877481e+00]
[449.26022564 732.54884466],[9.17405841e+03 1.01458529e+00]
[448.5181236  732.54971356],[8.90829774e+03 1.01306144e+00]
[448.55644197 733.20929117],[8.74431021e+03 1.00525258e+00]
[451.21771839 732.78972571],[9.17608181e+03 1.05920015e+00]
[450.2506292  732.95814485],[8.90887935e+03 1.04472240e+00]
[449.51447079 733.34995232],[8.80470785e+03 1.02382450e+00]
[449.22751223 733.82344529],[8.70207869e+03 1.02313371e+00]
[449.11475323 733.99695714],[8.66363106e+03 1.02282125e+00]
[449.06837343 733.72441756],[8.58721875e+03 1.03005791e+00]
[449.04768027 733.61524599],[8.55897867e+03 1.03274427e+00]
[449.0371727  733.57009374],[8.54910785e+03 1.03366757e+00]
[449.03088391 733.54972684],[8.54613735e+03 1.03392767e+00]
[449.02648812 733.53918873],[8.54571320e+03 1.03394463e+00]
[449.02305852 733.53274299],[8.54617973e+03 1.03387832e+00]
[448.68965796 733.52815769],[8.48680044e+03 1.02651811e+00]
[448.56243828 734.18619838],[8.46488831e+03 1.02368613e+00]
[448.18373855 734.1011638 ],[8.45819350e+03 1.00798943e+00]
[448.37409771 734.39506317],[8.57819931e+03 1.00218788e+00]
[448.44706349 734.50277943],[8.62411042e+03 1.00006356e+00]
[448.80629821 734.53934688],[8.70309108e+03 1.00644427e+00]
[449.27159764 735.20812022],[8.79404962e+03 1.01599489e+00]
[449.44648323 735.45686852],[8.82798418e+03 1.01964095e+00]
[449.51012652 736.20437576],[8.71473076e+03 1.03570950e+00]
[449.53108584 736.48010256],[8.67087689e+03 1.04190614e+00]
[450.19545537 736.57441783],[8.65425594e+03 1.04415725e+00]
[450.11359823 737.59457904],[8.77141010e+03 1.04455058e+00]
[450.4070334  737.96878885],[9.00365115e+03 1.03688402e+00]
[450.84246564 738.09929163],[9.02986386e+03 1.02700285e+00]
[450.6731322  738.13658461],[8.97628499e+03 1.01620053e+00]
[450.60255803 738.13935556],[8.95458805e+03 1.01212384e+00]
[450.24063986 738.45974042],[8.94548282e+03 9.96626798e-01]
[450.76314381 737.91470099],[8.94107560e+03 9.90891962e-01]
[451.61913205 738.02746038],[9.00073572e+03 9.82051205e-01]
[452.26721001 738.06429775],[9.08633871e+03 9.85757815e-01]
[452.83344276 738.40114326],[9.24414180e+03 9.87377265e-01]
[453.3675387  739.18008519],[9.36700541e+03 9.94859958e-01]
[453.23119323 738.81240958],[9.34830243e+03 9.91005322e-01]
[453.49665352 739.32254279],[9.27507415e+03 9.82791140e-01]
[453.58665912 739.5093498 ],[9.24576269e+03 9.79743998e-01]
[453.61092705 739.2427843 ],[9.17097969e+03 9.85374048e-01]
[454.27244895 739.79506811],[9.39645314e+03 9.87794860e-01]
[454.51329233 740.98310859],[9.54480049e+03 9.82147050e-01]
[454.59460628 741.42669742],[9.59999960e+03 9.80074548e-01]
[454.9449025  741.91274629],[9.87717610e+03 9.66754349e-01]
[455.72613344 742.41299139],[9.91693305e+03 9.68115693e-01]
[456.01298575 742.26335518],[9.99346206e+03 9.62504880e-01]
[455.78049796 742.85000573],[1.00872260e+04 9.66919819e-01]
[456.01075363 743.06206968],[1.01820966e+04 9.50035811e-01]
[456.748161   743.78578101],[1.03522503e+04 9.56481715e-01]
[457.01704155 744.05045356],[1.04139379e+04 9.58993239e-01]
[457.76537706 744.13767793],[1.04341218e+04 9.60033242e-01]
[457.37984456 744.15773897],[1.04385824e+04 9.60494232e-01]
[458.20914811 744.8115283 ],[1.07777556e+04 9.67467885e-01]
[458.51290042 744.72097325],[1.08370734e+04 9.76114868e-01]
[458.28880448 746.64745196],[1.06486818e+04 9.60782578e-01]
[458.18819602 747.69544054],[1.05064384e+04 9.60852180e-01]
[458.47171443 748.0741797 ],[1.03816503e+04 9.54616771e-01]
[458.23795439 748.52771936],[1.04682861e+04 9.52619187e-01]
[458.14263778 749.00999702],[1.06976219e+04 9.34335483e-01]
[458.43012354 749.83045782],[1.05818291e+04 9.32880816e-01]
[457.87014862 751.44242661],[1.06662756e+04 9.21082740e-01]
[457.65401123 752.35978306],[1.05018408e+04 9.33830078e-01]
[457.90055034 755.33013033],[1.00994563e+04 9.31873560e-01]
[457.65790303 756.75127225],[9.95355579e+03 9.43699470e-01]
[457.89765345 757.2451124 ],[9.96055414e+03 9.29657246e-01]
[457.32116832 758.71919779],[9.97343643e+03 9.49425336e-01]
[457.43511818 759.56967552],[1.01109499e+04 9.57245909e-01]
[457.47854914 760.18335189],[1.02293213e+04 9.54052048e-01]
[457.82461241 759.71932048],[1.04744169e+04 9.47152521e-01]
[456.96799083 761.81235588],[1.03021647e+04 9.56187972e-01]
[456.64069911 762.90984111],[1.03009439e+04 9.53621045e-01]
[456.8497051  764.27935937],[1.02964695e+04 9.40304752e-01]
[456.60070684 765.74983439],[1.05589156e+04 9.24217488e-01]
[456.83938449 766.60013382],[1.07941994e+04 9.18903556e-01]
[456.93184773 767.86862199],[1.08176639e+04 9.22504283e-01]
[456.63885188 768.64192614],[1.08182264e+04 9.12362762e-01]
[455.86757106 769.22627498],[1.10265710e+04 9.15234425e-01]
[455.25179672 770.72394762],[1.11762101e+04 9.22342431e-01]
[454.69479027 771.91452049],[1.11583769e+04 9.19155431e-01]
[454.48987956 772.9858574 ],[1.12939711e+04 9.29950136e-01]
[453.76383534 774.99878469],[1.12649279e+04 9.16689046e-01]
[453.49583853 775.39383654],[1.11838408e+04 9.17095377e-01]
[452.4142005  776.81731083],[1.13579739e+04 9.12409512e-01]
[452.01746486 778.95921897],[1.16375729e+04 9.17100965e-01]
[451.87981433 779.73316517],[1.17420038e+04 9.18888016e-01]
[451.84144135 780.63868234],[1.1778661e+04 9.1960570e-01]
[451.8398101  782.25427018],[1.17892875e+04 9.19904262e-01]
[450.8629842  784.46982329],[1.20718264e+04 9.09976244e-01]
[450.50382158 785.26711272],[1.21764777e+04 9.06335071e-01]
[449.39369207 788.14513155],[1.25825760e+04 9.11703066e-01]
[448.98613633 789.19585758],[1.27344760e+04 9.13718082e-01]
[447.86368775 790.85466577],[1.27102390e+04 9.08978634e-01]
[447.12314951 792.09127189],[1.27735053e+04 9.12746497e-01]
[446.20393667 794.48071331],[1.30924802e+04 9.15152117e-01]
[445.54629494 795.00999715],[1.30600286e+04 9.15614834e-01]
[444.98875225 797.12564666],[1.34238893e+04 9.22161840e-01]
[443.16235301 799.84486183],[1.36376407e+04 9.30004185e-01]
[441.83073241 802.46745809],[1.40980804e+04 9.28678926e-01]
[441.34645174 803.40891867],[1.42698146e+04 9.28186265e-01]
[440.53586964 804.35899124],[1.44912401e+04 9.38495232e-01]
[439.92571922 806.30043824],[1.47274952e+04 9.42682160e-01]
[437.43381518 809.60527045],[1.52141685e+04 9.49920062e-01]
[436.83184994 810.80598018],[1.54774735e+04 9.57722293e-01]
[435.33087503 812.50854456],[1.57363016e+04 9.70877283e-01]
[432.83355677 813.74917104],[1.59929108e+04 9.86059308e-01]
[429.63130415 816.12874077],[1.63326441e+04 9.86695700e-01]
[428.43771682 818.93867795],[1.66215961e+04 9.76902428e-01]
[426.39531125 821.25561272],[1.66371639e+04 9.68095183e-01]
[423.69572844 824.36566741],[1.67211525e+04 9.79502282e-01]
[422.71855034 825.47739345],[1.67440388e+04 9.83835892e-01]
[419.12487333 829.11532105],[1.74315033e+04 9.85581579e-01]
[417.80731358 830.75297572],[1.77747445e+04 9.81399991e-01]
[416.05790204 832.60989492],[1.8074113e+04 9.8939289e-01]
[413.1626473  834.88034806],[1.83560092e+04 9.92398243e-01]
[409.50101527 838.2923379 ],[1.91708468e+04 1.01247050e+00]
[404.92163746 842.78851654],[1.96600199e+04 1.01039407e+00]
[403.21661788 844.428177  ],[1.98371487e+04 1.00950876e+00]
[400.68660663 846.60022546],[2.01685895e+04 1.01361732e+00]
[397.83842006 848.98018904],[2.05629186e+04 1.01959183e+00]
[391.93896549 854.05904572],[2.16528061e+04 1.02116997e+00]
[389.75179558 856.24115615],[2.19668254e+04 1.02627047e+00]
[386.72852538 858.28596872],[2.21670376e+04 1.03258579e+00]
[383.05340096 860.93630833],[2.24193061e+04 1.04380443e+00]
[378.80567281 864.80498545],[2.30939721e+04 1.04726922e+00]
[374.99415524 867.1680422 ],[2.33349333e+04 1.05748350e+00]
[368.42175344 872.8895172 ],[2.45345106e+04 1.04647099e+00]
[366.00036931 874.97645357],[2.49843937e+04 1.04243152e+00]
[360.95759507 878.27549919],[2.54437118e+04 1.05335668e+00]
[356.53354705 881.39508594],[2.58048689e+04 1.06584953e+00]
[351.37487162 884.1160622 ],[2.58980452e+04 1.09696703e+00]
[346.58916537 887.67151199],[2.66864291e+04 1.08520274e+00]
[338.36893054 896.10512754],[2.73828025e+04 1.09723926e+00]
[335.01781836 899.22903245],[2.77372082e+04 1.10580257e+00]
[327.04865448 904.55118625],[2.85138236e+04 1.10749499e+00]
[324.1298066  906.78030377],[2.89126714e+04 1.10353810e+00]
[319.26309081 911.09505268],[2.93508366e+04 1.12245099e+00]
[310.71804258 918.1883242 ],[3.03905924e+04 1.13589033e+00]
[307.57800068 920.75358186],[3.07749981e+04 1.14087938e+00]
[301.66727802 923.87745216],[3.11320889e+04 1.14199505e+00]
[294.34926172 928.20545247],[3.1931059e+04 1.1488842e+00]
[288.13156985 932.99280853],[3.23624130e+04 1.13855445e+00]
[276.13151479 941.54929645],[3.37769226e+04 1.15195990e+00]
[271.71754391 944.68062085],[3.43046459e+04 1.15685866e+00]
[266.65335381 948.65823791],[3.47271243e+04 1.15796994e+00]
[254.15742443 957.54935851],[3.63668576e+04 1.14674221e+00]
[244.36600057 963.71959462],[3.73119791e+04 1.16118468e+00]
[240.80926295 966.24797425],[3.77875562e+04 1.16244225e+00]
[234.1535855  970.30612795],[3.88489181e+04 1.15686757e+00]
[226.61314519 976.26161726],[3.92322534e+04 1.15468774e+00]
[219.05595587 982.95209607],[4.05178625e+04 1.15509739e+00]
[209.55133128 988.93125487],[4.14990548e+04 1.16153868e+00]
[200.5990568  994.63707261],[4.21169998e+04 1.16337355e+00]
[ 191.53956663 1001.5397518 ],[4.30101411e+04 1.15892792e+00]
[ 181.79754012 1007.58874866],[4.39771067e+04 1.16673073e+00]
[ 172.13181635 1014.94009195],[4.49998846e+04 1.17183067e+00]
[ 162.82537143 1021.80588565],[4.6074508e+04 1.1686959e+00]
[ 152.68589658 1029.12968896],[4.73068725e+04 1.16581251e+00]
[ 141.58332138 1036.62451879],[4.83014903e+04 1.17055334e+00]
[ 130.44433345 1043.20460631],[4.95429724e+04 1.16380855e+00]
[ 120.60219008 1051.37822645],[5.03015583e+04 1.15397978e+00]
[ 115.91976088 1058.53678574],[4.87567586e+04 1.10240232e+00]
[ 110.68299784 1066.27634471],[4.72444324e+04 1.03722072e+00]
[ 105.20686148 1073.90482611],[4.50064667e+04 9.83723853e-01]
[ 100.32416148 1082.14675203],[4.33309742e+04 9.29121725e-01]
[  94.9905309  1090.61181849],[4.15358177e+04 8.68956140e-01]
[  89.49132732 1099.48318954],[3.97690191e+04 8.05521267e-01]
[  83.59099196 1108.17715475],[3.72546402e+04 7.50237168e-01]
[  77.550863   1117.78558875],[3.49932951e+04 6.87461566e-01]
[  71.47044476 1126.74694614],[3.28572152e+04 6.21845089e-01]
[  61.09754481 1128.30173258],[2.50208873e+04 5.96767003e-01]
[  52.42731496 1131.34873884],[2.00359141e+04 5.48739296e-01]
[  50.16642984 1131.8093042 ],[1.86228088e+04 5.40556627e-01]
[  45.614575   1135.50217561],[1.59557943e+04 5.21613506e-01]
[  39.6811954  1138.59829117],[1.30327079e+04 4.83275549e-01]
[  32.89504936 1142.89628118],[1.01084639e+04 4.28189402e-01]
[  25.04999199 1152.55400885],[7.31336930e+03 3.43208211e-01]
[  17.71335497 1166.16040225],[4.83821173e+03 2.59404063e-01]
[  17.71335497 1166.16040225],[4.83821173e+03 2.59404063e-01]
[197.  681.5],[4.36600000e+03 1.25423729e+00]
[197.  681.5],[4.36600000e+03 1.25423729e+00]
[197.  681.5],[4.36600000e+03 1.25423729e+00]
[197.  681.5],[4.36600000e+03 1.25423729e+00]
[201.4 680.7],[4.92072000e+03 1.33993399e+00]
[203.71758847 680.54717655],[5.07891426e+03 1.44055003e+00]
[205.30495486 680.49507833],[5.13610767e+03 1.47744029e+00]
[207.59943523 680.1064079 ],[5.43477186e+03 1.52895876e+00]
[209.73135408 678.90137007],[5.77042878e+03 1.57257350e+00]
[211.46200363 678.49455419],[6.23358282e+03 1.60551728e+00]
[214.36537226 678.36560842],[6.54792731e+03 1.72779513e+00]
[217.04785467 679.70630887],[6.62624916e+03 1.84736628e+00]
[221.90743415 679.87531708],[7.11303095e+03 1.81022684e+00]
[223.74752233 680.26826752],[7.21189740e+03 1.81601576e+00]
[227.29384649 679.75769306],[7.34955375e+03 1.76895311e+00]
[231.51717411 680.55340849],[7.35714202e+03 1.77795886e+00]
[235.66200288 680.86160018],[7.11722030e+03 1.79710314e+00]
[242.73299368 680.64342138],[7.06362304e+03 1.85460221e+00]
[245.32704313 680.559359  ],[7.03807034e+03 1.87586835e+00]
[248.48923707 680.86014574],[6.97910655e+03 1.83052558e+00]
[254.51378603 680.64015002],[7.14777152e+03 1.82443464e+00]
[254.51378603 680.64015002],[7.14777152e+03 1.82443464e+00]
[259.62815816 680.22602948],[7.24237836e+03 1.79228614e+00]
[261.44804221 680.06833468],[7.27348952e+03 1.77951590e+00]
[264.96192319 679.35149917],[7.23891802e+03 1.76388428e+00]
[268.13959795 679.41006826],[7.23123761e+03 1.79654400e+00]
[271.51999552 679.1062507 ],[7.25838185e+03 1.77982174e+00]
[275.63675801 678.99572431],[7.22311968e+03 1.76281463e+00]
[279.37402862 678.95834342],[7.24921333e+03 1.76638182e+00]
[285.60031674 679.27834585],[7.28890825e+03 1.73936498e+00]
[287.82009004 679.40257518],[7.30142663e+03 1.72908500e+00]
[290.825909   679.45221854],[7.26115893e+03 1.71500068e+00]
[294.13374981 679.14339589],[7.36085303e+03 1.70262007e+00]
[297.22912569 679.68424144],[7.39717174e+03 1.69803951e+00]
[300.24460446 679.89257423],[7.55659965e+03 1.66330875e+00]
[306.20390568 679.64469827],[7.49765669e+03 1.65681983e+00]
[308.31825873 679.54815879],[7.47292455e+03 1.65464370e+00]
[311.29001197 679.1826967 ],[7.34483878e+03 1.66047070e+00]
[316.24729681 679.70566395],[7.44079720e+03 1.63043589e+00]
[320.29396897 679.90237921],[7.43087336e+03 1.60983102e+00]
[321.33882159 679.97704821],[7.47138191e+03 1.61211282e+00]
[325.23855895 680.00427458],[7.58436469e+03 1.57316832e+00]
[326.57353318 679.68679627],[7.55464422e+03 1.57379769e+00]
[328.93282685 679.23442411],[7.52094793e+03 1.54072071e+00]
[331.35007102 679.06352417],[7.55373513e+03 1.53820194e+00]
[334.46105806 679.65704376],[7.51885416e+03 1.52820261e+00]
[336.83747933 679.88484812],[7.50500019e+03 1.52484469e+00]
[339.60270267 679.6418392 ],[7.42890612e+03 1.53841456e+00]
[341.85320909 679.21777792],[7.37755860e+03 1.51045761e+00]
[344.57338345 679.05893123],[7.59131903e+03 1.49126929e+00]
[346.48204352 679.32745904],[7.6495984e+03 1.5073672e+00]
[348.08756462 679.10419366],[7.55296699e+03 1.51864892e+00]
[352.55417801 679.350912  ],[7.63202352e+03 1.46315074e+00]
[354.12875244 679.44395549],[7.65957918e+03 1.44320906e+00]
[355.94059858 679.48017531],[7.57264610e+03 1.41795299e+00]
[359.17485038 680.47886235],[7.56839274e+03 1.44008453e+00]
[360.28900393 680.85926577],[7.70348140e+03 1.42298355e+00]
[361.93051296 681.32614714],[7.58859456e+03 1.41162376e+00]
[364.43949698 681.49926144],[7.54441590e+03 1.40774786e+00]
[366.28275649 681.55832129],[7.61391298e+03 1.37286404e+00]
[367.5431086  682.22996287],[7.63984331e+03 1.36039207e+00]
[369.91917061 683.13680968],[7.64962253e+03 1.35614125e+00]
[373.04687609 683.80260187],[7.53671196e+03 1.35802366e+00]
[374.13123311 684.04422033],[7.49387150e+03 1.35924189e+00]
[376.44110042 684.78340323],[7.61117992e+03 1.33627442e+00]
[377.22331048 685.05079472],[7.65557638e+03 1.32814131e+00]
[378.75930703 685.1388489 ],[7.57147788e+03 1.30801025e+00]
[380.91566832 685.48773254],[7.55354053e+03 1.28100424e+00]
[381.64091542 685.60853282],[7.54709939e+03 1.27138992e+00]
[382.83499172 685.97063469],[7.55754583e+03 1.24898243e+00]
[384.53954602 686.42508326],[7.73032017e+03 1.24768354e+00]
[385.1142312 686.5870471],[7.79573668e+03 1.24748564e+00]
[386.58548687 687.62036328],[7.65140694e+03 1.24138995e+00]
[387.73613446 688.00198642],[7.72410249e+03 1.21898199e+00]
[389.10170454 688.46103103],[7.76123796e+03 1.19298888e+00]
[390.21614642 688.9494631 ],[7.72923979e+03 1.15795570e+00]
[391.57012547 689.44884117],[7.83376203e+03 1.14444373e+00]
[393.01642729 690.27856645],[7.70772399e+03 1.11584814e+00]
[394.49719981 690.90829465],[7.66406134e+03 1.08907417e+00]
[394.9864575  691.13220238],[7.64856213e+03 1.07975215e+00]
[395.44715528 691.19995019],[7.69961685e+03 1.08480722e+00]
[396.89935441 691.86549744],[7.60683567e+03 1.07145345e+00]
[397.72455927 692.43177649],[7.45742694e+03 1.06736278e+00]
[398.31455931 692.95955378],[7.51699974e+03 1.06600889e+00]
[399.48802412 694.12966621],[7.42572754e+03 1.06633288e+00]
[400.54694781 694.88602952],[7.33343177e+03 1.07547652e+00]
[400.89832824 695.48137601],[7.47606158e+03 1.05389130e+00]
[402.31502302 696.6710126 ],[7.47216540e+03 1.05449779e+00]
[402.80551937 697.10301703],[7.47102606e+03 1.05508918e+00]
[403.6112535  698.56159932],[7.58814726e+03 1.03931992e+00]
[403.87496093 698.76291744],[7.69094782e+03 1.02592910e+00]
[404.26765553 698.48715732],[7.61470166e+03 1.02127103e+00]
[404.71053673 699.67099265],[7.87593134e+03 9.97131562e-01]
[405.50775014 701.07706146],[7.91674847e+03 9.95853288e-01]
[405.77724668 702.25036805],[7.93100115e+03 9.95714805e-01]
[406.17884527 703.32776888],[7.99420127e+03 1.00337946e+00]
[406.30362967 704.03788462],[8.07577304e+03 9.99171609e-01]
[406.6536777  704.93564808],[8.04608844e+03 9.90476669e-01]
[407.09098469 705.90519216],[8.21093607e+03 9.80459473e-01]
[407.56360775 706.57351841],[8.27390277e+03 9.91127525e-01]
[408.70794426 707.4541408 ],[8.23544610e+03 9.88215417e-01]
[409.11920859 708.08756955],[8.27828304e+03 9.80198806e-01]
[408.91980169 708.6275982 ],[8.29438834e+03 9.91584398e-01]
[409.48247508 709.79071735],[8.47829058e+03 9.74976970e-01]
[409.67551166 710.53194008],[8.48687879e+03 9.75789427e-01]
[409.72847886 711.11210933],[8.54776942e+03 9.69443284e-01]
[410.38983988 711.63215845],[8.62884535e+03 9.60491605e-01]
[409.96257605 712.13020924],[8.71751329e+03 9.50717598e-01]
[410.11402899 712.94812182],[8.81280765e+03 9.54068183e-01]
[410.48730279 714.873307  ],[8.97088687e+03 9.55815960e-01]
[410.6161784 715.5787936],[9.02894232e+03 9.56596440e-01]
[410.65177084 715.81554523],[9.17048435e+03 9.44265420e-01]
[410.6529478  715.55105517],[9.16085091e+03 9.46008882e-01]
[410.97187938 716.40347728],[9.28037837e+03 9.47213389e-01]
[411.0829857  717.35913877],[9.32328311e+03 9.47766945e-01]
[411.11494138 718.35401452],[9.33675383e+03 9.48076696e-01]
[411.44694277 718.70495847],[9.27376831e+03 9.41644098e-01]
[411.23302074 719.46851668],[9.31298514e+03 9.45940551e-01]
[411.80367161 719.73131432],[9.20191202e+03 9.60409030e-01]
[412.0123033  720.46375729],[9.28221904e+03 9.53118440e-01]
[412.08240333 721.70393827],[9.24909162e+03 9.56793268e-01]
[412.1002656  722.14777287],[9.23499375e+03 9.58236986e-01]
[412.09906783 722.94836686],[9.35285808e+03 9.46052424e-01]
[412.42158911 723.88326037],[9.58662095e+03 9.35855580e-01]
[412.20779821 724.86829861],[9.74149999e+03 9.38574910e-01]
[412.12034213 725.21682568],[9.79845981e+03 9.39662805e-01]
[412.41063737 725.97778173],[9.88477334e+03 9.46580782e-01]
[412.51628371 726.89759329],[9.91495933e+03 9.49256895e-01]
[412.88012022 727.219084  ],[9.99100287e+03 9.56731899e-01]
[413.01311446 727.31305276],[1.00173662e+04 9.59579042e-01]
[413.05771817 727.98178687],[1.00248569e+04 9.60640669e-01]
[413.06881411 728.54055259],[1.03566028e+04 9.55395492e-01]
[413.39596625 729.71314727],[1.04772375e+04 9.41338583e-01]
[413.84492971 729.48379944],[1.03209854e+04 9.41453958e-01]
[413.67893709 731.01412523],[1.03920375e+04 9.41980832e-01]
[413.61043102 731.56995442],[1.04165664e+04 9.42215547e-01]
[413.90861368 732.41320001],[1.04927065e+04 9.48606572e-01]
[414.01687989 732.70712238],[1.03873994e+04 9.63123297e-01]
[414.05263872 733.12076825],[1.04110702e+04 9.62576111e-01]
[414.0610215  733.58338675],[1.03521993e+04 9.68463634e-01]
[414.38911041 733.73326136],[1.03920401e+04 9.52049976e-01]
[414.50876527 734.42806951],[1.04050392e+04 9.45897323e-01]
[414.54868105 734.67036147],[1.04087855e+04 9.43594756e-01]
[415.21967232 735.07010553],[1.04743935e+04 9.36880907e-01]
[415.46761846 737.17617913],[1.04981315e+04 9.34405621e-01]
[415.88450684 737.6258073 ],[1.05103810e+04 9.45632412e-01]
[416.03450404 737.7686411 ],[1.05133985e+04 9.49973029e-01]
[415.75330539 738.12817239],[1.06493203e+04 9.51917029e-01]
[415.6398719  738.90110105],[1.06997952e+04 9.52645160e-01]
[415.92027964 739.5012898 ],[1.07138353e+04 9.40847216e-01]
[416.02152353 740.03545854],[1.07832119e+04 9.30679238e-01]
[416.7151562 740.2162148],[1.06653671e+04 9.14670075e-01]
[416.63917774 740.26228101],[1.06909323e+04 9.14852541e-01]
[416.27334003 740.58834221],[1.07055931e+04 9.26800191e-01]
[416.13014181 741.35288539],[1.07096781e+04 9.31457953e-01]
[416.07181939 741.95319976],[1.07764370e+04 9.27551696e-01]
[416.04673425 742.16112267],[1.08008258e+04 9.26118784e-01]
[416.03480993 742.220201  ],[1.08090739e+04 9.25617466e-01]
[416.02823122 742.22427918],[1.08112201e+04 9.25469376e-01]
[416.0239469 742.5393492],[1.08771428e+04 9.19836023e-01]
[416.35103497 742.64428242],[1.08292089e+04 9.11702134e-01]
[416.47301667 742.34006373],[1.10207402e+04 9.15306884e-01]
[417.17482958 743.19942455],[1.08819885e+04 9.10160150e-01]
[416.7762319  743.51473712],[1.09725396e+04 9.20382110e-01]
[416.95221052 743.62082047],[1.10659384e+04 9.07265957e-01]
[417.01562815 744.30660312],[1.09682325e+04 9.13238517e-01]
[416.37510318 744.8853957 ],[1.08635285e+04 9.21207718e-01]
[416.79150529 744.75806372],[1.07457667e+04 9.06525502e-01]
[416.94844788 744.69749871],[1.07007338e+04 9.01008270e-01]
[417.336743   744.99276959],[1.08217567e+04 8.99649316e-01]
[417.80994536 745.42345262],[1.07303470e+04 8.98575324e-01]
[417.98448111 745.57539439],[1.06957609e+04 8.98254724e-01]
[418.37576159 746.6129327 ],[1.06751422e+04 8.86759083e-01]
[417.85306089 746.99279804],[1.08135927e+04 8.94615897e-01]
[417.65294413 747.12262186],[1.08656917e+04 8.97616558e-01]
[417.57353179 747.15783492],[1.08852332e+04 8.98812708e-01]
[417.87124686 747.15834634],[1.08195715e+04 8.93306883e-01]
[417.98183369 747.47715677],[1.07295799e+04 8.96637482e-01]
[418.0205393  747.58668681],[1.08253537e+04 8.87201855e-01]
[418.03214884 747.61860219],[1.08613878e+04 8.83749956e-01]
[418.36443779 747.62077518],[1.08014769e+04 8.76557140e-01]
[418.48695651 748.27214238],[1.06313287e+04 8.61982649e-01]
[418.8620822  748.51029107],[1.05150462e+04 8.72978257e-01]
[418.99765321 748.58967809],[1.04713959e+04 8.77345878e-01]
[419.0435675 748.6100409],[1.04561633e+04 8.79074311e-01]
[419.05584782 748.93999613],[1.05150913e+04 8.74469774e-01]
[418.72486412 748.72616083],[1.05472569e+04 8.84138399e-01]
[418.596936  747.9742333],[1.06878876e+04 8.77200008e-01]
[418.54631944 747.68708073],[1.07412551e+04 8.74662515e-01]
[418.52574215 747.90491745],[1.08252561e+04 8.68584134e-01]
[418.18662298 748.31494756],[1.07193550e+04 8.65539944e-01]
[418.05766748 748.4685622 ],[1.06787301e+04 8.64460638e-01]
[418.00992793 748.52300612],[1.06633559e+04 8.64126116e-01]
[418.32392326 748.53984044],[1.07311119e+04 8.70025052e-01]
[418.77258545 748.54267341],[1.06833197e+04 8.66355775e-01]
[418.94217105 748.5405387 ],[1.06650394e+04 8.64995609e-01]
[418.34210208 748.53686869],[1.06581974e+04 8.64525919e-01]
[418.44480242 748.20264424],[1.06452449e+04 8.53356983e-01]
[418.15212305 748.07482783],[1.07144717e+04 8.55150438e-01]
[418.37297059 748.02582677],[1.06665770e+04 8.49987395e-01]
[418.45744673 748.33716947],[1.07332709e+04 8.65026177e-01]
[418.81824013 748.45503861],[1.06842737e+04 8.64858075e-01]
[418.95490542 748.49819227],[1.06655633e+04 8.64792798e-01]
[418.67402062 748.51294433],[1.07319143e+04 8.70729496e-01]
[418.56652292 748.51700103],[1.07568880e+04 8.72966651e-01]
[418.52505513 748.5171356 ],[1.07661317e+04 8.73794716e-01]
[418.50912584 748.51593069],[1.07693398e+04 8.74082135e-01]
[418.50304952 748.51435996],[1.07702611e+04 8.74164746e-01]
[418.50076404 748.51278017],[1.07703383e+04 8.74171757e-01]
[418.49993236 748.51131282],[1.07701228e+04 8.74152558e-01]
[418.49965483 748.50999078],[1.07698233e+04 8.74125830e-01]
[418.49958566 748.50881452],[1.07695168e+04 8.74098469e-01]
[418.49959226 748.17734492],[1.08333471e+04 8.68899675e-01]
[418.49962414 748.05225268],[1.08571860e+04 8.66948002e-01]
[418.49966228 748.00584869],[1.08658002e+04 8.66221646e-01]
[418.49969978 748.31960655],[1.08045760e+04 8.71095279e-01]
[418.49973435 748.43961088],[1.07809836e+04 8.72970690e-01]
[418.49976541 748.48458853],[1.07719881e+04 8.73672457e-01]
[418.49979301 747.83967259],[1.07685791e+04 8.73924993e-01]
[418.49981745 747.59640382],[1.07673090e+04 8.74006874e-01]
[418.49983902 747.83746775],[1.07027253e+04 8.79262096e-01]
[418.49985806 747.93136681],[1.06784097e+04 8.81247624e-01]
[418.49987485 747.63694866],[1.07338264e+04 8.76683326e-01]
[418.49988966 747.52754777],[1.07549218e+04 8.74950903e-01]
[418.49990271 747.48837042],[1.07629747e+04 8.74284957e-01]
[418.49991422 747.47592431],[1.07660031e+04 8.74029056e-01]
[418.83032227 747.47345507],[1.06937573e+04 8.67977661e-01]
[418.62367887 747.47454796],[1.07399957e+04 8.71663727e-01]
[418.5451729  747.80712095],[1.08215475e+04 8.67898505e-01]
[418.18498349 747.60410068],[1.07149262e+04 8.65699795e-01]
[418.3801341  747.85779293],[1.08119559e+04 8.65702153e-01]
[418.45451975 747.95385662],[1.08485844e+04 8.65723728e-01]
[418.48311555 747.98990308],[1.08621773e+04 8.65755811e-01]
[418.49405843 748.00289273],[1.08669311e+04 8.65789478e-01]
[418.49820538 747.67700585],[1.0804292e+04 8.7095334e-01]
[418.49974325 747.88416756],[1.08444579e+04 8.67769371e-01]
[418.50028378 747.96244854],[1.08594339e+04 8.66576876e-01]
[418.50044656 747.99179036],[1.08648566e+04 8.66135535e-01]
[418.50046931 747.67218135],[1.08025779e+04 8.71116253e-01]
[418.5004429  747.21987877],[1.08430131e+04 8.67854709e-01]
[418.83077515 747.38130629],[1.08478195e+04 8.55680945e-01]
[418.29280078 747.77391531],[1.07858633e+04 8.56136273e-01]
[418.08988409 747.59425266],[1.06989162e+04 8.61454835e-01]
[418.01472479 747.85756829],[1.07298716e+04 8.58412965e-01]
[417.98821514 747.62642552],[1.06785226e+04 8.62388096e-01]
[417.98010321 747.53852973],[1.06594116e+04 8.63930331e-01]
[417.97881165 747.50600193],[1.06527021e+04 8.64521287e-01]
[417.64930425 747.49455558],[1.07240563e+04 8.70704762e-01]
[417.85655585 747.49107749],[1.06781255e+04 8.67085010e-01]
[417.60719651 747.8211883 ],[1.07982055e+04 8.66484501e-01]
[418.17463486 747.28625282],[1.08437218e+04 8.66250472e-01]
[417.73159072 747.41325347],[1.07967071e+04 8.71292431e-01]
[418.22420596 747.79378324],[1.08426940e+04 8.68039892e-01]
[418.41158524 747.60723053],[1.09238037e+04 8.61724833e-01]
[418.481637   747.86542975],[1.08901534e+04 8.64403174e-01]
[418.50675525 747.9634792 ],[1.08767199e+04 8.65446192e-01]
[418.51479226 748.32974118],[1.08071400e+04 8.70981508e-01]
[418.18615977 748.79761741],[1.07709844e+04 8.62007482e-01]
[418.39199503 748.97027114],[1.0831208e+04 8.6454336e-01]
[418.13907855 749.03107686],[1.07800045e+04 8.59607483e-01]
[418.04276287 748.71918226],[1.08445028e+04 8.74730756e-01]
[418.00716729 748.59690815],[1.08680651e+04 8.80470017e-01]
[417.66507924 749.2104182 ],[1.09325631e+04 8.66339633e-01]
[417.86687009 749.43852058],[1.10303564e+04 8.66910684e-01]
[417.9445558 749.5208428],[1.10668506e+04 8.67116025e-01]
[417.97503416 749.54734973],[1.10798108e+04 8.67195833e-01]
[417.65728793 749.88282893],[1.10932752e+04 8.78189282e-01]
[417.53807318 750.33612001],[1.11626394e+04 8.77199725e-01]
[417.49462661 750.50142887],[1.11879896e+04 8.76794962e-01]
[417.48021392 750.55753556],[1.11965520e+04 8.76608086e-01]
[417.47673702 751.23259149],[1.11987731e+04 8.76508596e-01]
[417.14731495 751.48132158],[1.12732623e+04 8.82283253e-01]
[417.02479447 751.56714286],[1.13005045e+04 8.84438521e-01]
[416.98118614 751.92164852],[1.13758500e+04 8.80068927e-01]
[416.96769238 752.04789707],[1.14031920e+04 8.78391526e-01]
[416.6356385 752.4170997],[1.14026321e+04 8.66936875e-01]
[416.84360721 752.5489715 ],[1.14768998e+04 8.68383245e-01]
[416.59509308 753.24919562],[1.14279340e+04 8.63217342e-01]
[416.50360346 753.5059598 ],[1.15387533e+04 8.51529205e-01]
[416.14165621 753.59376376],[1.16568332e+04 8.52891142e-01]
[416.33852225 754.27449768],[1.17774656e+04 8.59096450e-01]
[416.41692872 754.85256913],[1.18879011e+04 8.56687412e-01]
[416.44979325 755.71797685],[1.17950757e+04 8.65454847e-01]
[416.46464398 756.033972  ],[1.17572589e+04 8.68887594e-01]
[416.1424871  756.46915912],[1.17508530e+04 8.80875393e-01]
[415.36465795 757.28076689],[1.18820133e+04 8.75363940e-01]
[415.07262696 757.57162434],[1.19302102e+04 8.73279664e-01]
[414.63825668 758.98401726],[1.18698052e+04 8.66831436e-01]
[414.48046366 759.50244862],[1.18452673e+04 8.64372814e-01]
[414.09785436 759.67857005],[1.17575222e+04 8.57812776e-01]
[413.96125034 760.71563608],[1.17896244e+04 8.50561911e-01]
[413.5867974  760.75964803],[1.21028400e+04 8.59936031e-01]
[413.45313902 761.74337939],[1.21529334e+04 8.68229201e-01]
[413.08205595 763.08756039],[1.21793811e+04 8.81915714e-01]
[412.62065458 763.57384076],[1.22643164e+04 8.92739569e-01]
[411.79767618 765.05590288],[1.24337772e+04 8.86772100e-01]
[411.8224819  765.26197717],[1.24865379e+04 8.74110998e-01]
[411.18489369 765.97165489],[1.25036579e+04 8.69292281e-01]
[410.29505417 767.53265587],[1.26662885e+04 8.78456758e-01]
[409.97099283 768.09917863],[1.27254691e+04 8.81911917e-01]
[409.53337354 768.94429709],[1.26663719e+04 8.77725150e-01]
[409.05202084 769.89557009],[1.28601738e+04 8.72005836e-01]
[409.213297   769.90030156],[1.29417033e+04 8.80006565e-01]
[408.9594315  771.18943288],[1.30493661e+04 8.88483706e-01]
[407.89038478 773.29957908],[1.30788420e+04 8.81464639e-01]
[407.49576293 774.06825275],[1.30867524e+04 8.78756848e-01]
[407.03196054 774.65496478],[1.30965657e+04 8.87904401e-01]
[406.21321061 776.16360585],[1.30975695e+04 8.91385219e-01]
[405.58890924 777.03005234],[1.35533178e+04 8.94333859e-01]
[405.36778423 778.31049229],[1.37976595e+04 8.90680620e-01]
[404.64562007 778.76428395],[1.4051602e+04 8.9975469e-01]
[403.0786037  781.20050538],[1.45477237e+04 9.19232316e-01]
[402.49672518 781.76351443],[1.48101542e+04 9.21750495e-01]
[401.96847532 782.26718915],[1.47456001e+04 9.22248515e-01]
[401.78884697 784.06515056],[1.46370241e+04 9.27128991e-01]
[400.42886926 784.70853539],[1.52211476e+04 9.10575195e-01]
[399.60492645 785.90035715],[1.52911857e+04 9.23399787e-01]
[398.33162038 787.63244656],[1.55517470e+04 9.23980429e-01]
[398.19585877 789.56397026],[1.57304110e+04 9.29166609e-01]
[397.84244016 791.57179312],[1.60375590e+04 9.26744985e-01]
[396.74963476 792.61937476],[1.63155553e+04 9.26129448e-01]
[395.70063688 794.93775081],[1.65893109e+04 9.35661277e-01]
[393.69157249 796.75951945],[1.68562412e+04 9.39514960e-01]
[392.94761391 797.40257679],[1.69509002e+04 9.40910010e-01]
[392.36714057 798.90826053],[1.67255743e+04 9.45728165e-01]
[391.84946768 800.7475678 ],[1.68855541e+04 9.43056190e-01]
[391.02514911 802.05094598],[1.69403620e+04 9.41972856e-01]
[389.42620369 803.80920072],[1.72995807e+04 9.42040889e-01]
[388.19232483 805.7385914 ],[1.72629836e+04 9.51191353e-01]
[387.4262555  808.06534934],[1.75924505e+04 9.64589616e-01]
[386.18515417 809.54778594],[1.79741932e+04 9.65015115e-01]
[384.76198871 811.3668841 ],[1.82037167e+04 9.69870185e-01]
[382.9435793  813.97208294],[1.84637972e+04 9.81153079e-01]
[380.97789986 816.21717691],[1.89148328e+04 9.85416723e-01]
[379.61086294 817.66366002],[1.92619159e+04 9.96311781e-01]
[377.49846045 819.46202239],[1.96613446e+04 9.95632502e-01]
[376.07768901 821.39504358],[1.99897531e+04 1.00450486e+00]
[374.60027282 824.03628615],[2.0386064e+04 1.0030564e+00]
[370.81781704 828.25305383],[2.09017301e+04 1.02062514e+00]
[369.41536013 830.12040377],[2.11860456e+04 1.02253185e+00]
[367.30342054 832.06654472],[2.13823540e+04 1.00939167e+00]
[365.89743793 834.04360202],[2.16359206e+04 1.01322224e+00]
[363.45586827 836.36055839],[2.22036239e+04 1.02785226e+00]
[361.60014388 839.46294581],[2.26131133e+04 1.01533208e+00]
[358.98865777 842.53184366],[2.27531669e+04 1.02816417e+00]
[356.4182966  845.59219756],[2.32883833e+04 1.03707067e+00]
[353.54205834 848.63936837],[2.38849205e+04 1.03995066e+00]
[349.24697487 853.31533347],[2.46042520e+04 1.05353526e+00]
[345.71742812 857.30334663],[2.53889965e+04 1.05357341e+00]
[344.75796946 858.73223858],[2.55767856e+04 1.04934150e+00]
[341.54109392 862.11820588],[2.60458536e+04 1.05567078e+00]
[336.47771068 867.89648068],[2.74954193e+04 1.05645242e+00]
[334.61170122 870.00774196],[2.80437489e+04 1.05671824e+00]
[329.10965588 875.26984972],[2.85546575e+04 1.06865469e+00]
[327.08132374 877.5050667 ],[2.88461459e+04 1.06889657e+00]
[324.12293958 879.87947397],[2.96083298e+04 1.06800552e+00]
[320.80435418 882.96471019],[2.96414484e+04 1.08416509e+00]
[317.02080428 885.99673492],[3.05403247e+04 1.08885653e+00]
[312.73995276 889.33493504],[3.18030543e+04 1.08113653e+00]
[305.67102111 895.06375588],[3.35758010e+04 1.07278523e+00]
[303.05074819 896.8459691 ],[3.43722123e+04 1.06576993e+00]
[298.58946095 900.65751885],[3.47543578e+04 1.08160305e+00]
[293.7407731  903.96459095],[3.55942769e+04 1.09430218e+00]
[288.74864461 908.0530289 ],[3.67800445e+04 1.08665217e+00]
[279.8039132  917.30891142],[3.79077718e+04 1.11963382e+00]
[276.48406092 920.42788471],[3.8447232e+04 1.1283569e+00]
[271.46222132 924.74901414],[3.91396014e+04 1.13057614e+00]
[266.42418529 930.18429274],[3.98971745e+04 1.13032304e+00]
[255.85484228 938.65633861],[4.18354730e+04 1.14526691e+00]
[251.93647566 941.75517471],[4.25613057e+04 1.15079431e+00]
[242.49033767 950.28896771],[4.41685322e+04 1.15010702e+00]
[234.47848311 956.65500147],[4.58276775e+04 1.16179825e+00]
[231.55629324 958.93303707],[4.64394071e+04 1.16615455e+00]
[225.43943782 963.5399799 ],[4.74618822e+04 1.17300120e+00]
[213.85643977 973.29872157],[4.95250549e+04 1.17892448e+00]
[209.89252151 976.87104013],[5.04257800e+04 1.18421014e+00]
[203.0622487 981.3126385],[5.14564302e+04 1.18801693e+00]
[194.78701681 987.07703369],[5.28467904e+04 1.19061232e+00]
[186.9341929  993.02221041],[5.50300258e+04 1.18491345e+00]
[ 172.44789483 1004.22336249],[5.73054912e+04 1.19939501e+00]
[ 167.06074275 1008.3652688 ],[5.81487242e+04 1.20482496e+00]
[ 159.39598168 1014.63651546],[5.91673509e+04 1.21498061e+00]
[ 144.67508961 1025.98186921],[6.18805031e+04 1.22349411e+00]
[ 139.23104496 1030.12506092],[6.28913586e+04 1.22663571e+00]
[ 135.76081321 1037.35650358],[6.23266062e+04 1.18286552e+00]
[ 131.32922756 1044.15206261],[6.10979999e+04 1.12916076e+00]
[ 127.44380066 1050.45238721],[5.95697210e+04 1.09061597e+00]
[ 122.77964894 1057.86614003],[5.84327979e+04 1.03194389e+00]
[ 118.49192236 1066.67408958],[5.69128791e+04 9.86794966e-01]
[ 114.35495181 1075.04760975],[5.53964979e+04 9.44251387e-01]
[ 109.9391497  1083.56761819],[5.38418365e+04 8.97934946e-01]
[ 104.05889257 1093.76523081],[5.19704273e+04 8.33416517e-01]
[  99.01354223 1103.61380515],[5.04452895e+04 7.77371417e-01]
[  93.94716493 1112.67459757],[4.83323392e+04 7.30448387e-01]
[  88.8784984  1121.10264592],[4.58765403e+04 6.88751804e-01]
[  82.76643579 1127.32062041],[4.21096836e+04 6.50708560e-01]
[  76.9898214  1121.47836474],[3.50819174e+04 6.75839069e-01]
[  70.99357527 1122.40728386],[3.01785641e+04 6.68035459e-01]
[  64.56930366 1124.90105533],[2.54268561e+04 6.55872667e-01]
[  58.73326924 1127.93709705],[2.19196999e+04 6.29497105e-01]
[  52.01033614 1132.94509788],[1.83346621e+04 5.90155424e-01]
[  39.76277903 1141.80356605],[1.28035758e+04 4.93949073e-01]
[  36.60654274 1144.59177363],[1.14241084e+04 4.69196867e-01]
[  25.12550254 1160.41976729],[7.80568985e+03 3.23502927e-01]
[  22.75581361 1165.68226059],[7.06919130e+03 2.93004974e-01]
[  16.15795356 1171.39033665],[4.80587704e+03 2.17300161e-01]
[199.5 685. ],[3.94200000e+03 1.35185185e+00]
[199.5 685. ],[3.94200000e+03 1.35185185e+00]
[199.5 685. ],[3.94200000e+03 1.35185185e+00]
[199.5 685. ],[3.94200000e+03 1.35185185e+00]
[201.1 685.4],[4.05384000e+03 1.43233083e+00]
[202.54417225 685.47744744],[4.40074621e+03 1.47650742e+00]
[205.29917286 683.19550664],[4.86295976e+03 1.43893088e+00]
[207.64953831 684.25886071],[4.86611882e+03 1.57186203e+00]
[212.23156037 683.62218594],[5.02130485e+03 1.64077974e+00]
[213.8393271  683.06906947],[5.13476505e+03 1.64332270e+00]
[217.35565043 684.26791206],[5.20477164e+03 1.65448583e+00]
[221.58564563 684.72429767],[5.18565310e+03 1.64538142e+00]
[226.08169265 684.89816084],[5.00976102e+03 1.66875004e+00]
[229.99555553 685.98361092],[4.91242414e+03 1.71025660e+00]
[235.99368558 684.34587364],[4.99784352e+03 1.68200235e+00]
[238.14096328 683.74887111],[5.02603120e+03 1.67089119e+00]
[241.46346689 683.52849695],[5.03384621e+03 1.66589302e+00]
[245.23676217 683.78452876],[5.09503238e+03 1.64348440e+00]
[248.51911427 683.88630556],[5.11564181e+03 1.63466437e+00]
[254.58663198 684.2598698 ],[5.21897249e+03 1.62360845e+00]
[256.75672798 684.40388178],[5.25620516e+03 1.61923449e+00]
[259.74630662 684.46030695],[5.30563806e+03 1.62890285e+00]
[263.38309385 684.48248251],[5.32224062e+03 1.63240555e+00]
[266.60950422 684.4913155 ],[5.32635265e+03 1.63353812e+00]
[269.67875249 684.1652317 ],[5.38741389e+03 1.61512383e+00]
[275.65472809 684.37096232],[5.30963964e+03 1.61502852e+00]
[277.78453333 684.45131694],[5.27816053e+03 1.61495970e+00]
[280.10223156 684.48209349],[5.22729484e+03 1.60329354e+00]
[283.81916051 684.49383262],[5.24487678e+03 1.61042158e+00]
[288.7256211  684.82852597],[5.27343528e+03 1.58319632e+00]
[290.44395048 684.95422431],[5.28318423e+03 1.57304515e+00]
[293.27250188 685.00055705],[5.32457798e+03 1.58071478e+00]
[297.84485426 685.01632223],[5.30114851e+03 1.57233482e+00]
[299.44281517 685.02051277],[5.29143280e+03 1.56922228e+00]
[301.89957903 685.02045768],[5.28716964e+03 1.56814870e+00]
[305.01718374 684.68907212],[5.38395639e+03 1.56149117e+00]
[307.39676167 684.56325107],[5.34241063e+03 1.53673224e+00]
[310.48636186 684.51556376],[5.28648672e+03 1.51623359e+00]
[315.17985147 684.82741074],[5.36342903e+03 1.50325438e+00]
[318.47611025 684.94573525],[5.43196649e+03 1.50966938e+00]
[319.59955215 684.99025809],[5.45736595e+03 1.51230040e+00]
[321.21977385 685.0061911 ],[5.46624024e+03 1.51350877e+00]
[322.70769791 685.01118799],[5.42913483e+03 1.50315861e+00]
[326.79773274 685.34155869],[5.31564656e+03 1.50488023e+00]
[328.22659561 685.4658155 ],[5.27257232e+03 1.50580087e+00]
[329.9818259  685.51027711],[5.17817244e+03 1.48385780e+00]
[332.85972689 685.8553281 ],[5.24042908e+03 1.47055274e+00]
[333.83800505 685.98260354],[5.26428963e+03 1.46581556e+00]
[335.43137844 685.69784131],[5.33148611e+03 1.44836519e+00]
[338.91812183 686.24361509],[5.31664777e+03 1.43124273e+00]
[340.79946696 686.44934487],[5.42535175e+03 1.39504373e+00]
[341.41074441 686.52370218],[5.46629842e+03 1.38209105e+00]
[343.2072132  686.54765172],[5.43973178e+03 1.36708587e+00]
[344.45799594 686.22446864],[5.37282030e+03 1.37616297e+00]
[346.5044686  686.09689375],[5.41813727e+03 1.34107049e+00]
[348.1870841  686.37459406],[5.33707188e+03 1.33176433e+00]
[351.06598576 687.46701861],[5.20942473e+03 1.33214729e+00]
[352.05807489 687.87871034],[5.16193628e+03 1.33288611e+00]
[353.01452666 687.69602237],[5.39459306e+03 1.31307372e+00]
[354.6281808  688.27572355],[5.28862033e+03 1.31228113e+00]
[355.49013636 688.82286067],[5.45552166e+03 1.28288774e+00]
[357.40353658 689.34806929],[5.42059261e+03 1.27514322e+00]
[358.05427253 689.54059516],[5.40679606e+03 1.27268622e+00]
[359.22783948 689.60357688],[5.37806841e+03 1.21705499e+00]
[359.92973506 688.96650456],[5.51633349e+03 1.18389272e+00]
[360.8017916  689.04052671],[5.51668030e+03 1.18328818e+00]
[361.73653702 689.39023411],[5.56895025e+03 1.17244501e+00]
[362.3651768 689.5183766],[5.54259536e+03 1.15926205e+00]
[363.54419538 689.56128098],[5.48614318e+03 1.14520647e+00]
[364.60035306 689.89979724],[5.51651040e+03 1.12975137e+00]
[364.94646597 690.02313931],[5.52803937e+03 1.12446238e+00]
[365.69407234 690.06392587],[5.53222248e+03 1.12296118e+00]
[366.92662882 691.05870491],[5.53830007e+03 1.10307974e+00]
[367.34491232 691.4302468 ],[5.54046751e+03 1.09608143e+00]
[368.45670263 691.89113284],[5.63997880e+03 1.09315021e+00]
[369.49746645 692.7121866 ],[5.68350688e+03 1.05486479e+00]
[369.51239607 693.99266248],[5.69949709e+03 1.02310217e+00]
[369.14315051 695.12438165],[5.65569586e+03 1.03869410e+00]
[369.97162388 695.87209958],[5.44174609e+03 1.02745734e+00]
[370.58267465 696.13540595],[5.41013998e+03 1.03290107e+00]
[370.78154456 696.54563079],[5.44803552e+03 1.02597462e+00]
[370.82735262 697.34096044],[5.4629055e+03 1.0237495e+00]
[370.81829107 697.9534334 ],[5.41962297e+03 1.03256327e+00]
[371.45489695 697.83372793],[5.55182565e+03 1.00857141e+00]
[372.00428706 698.10188952],[5.50353358e+03 1.00001740e+00]
[372.1880523  699.17228366],[5.43647852e+03 1.00607472e+00]
[372.56811932 699.89151012],[5.31409849e+03 1.00879873e+00]
[372.68970601 699.81049278],[5.31717198e+03 1.00095402e+00]
[372.71663917 700.42300654],[5.31906030e+03 9.98263148e-01]
[373.70556568 700.63678829],[5.36893531e+03 1.00657234e+00]
[374.06075318 700.69935203],[5.38806865e+03 1.00986939e+00]
[374.17666369 701.36648456],[5.39559888e+03 1.01127101e+00]
[375.19451538 702.26322291],[5.44710934e+03 9.85057948e-01]
[374.89789501 702.25815723],[5.41822248e+03 9.84169669e-01]
[374.76920904 702.23568172],[5.40716984e+03 9.84065602e-01]
[375.03741692 702.87069731],[5.45213277e+03 9.93148107e-01]
[375.12621772 703.09598875],[5.46897493e+03 9.96702927e-01]
[375.80708499 703.82566626],[5.37746526e+03 9.80331295e-01]
[376.38431593 704.41634883],[5.43993289e+03 9.74495620e-01]
[376.58707221 704.95290096],[5.51155881e+03 9.63971262e-01]
[376.64936323 705.1404959 ],[5.53867295e+03 9.60184735e-01]
[377.32086482 705.52314587],[5.69807824e+03 9.67942712e-01]
[377.56227591 705.98122943],[5.70906304e+03 9.79248185e-01]
[377.64031892 706.79801013],[5.71199665e+03 9.83719925e-01]
[377.65674134 707.09050993],[5.71214720e+03 9.85472644e-01]
[377.98053888 707.18358608],[5.76147773e+03 9.94827043e-01]
[378.09287182 707.53194493],[5.63006407e+03 9.89695945e-01]
[377.46041462 707.64705515],[5.57942332e+03 9.87651502e-01]
[377.87614263 708.00636168],[5.70956837e+03 9.95750705e-01]
[378.02603264 708.12836748],[5.75848007e+03 9.98740813e-01]
[378.40432078 707.83061837],[5.87709077e+03 9.99836259e-01]
[378.54071851 708.36417962],[5.92153639e+03 1.00023063e+00]
[378.9131733  708.88560965],[6.03914517e+03 1.00033552e+00]
[379.04706162 709.07222769],[6.08281176e+03 1.00035455e+00]
[378.76110648 709.13086924],[6.04660657e+03 9.91923128e-01]
[378.97359729 709.79978371],[5.98016875e+03 1.01423362e+00]
[379.04800773 710.37349292],[5.90139394e+03 1.03190692e+00]
[379.06996287 710.57542888],[5.87104525e+03 1.03859271e+00]
[379.07239494 711.30184342],[5.85934686e+03 1.04096024e+00]
[378.73834443 711.561002  ],[5.80530459e+03 1.03289718e+00]
[378.93764196 711.97525232],[5.88585595e+03 1.02941015e+00]
[379.00963114 712.11779621],[5.91620850e+03 1.02802853e+00]
[378.70365887 712.15747248],[5.87732573e+03 1.01875120e+00]
[378.91522573 712.1593555 ],[5.81183515e+03 1.00646701e+00]
[379.32500711 712.47862887],[5.78639522e+03 9.84540310e-01]
[379.47575661 712.58915274],[5.87915636e+03 9.93768576e-01]
[379.52848567 712.62032574],[5.91389468e+03 9.97245966e-01]
[379.87429711 712.62219632],[5.87600841e+03 9.90063642e-01]
[379.6697273  712.61400104],[5.81026344e+03 9.78790516e-01]
[379.92001052 712.60298187],[5.83665579e+03 9.83255463e-01]
[380.01002458 712.59179214],[5.84657880e+03 9.85018168e-01]
[380.03978233 712.91144292],[5.90048036e+03 9.77385815e-01]
[379.71633456 713.35564091],[5.92188687e+03 9.91462381e-01]
[380.25033569 713.51769923],[5.92933252e+03 9.96905250e-01]
[380.12098302 713.5713728 ],[5.88105384e+03 9.90430743e-01]
[380.06767837 713.91483433],[5.91276734e+03 9.79561773e-01]
[380.04477991 714.0377766 ],[5.92455372e+03 9.75547436e-01]
[380.36451398 714.07692295],[5.98043687e+03 9.82578418e-01]
[380.48255517 714.41439059],[5.95049641e+03 9.93676854e-01]
[380.52403973 714.53517349],[5.93862537e+03 9.97967651e-01]
[380.53639717 714.57350684],[5.93392296e+03 9.99573786e-01]
[380.53795813 714.58116637],[5.93197644e+03 1.00014984e+00]
[380.20564712 714.90848228],[5.93076624e+03 9.83316058e-01]
[380.40864186 714.69679921],[5.93085356e+03 9.93927372e-01]
[380.15375137 714.60946322],[5.98133519e+03 1.00655725e+00]
[380.71398503 714.90270765],[6.05174004e+03 1.00270964e+00]
[380.59709618 714.67965399],[5.9757595e+03 1.0012600e+00]
[380.54984877 714.92073319],[5.99748653e+03 9.92150107e-01]
[380.53026761 715.00812817],[6.00537774e+03 9.88739210e-01]
[380.5214478  715.03728591],[6.00811627e+03 9.87470049e-01]
[380.51689955 715.04448513],[6.00889552e+03 9.87018235e-01]
[380.51412625 715.04370464],[6.00895070e+03 9.86876498e-01]
[380.51215601 715.04027206],[6.00875561e+03 9.86850298e-01]
[380.51060168 715.03618634],[6.00848949e+03 9.86865248e-01]
[380.50930184 715.03217325],[6.00821843e+03 9.86893110e-01]
[380.83860886 715.0284745 ],[6.05952679e+03 9.95393320e-01]
[380.63251809 715.02514993],[6.02728363e+03 9.90163429e-01]
[379.8908258  715.02219318],[6.01468206e+03 9.88153124e-01]
[379.61132953 715.0195757 ],[6.00978513e+03 9.87401850e-01]
[379.508553   715.34759969],[6.05872956e+03 9.78841765e-01]
[379.47309203 715.46978972],[6.07705631e+03 9.75674278e-01]
[379.46303089 715.51367243],[6.08374209e+03 9.74526330e-01]
[379.13184238 715.1978966 ],[5.98338327e+03 9.73910899e-01]
[378.67824689 715.40661365],[5.94345448e+03 9.57146440e-01]
[378.51226331 715.48382318],[5.82940591e+03 9.67115855e-01]
[379.1196561  715.51112932],[5.88925329e+03 9.88338938e-01]
[379.34996284 715.51951928],[5.91182875e+03 9.96345695e-01]
[379.43971297 715.85231373],[5.97180789e+03 9.90816777e-01]
[379.47470672 715.97536039],[6.09732314e+03 1.00566529e+00]
[379.48829327 716.01899091],[6.04249371e+03 9.94366474e-01]
[379.82448341 715.70216857],[6.02085718e+03 1.00694109e+00]
[379.95060412 715.91077009],[6.06394061e+03 1.00307442e+00]
[379.99714768 715.98755597],[6.07994563e+03 1.00156936e+00]
[380.01319922 715.6844499 ],[6.03416056e+03 1.00949273e+00]
[379.68779481 715.89891273],[6.01692763e+03 9.95359681e-01]
[379.56316053 715.97850252],[6.00995387e+03 9.90008007e-01]
[379.84744429 715.67705981],[5.90529084e+03 9.87869886e-01]
[379.95501067 715.8926242 ],[5.91647247e+03 9.78675979e-01]
[380.32610016 715.64304988],[5.92209104e+03 9.92208000e-01]
[380.7939058  715.87861182],[6.02640131e+03 9.97389121e-01]
[380.63872176 715.96679835],[6.01478896e+03 9.90890420e-01]
[380.57499375 715.99921609],[6.01008861e+03 9.88402459e-01]
[381.20909963 716.67051857],[6.11134255e+03 1.00442247e+00]
[380.78790252 716.59228547],[6.09793019e+03 9.85258085e-01]
[380.62078676 716.55941318],[6.09155577e+03 9.77994363e-01]
[380.88648939 716.54385116],[6.14110342e+03 9.83675853e-01]
[380.98450333 716.20571325],[6.10800255e+03 9.94143370e-01]
[381.01900932 716.07525898],[6.09487741e+03 9.98181442e-01]
[381.02935855 716.02571713],[6.08965768e+03 9.99685767e-01]
[381.03074539 716.33774039],[6.13908518e+03 9.91811523e-01]
[381.35910052 716.78443882],[6.15770341e+03 1.00561878e+00]
[381.48072049 716.95275761],[6.16407892e+03 1.01087626e+00]
[381.52363796 716.68241264],[6.21839950e+03 1.00429704e+00]
[381.53654649 716.90764348],[6.18633258e+03 1.01022616e+00]
[381.20852687 716.66034576],[6.17395235e+03 9.95576968e-01]
[381.08133909 716.89509572],[6.32546151e+03 9.98478762e-01]
[381.03290636 716.65387195],[6.22580619e+03 9.91217390e-01]
[381.01374402 716.55973859],[6.29173941e+03 1.00515573e+00]
[381.00636463 716.52347826],[6.21185583e+03 9.93762513e-01]
[381.00333273 716.50947706],[6.18073856e+03 9.89359756e-01]
[381.00206935 716.5040379 ],[6.16888378e+03 9.87728319e-01]
[381.33244973 716.50189854],[6.21668362e+03 9.95525251e-01]
[381.12648355 716.50103446],[6.28668179e+03 1.00682637e+00]
[381.04737346 716.83099644],[6.36568655e+03 1.00270956e+00]
[381.01684944 716.95496237],[6.39512441e+03 1.00114849e+00]
[381.00521328 716.67103061],[6.35277733e+03 1.00884350e+00]
[380.67120104 717.22314956],[6.38879611e+03 9.86942671e-01]
[381.86853404 719.07163137],[6.34517143e+03 9.54697091e-01]
[382.32144429 719.77080612],[6.42875847e+03 9.27911769e-01]
[382.81837622 720.6805958 ],[6.50407785e+03 8.96354778e-01]
[382.99867056 721.01835605],[6.53222045e+03 8.84974454e-01]
[382.72667973 721.13421208],[6.5997824e+03 8.8874154e-01]
[382.6193532  721.49207465],[6.67459023e+03 8.83734717e-01]
[382.57408619 721.94340765],[6.75245007e+03 8.75542760e-01]
[382.88403964 722.75695848],[6.72272409e+03 8.65205904e-01]
[382.66563781 722.72746467],[6.71851838e+03 8.75601323e-01]
[382.58059027 721.05471462],[6.46218316e+03 9.14295873e-01]
[382.54581087 720.39718443],[6.36231881e+03 9.30252784e-01]
[382.86108855 721.48478705],[6.48361277e+03 9.29258886e-01]
[382.97799189 721.55382812],[6.47796833e+03 9.36317585e-01]
[382.3603131  717.92601656],[6.00684273e+03 1.04679958e+00]
[382.78057397 716.17264268],[5.76403534e+03 1.10555232e+00]
[382.9410625  715.91207929],[5.84606024e+03 1.09537383e+00]
[383.00028637 714.48797073],[5.66177745e+03 1.13286951e+00]
[383.34961244 713.63818688],[5.58730236e+03 1.16737928e+00]
[383.80771744 713.35347432],[5.60888823e+03 1.18905688e+00]
[383.97837433 713.60956288],[5.67578403e+03 1.18466390e+00]
[384.03854769 714.05627955],[5.75774859e+03 1.17106702e+00]
[384.05639291 714.23764069],[5.78991031e+03 1.16544396e+00]
[384.3875511  714.31892417],[5.75679367e+03 1.15344826e+00]
[384.50857028 714.6918179 ],[5.79889486e+03 1.13775592e+00]
[384.54902068 714.50870552],[5.76165602e+03 1.14216184e+00]
[384.88953024 714.77805065],[5.74094736e+03 1.16376657e+00]
[385.01319611 715.55129911],[5.84288209e+03 1.14985083e+00]
[385.05440006 715.51097268],[5.82719793e+03 1.15520385e+00]
[385.06446556 715.82759243],[5.87586465e+03 1.14630468e+00]
[385.06321588 716.60635704],[5.89425982e+03 1.14281220e+00]
[385.05821247 717.55990259],[5.90123185e+03 1.14134316e+00]
[385.38233092 718.57611384],[5.96380432e+03 1.11109807e+00]
[385.50099369 718.62340071],[6.03967556e+03 1.09023388e+00]
[385.54103236 718.95870252],[6.01516282e+03 1.09205418e+00]
[385.55159907 719.73489996],[6.21167904e+03 1.09135301e+00]
[385.55206063 720.34584522],[6.34003899e+03 1.08181184e+00]
[385.21933739 722.52820069],[6.54806783e+03 1.06870717e+00]
[385.09028244 723.34886472],[6.62651347e+03 1.06391119e+00]
[385.697117   724.29756249],[6.65439603e+03 1.06220394e+00]
[386.58462428 725.29417391],[6.77284001e+03 1.04442088e+00]
[386.91723914 726.30504731],[7.03393151e+03 1.03749094e+00]
[387.03698006 727.3206156 ],[7.13226167e+03 1.03496869e+00]
[387.07542712 728.01285753],[7.22301390e+03 1.02612312e+00]
[387.08315285 729.23091443],[7.42234520e+03 1.03055355e+00]
[387.0807726  729.99842345],[7.44067217e+03 1.00924297e+00]
[388.06252414 730.26583508],[7.38641590e+03 9.93622644e-01]
[388.42794589 730.66647456],[7.41815926e+03 9.80497210e-01]
[388.5567613  730.79462335],[7.42766127e+03 9.75790175e-01]
[388.92689805 731.47270136],[7.37095065e+03 9.66694906e-01]
[389.38889342 732.36385575],[7.28922404e+03 9.55913646e-01]
[389.55250595 732.67931409],[7.25667509e+03 9.52122681e-01]
[389.27180278 733.76091658],[7.47284822e+03 9.66517283e-01]
[389.16022982 734.14862327],[7.55302433e+03 9.72000385e-01]
[389.43882508 733.94228008],[7.57973838e+03 9.59656491e-01]
[389.20787556 734.49763895],[7.53399776e+03 9.76920188e-01]
[389.44455551 735.01661024],[7.62852993e+03 9.83901556e-01]
[389.52944854 735.52199303],[7.60557930e+03 9.94038866e-01]
[389.88529481 737.01367982],[7.65177646e+03 9.75649710e-01]
[390.01499644 737.55519911],[7.66706690e+03 9.68820805e-01]
[390.38823943 737.73646485],[7.72492549e+03 9.44957377e-01]
[390.52284073 738.11159003],[7.68922669e+03 9.42994883e-01]
[390.56667382 738.56011484],[7.73010127e+03 9.35638393e-01]
[390.24576552 739.36675889],[7.80474961e+03 9.40297153e-01]
[390.44964735 739.65266299],[7.77153495e+03 9.34966252e-01]
[390.52258219 740.39756995],[7.86950728e+03 9.19799910e-01]
[390.21476551 740.98839591],[7.79862143e+03 9.41316681e-01]
[390.75488931 741.8510411 ],[7.88230643e+03 9.36246046e-01]
[390.95670719 742.15526797],[7.91288995e+03 9.34449968e-01]
[390.69847927 742.57711281],[8.04112605e+03 9.34349327e-01]
[390.59688525 743.37356994],[8.08863780e+03 9.34381351e-01]
[390.55513944 743.65532919],[8.10507942e+03 9.34469939e-01]
[390.53691271 744.06955495],[8.16699577e+03 9.28012842e-01]
[390.85782585 745.19252786],[8.07806245e+03 9.52626644e-01]
[390.97712705 745.92917071],[8.09963149e+03 9.55429425e-01]
[391.01953752 746.18360119],[8.10678104e+03 9.56460581e-01]
[390.70308359 746.58699375],[8.22773639e+03 9.57105789e-01]
[390.5811128  746.71871321],[8.27261958e+03 9.57323110e-01]
[391.19165926 747.07713998],[8.34701712e+03 9.50639409e-01]
[391.42229648 747.19455591],[8.37375815e+03 9.48112084e-01]
[391.5065028  747.22043372],[8.38233585e+03 9.47158120e-01]
[391.20497808 748.53124393],[8.32784057e+03 9.67365340e-01]
[391.08808622 749.01148875],[8.30511932e+03 9.75197030e-01]
[391.04174597 749.50400287],[8.35537615e+03 9.71102572e-01]
[390.69343765 749.67114322],[8.43466587e+03 9.76582401e-01]
[390.88986527 749.7153334 ],[8.40263801e+03 9.71514767e-01]
[390.96521546 750.04475469],[8.44875553e+03 9.62665511e-01]
[390.66321381 750.48348978],[8.46739327e+03 9.73167041e-01]
[390.5491347  750.63351027],[8.47316036e+03 9.77154577e-01]
[390.50663278 750.674708  ],[8.47440775e+03 9.78611588e-01]
[390.49167016 751.00646963],[8.53420974e+03 9.72192499e-01]
[390.48717968 751.77813046],[8.55590773e+03 9.69741350e-01]
[390.81649265 752.05723966],[8.50113233e+03 9.61770602e-01]
[390.94207704 752.14803694],[8.47941628e+03 9.58740783e-01]
[390.98874115 752.16817472],[8.47066868e+03 9.57622593e-01]
[390.67466517 752.16283603],[8.52913635e+03 9.64263461e-01]
[390.88548151 752.47934707],[8.42911905e+03 9.66562610e-01]
[390.96585987 752.58785597],[8.51015075e+03 9.53866235e-01]
[391.32628284 752.61952296],[8.47744380e+03 9.42211874e-01]
[391.12960209 753.28025011],[8.52765582e+03 9.44860370e-01]
[390.72384091 753.85107575],[8.66874544e+03 9.46310438e-01]
[390.57011303 754.05647502],[8.72178917e+03 9.46905035e-01]
[390.8421958  754.12252409],[8.67763318e+03 9.40316786e-01]
[390.94662674 754.13618482],[8.65977596e+03 9.37863543e-01]
[390.65511713 754.46069433],[8.65606235e+03 9.50410827e-01]
[390.87502487 754.5735856 ],[8.59086459e+03 9.48330468e-01]
[390.62849047 754.93717382],[8.68865320e+03 9.47902411e-01]
[390.53591271 755.39491352],[8.66532717e+03 9.54313809e-01]
[390.83166254 755.88883109],[8.65280152e+03 9.43282717e-01]
[390.61381587 757.38345541],[8.71084752e+03 9.46037567e-01]
[390.53209137 757.93708765],[8.73233925e+03 9.47095289e-01]
[390.50195732 757.79990971],[8.79998045e+03 9.41047735e-01]
[390.16149039 758.06192195],[8.82857438e+03 9.52077632e-01]
[390.36348818 758.14599274],[8.77495067e+03 9.49461991e-01]
[390.11225597 758.16397634],[8.81730706e+03 9.55322723e-01]
[390.34852614 758.1582279 ],[8.89598362e+03 9.64388272e-01]
[390.43970645 758.1447892 ],[9.04788465e+03 9.54655503e-01]
[390.47527797 758.45961742],[9.04320955e+03 9.57454558e-01]
[390.48920473 758.899783  ],[9.10131592e+03 9.52048656e-01]
[390.49472816 759.05698164],[9.12199951e+03 9.50004757e-01]
[390.82675215 759.10648717],[9.06380527e+03 9.42510066e-01]
[390.95248161 759.11565115],[9.04044236e+03 9.39683523e-01]
[390.66775175 759.11042435],[9.09565112e+03 9.45404768e-01]
[390.88912917 759.760454  ],[9.05098875e+03 9.40876119e-01]
[390.97276219 759.99880262],[8.91159453e+03 9.51986260e-01]
[391.00305646 760.07904472],[8.85833811e+03 9.56321012e-01]
[391.0130972  760.43194712],[8.77749484e+03 9.64593113e-01]
[391.01554458 760.88785651],[8.80857488e+03 9.60986285e-01]
[391.34576677 761.04970806],[8.75729341e+03 9.52696912e-01]
[391.46914839 761.10082247],[8.73826935e+03 9.49537229e-01]
[391.51303206 761.11068567],[8.73169063e+03 9.48352527e-01]
[391.5269123  761.10590032],[8.72978416e+03 9.47920110e-01]
[391.5296348  761.75774412],[8.72959487e+03 9.47773604e-01]
[391.52838313 761.99632776],[8.72999994e+03 9.47734570e-01]
[391.1951586  762.07745821],[8.79406101e+03 9.54626259e-01]
[391.06841424 762.09931074],[8.81846557e+03 9.57224147e-01]
[391.02025572 762.09948011],[8.82776390e+03 9.58189816e-01]
[391.00240448 761.76181255],[8.89204519e+03 9.51973406e-01]
[390.99616434 761.29939243],[8.85548355e+03 9.56138144e-01]
[390.99432278 761.78068299],[8.84127155e+03 9.57729691e-01]
[391.32432201 761.29835373],[9.02176864e+03 9.52078756e-01]
[390.79022093 761.44322626],[9.02873178e+03 9.56420129e-01]
[390.9164901  761.49693522],[8.96646470e+03 9.51293086e-01]
[390.96574258 761.51540281],[8.94213055e+03 9.49330700e-01]
[390.98488895 762.18091612],[8.93258328e+03 9.48603051e-01]
[390.99246989 762.09979441],[8.98949809e+03 9.41934642e-01]
[391.32608962 762.06536057],[9.07543897e+03 9.46214931e-01]
[391.12207657 762.04884842],[9.04285061e+03 9.41129802e-01]
[391.04340104 762.03967616],[9.02971546e+03 9.39222189e-01]
[391.01360674 762.03368452],[9.02427434e+03 9.38543475e-01]
[391.00252365 762.35922073],[9.08255887e+03 9.32056361e-01]
[390.99858324 762.15074329],[9.04361153e+03 9.35900612e-01]
[390.99735071 762.06828596],[9.02825147e+03 9.37435882e-01]
[390.99712601 762.36575111],[8.96137192e+03 9.44417407e-01]
[390.99725936 762.47651254],[8.93591274e+03 9.47109062e-01]
[390.99750432 762.84667649],[8.98735930e+03 9.41693623e-01]
[391.3282136 762.6529847],[8.88181900e+03 9.39249413e-01]
[391.45314933 762.90647099],[9.03189453e+03 9.45546416e-01]
[391.49870967 762.9990188 ],[9.08854685e+03 9.47885503e-01]
[391.84384934 763.03054663],[9.04517875e+03 9.42038650e-01]
[391.97294789 763.03902442],[9.02819285e+03 9.39804997e-01]
[392.0186266  763.03906402],[9.02155931e+03 9.38974340e-01]
[392.03276006 763.36648875],[9.07968132e+03 9.32395699e-01]
[392.0351691  763.15788028],[9.04081957e+03 9.36195342e-01]
[392.03342337 763.07485582],[9.02571281e+03 9.37691802e-01]
[392.03039509 763.3717938 ],[9.08069801e+03 9.31995484e-01]
[391.69669185 763.4816687 ],[9.16667280e+03 9.36568153e-01]
[391.56959019 763.52042327],[9.32135134e+03 9.25976239e-01]
[391.52119877 763.20429662],[9.31819297e+03 9.28118356e-01]
[391.50319034 763.41011375],[9.25436859e+03 9.35150841e-01]
[391.82683699 764.14800954],[9.16364237e+03 9.31230777e-01]
[391.94964493 764.42322642],[9.12883681e+03 9.29741628e-01]
[391.99480928 764.52207877],[9.24665460e+03 9.42568292e-01]
[391.35292516 764.55399918],[9.41461515e+03 9.34916438e-01]
[391.43679733 764.56152561],[9.41122141e+03 9.25558305e-01]
[391.47017779 765.21770392],[9.28599644e+03 9.34200788e-01]
[391.81408298 765.4625569 ],[9.30301325e+03 9.44262920e-01]
[391.94384165 765.87897798],[9.37110226e+03 9.41773156e-01]
[391.99214972 766.68856007],[9.39630100e+03 9.40817042e-01]
[392.00916089 766.98663145],[9.40514979e+03 9.40433291e-01]
[391.68432002 767.08888419],[9.59885870e+03 9.34532385e-01]
[392.21912689 767.44678416],[9.73391259e+03 9.26372095e-01]
[392.42208024 767.57353888],[9.78396460e+03 9.23325239e-01]
[392.49688455 768.26883908],[9.80119821e+03 9.22212624e-01]
[391.86298518 768.85228413],[9.74335595e+03 9.27760106e-01]
[391.62112878 770.05217775],[9.65689286e+03 9.35983295e-01]
[391.53013939 770.82273532],[9.68593353e+03 9.33046442e-01]
[391.49703428 771.09660465],[9.69604147e+03 9.31936597e-01]
[391.48600272 771.51269762],[9.76177768e+03 9.25532168e-01]
[391.15308562 772.31244018],[9.85377852e+03 9.29558697e-01]
[391.02907964 773.257898  ],[9.88759127e+03 9.31095196e-01]
[390.98467916 773.59747418],[9.89915668e+03 9.31687479e-01]
[390.97067596 774.03582948],[1.01024990e+04 9.38702559e-01]
[390.96769565 774.84145695],[1.01784298e+04 9.41319404e-01]
[390.96904117 775.78668615],[1.02054704e+04 9.42289490e-01]
[390.6427086  776.12423677],[1.02822372e+04 9.48945046e-01]
[390.19273315 777.21952615],[1.03059666e+04 9.39171540e-01]
[390.02466323 777.94202407],[1.03771985e+04 9.29608215e-01]
[389.96570941 778.85081284],[1.02732935e+04 9.37642750e-01]
[390.27804752 779.83212437],[1.0291673e+04 9.2276541e-01]
[390.06988442 781.16507287],[1.04311260e+04 9.17769339e-01]
[389.99436677 781.64551295],[1.04827818e+04 9.15934994e-01]
[389.96909604 782.45703444],[1.05006896e+04 9.15303551e-01]
[389.63269229 783.06655823],[1.06414575e+04 9.15663868e-01]
[389.83804719 784.58548335],[1.06221044e+04 9.09753186e-01]
[389.58993944 785.13493676],[1.06840742e+04 9.13673887e-01]
[389.16976778 786.30069166],[1.09860191e+04 9.27845885e-01]
[389.01450109 787.37093895],[1.09561403e+04 9.21179049e-01]
[389.61950955 788.40429869],[1.09413109e+04 9.18594474e-01]
[388.8633611 789.7519461],[1.09388752e+04 9.29282696e-01]
[389.23850821 791.87993519],[1.08589456e+04 9.15640209e-01]
[389.38670199 792.64717196],[1.08261371e+04 9.10450612e-01]
[389.44493078 793.88688531],[1.10231351e+04 9.15139856e-01]
[389.46828882 795.30561818],[1.10172367e+04 8.99567147e-01]
[389.4788228  796.79109656],[1.12255269e+04 9.00326285e-01]
[388.82544298 798.62865893],[1.13029678e+04 9.00642033e-01]
[387.91983921 800.59999729],[1.16125006e+04 9.02003050e-01]
[387.58148293 801.30545628],[1.17283624e+04 9.02549697e-01]
[386.80243904 802.83839266],[1.20563340e+04 9.03920283e-01]
[386.5141771  804.03292204],[1.20412429e+04 9.14776434e-01]
[385.43003918 805.42602124],[1.21750503e+04 9.19468086e-01]
[384.37209196 808.53836411],[1.23617849e+04 9.10836424e-01]
[384.31034159 809.67252972],[1.25056043e+04 9.13201030e-01]
[383.97388062 811.3625016 ],[1.24914953e+04 9.30116350e-01]
[383.20440156 812.93803302],[1.25521227e+04 9.31349432e-01]
[382.26890569 814.79736112],[1.27237424e+04 9.43052344e-01]
[381.2742929  816.10485546],[1.29303117e+04 9.36807794e-01]
[380.25636299 818.84494064],[1.32327039e+04 9.40281746e-01]
[378.5803014  822.78483698],[1.38812150e+04 9.47823507e-01]
[377.6352996  824.22727052],[1.42062388e+04 9.55916611e-01]
[376.64517923 826.01807751],[1.43249271e+04 9.58958009e-01]
[375.31185185 827.94482107],[1.45972249e+04 9.55114770e-01]
[372.86954182 831.88552822],[1.51768027e+04 9.64466966e-01]
[371.96417371 833.32535664],[1.53933459e+04 9.67909117e-01]
[370.34823068 834.45385153],[1.57939593e+04 9.69409119e-01]
[369.1111004  836.77586147],[1.59395828e+04 9.69909221e-01]
[366.38879151 841.522265  ],[1.64024245e+04 9.75316866e-01]
[365.38450802 843.26167173],[1.65717371e+04 9.77294975e-01]
[362.43343539 847.77284038],[1.71369920e+04 9.88056283e-01]
[359.39785336 851.70175959],[1.76038105e+04 9.96943887e-01]
[358.27437528 853.11640026],[1.77737988e+04 1.00026181e+00]
[354.9667098 858.1469067],[1.84430779e+04 9.96482516e-01]
[353.75032053 859.65278815],[1.86019924e+04 9.99768929e-01]
[351.38857647 861.10548693],[1.85566480e+04 1.02525052e+00]
[345.65506578 867.48832719],[1.97011422e+04 1.03853141e+00]
[343.5154667  869.80681231],[2.01341165e+04 1.04348842e+00]
[341.14101113 872.8755899 ],[2.06652719e+04 1.03531073e+00]
[338.35035751 875.58134009],[2.09443010e+04 1.04603479e+00]
[335.40139141 879.78375448],[2.18094607e+04 1.03062876e+00]
[331.74366432 883.24266847],[2.21227968e+04 1.04295211e+00]
[328.1405561  887.07566778],[2.27119221e+04 1.05161579e+00]
[323.59137153 890.71848432],[2.30129898e+04 1.06837000e+00]
[319.65233811 894.94422954],[2.39203872e+04 1.06423592e+00]
[315.6331856  900.03003707],[2.43603717e+04 1.05808733e+00]
[307.02386018 908.38697979],[2.53053170e+04 1.08978994e+00]
[303.82193437 911.4662336 ],[2.56511377e+04 1.10182983e+00]
[299.46692639 916.09892809],[2.62968656e+04 1.10062608e+00]
[294.66286072 920.9961563 ],[2.69536275e+04 1.09914275e+00]
[289.0392384  926.31983239],[2.75060285e+04 1.10212413e+00]
[283.10375306 931.47900145],[2.83427176e+04 1.11038242e+00]
[277.06020725 936.8947936 ],[2.89722657e+04 1.11695302e+00]
[270.97511666 942.40706185],[2.97333027e+04 1.13084416e+00]
[264.23799007 947.95180348],[3.07946291e+04 1.13825356e+00]
[257.57845952 953.82775992],[3.15391171e+04 1.13591706e+00]
[249.32595604 960.48096111],[3.24885185e+04 1.14149224e+00]
[241.77447369 967.42761237],[3.33064417e+04 1.14235509e+00]
[234.17271659 973.50216372],[3.40602348e+04 1.14954355e+00]
[225.91384402 980.8674327 ],[3.56767553e+04 1.14500183e+00]
[218.06241916 987.08554248],[3.67599709e+04 1.14997262e+00]
[ 203.24606658 1000.01844295],[3.83783911e+04 1.16437591e+00]
[ 197.72058238 1004.80043698],[3.89803175e+04 1.16977927e+00]
[ 189.02518739 1010.97224086],[3.98145983e+04 1.17399137e+00]
[ 179.74293402 1018.33787373],[4.12778119e+04 1.17643268e+00]
[ 169.92229115 1026.8062169 ],[4.25943105e+04 1.18284906e+00]
[ 151.48415042 1041.23002803],[4.51111885e+04 1.18407451e+00]
[ 144.59555054 1046.55934408],[4.60644399e+04 1.18450409e+00]
[ 135.10758684 1053.87295353],[4.71058134e+04 1.17948220e+00]
[ 135.10758684 1053.87295353],[4.71058134e+04 1.17948220e+00]
[ 120.05418726 1069.43658372],[4.78167750e+04 1.15603969e+00]
[ 115.64591206 1075.1847296 ],[4.73356384e+04 1.13014020e+00]
[ 111.30597397 1083.29242243],[4.63730784e+04 1.06863898e+00]
[ 105.83736457 1091.66701243],[4.45122273e+04 1.00660411e+00]
[  99.93126765 1101.77278594],[4.24221736e+04 9.41607410e-01]
[  93.52846882 1112.54199146],[4.03167622e+04 8.67884621e-01]
[  87.2918906  1123.55147442],[3.85144729e+04 7.91377743e-01]
[  75.91247499 1141.11670461],[3.39742721e+04 6.78478567e-01]
[  72.23780672 1147.6114556 ],[3.24924099e+04 6.42402423e-01]
[  66.2584428  1155.95049635],[2.94148044e+04 5.97002949e-01]
[  53.73659471 1157.13078553],[2.04030732e+04 5.66115033e-01]
[  50.0823727  1156.38942165],[1.76533256e+04 5.68333494e-01]
[  43.6292464  1160.05362763],[1.44989083e+04 5.25146059e-01]
[  35.96599346 1165.8846089 ],[1.14088380e+04 4.53526532e-01]
[  27.11879697 1172.83712855],[8.05383241e+03 3.65256743e-01]
[191.5 683.5],[3.13500000e+03 1.03636364e+00]
[195.1 683.9],[3.47964000e+03 1.18450185e+00]
[195.7669787  683.97744067],[3.54179050e+03 1.21257866e+00]
[199.03498362 684.00300933],[3.89134447e+03 1.33477779e+00]
[200.81789525 684.00869046],[4.23449191e+03 1.45309298e+00]
[201.42067763 684.00894204],[4.35595750e+03 1.49480254e+00]
[205.24826354 684.00790697],[4.57230529e+03 1.56892471e+00]
[206.65889071 684.00672232],[4.64830328e+03 1.59486240e+00]
[209.42359846 683.32083083],[4.82383103e+03 1.57407708e+00]
[215.65705414 683.74310459],[4.88218207e+03 1.56485369e+00]
[217.99862649 683.90632549],[4.89658540e+03 1.55951385e+00]
[221.09952335 683.63535394],[4.99044366e+03 1.54916526e+00]
[224.16288263 683.53401736],[5.02038018e+03 1.54417364e+00]
[227.86538698 683.82780394],[4.85122194e+03 1.59664533e+00]
[232.46668006 683.60674909],[4.84023041e+03 1.59703787e+00]
[236.09356485 683.19323841],[4.77400619e+03 1.61554103e+00]
[239.3386353  683.03936317],[4.86307964e+03 1.58252210e+00]
[243.09216246 682.65504421],[4.83540771e+03 1.58844779e+00]
[247.03806448 682.51218397],[4.82215472e+03 1.59002051e+00]
[253.35834056 681.80047162],[4.77868148e+03 1.57797749e+00]
[255.63239112 681.53780417],[4.76010728e+03 1.57274537e+00]
[258.33966336 681.44618108],[4.94036059e+03 1.55685814e+00]
[261.54602149 681.74524291],[5.02754100e+03 1.52173041e+00]
[264.94227555 681.86593585],[5.09675523e+03 1.51973379e+00]
[268.73948536 681.91747765],[5.12118893e+03 1.51884814e+00]
[273.01840892 681.61281906],[5.1475781e+03 1.4902567e+00]
[275.82952559 681.50042872],[5.15526157e+03 1.47946045e+00]
[279.07187547 681.46171686],[5.19538732e+03 1.48660823e+00]
[282.80829335 681.45117073],[5.20885311e+03 1.48938362e+00]
[285.74410462 681.77986975],[5.19280385e+03 1.51850867e+00]
[288.70553774 681.90869741],[5.18472805e+03 1.52980309e+00]
[292.00632371 681.95884158],[5.14213830e+03 1.52267296e+00]
[295.76855162 681.64839817],[5.18311564e+03 1.50270391e+00]
[299.37419428 681.53258385],[5.15862550e+03 1.48402121e+00]
[304.24470987 681.81984578],[5.24532350e+03 1.47180352e+00]
[305.95082477 681.93036818],[5.27745145e+03 1.46731746e+00]
[309.1014477  682.30193429],[5.34650402e+03 1.44987286e+00]
[311.48482578 682.11531945],[5.31399875e+03 1.45914951e+00]
[314.2400125  682.04246901],[5.30021347e+03 1.46294668e+00]
[319.78137126 682.01464259],[5.29407473e+03 1.46450692e+00]
[321.75124525 682.00412686],[5.29097609e+03 1.46519150e+00]
[324.3468635  682.33016608],[5.34722154e+03 1.44960853e+00]
[328.83588181 682.4529177 ],[5.32754735e+03 1.43305142e+00]
[330.40225368 682.49835937],[5.31931258e+03 1.42693812e+00]
[332.52159786 682.51399247],[5.27520620e+03 1.41397708e+00]
[334.85273346 682.51831259],[5.21758187e+03 1.39841497e+00]
[337.26852207 682.51846365],[5.34947887e+03 1.37402930e+00]
[339.72209303 682.19046891],[5.49743583e+03 1.36169404e+00]
[341.86119242 682.06393662],[5.44026806e+03 1.38557516e+00]
[345.86195919 682.01532844],[5.44729778e+03 1.34564714e+00]
[347.25832854 681.99770175],[5.44835668e+03 1.33107729e+00]
[349.33259514 681.66382274],[5.35040921e+03 1.32919299e+00]
[352.99403657 681.8671136 ],[5.49585984e+03 1.34645113e+00]
[354.6039491  681.94522571],[5.50795433e+03 1.34272272e+00]
[356.09249398 681.97590266],[5.55415574e+03 1.35183286e+00]
[358.20717751 681.98811998],[5.52860440e+03 1.34518166e+00]
[360.89101402 682.3226163 ],[5.57479738e+03 1.32913841e+00]
[364.78357665 682.77726187],[5.49257901e+03 1.32654183e+00]
[366.15069696 682.94961819],[5.46075022e+03 1.32582369e+00]
[367.89021992 683.01178069],[5.25306282e+03 1.33253241e+00]
[371.10318075 683.3644682 ],[5.34147172e+03 1.29390055e+00]
[372.20766464 683.49218349],[5.37415007e+03 1.28023978e+00]
[373.85504797 684.19380133],[5.58397056e+03 1.27012855e+00]
[375.38318453 684.45554354],[5.51010093e+03 1.28172822e+00]
[377.19257984 684.87844079],[5.64695634e+03 1.24878391e+00]
[378.78310323 685.35766069],[5.59853400e+03 1.23923029e+00]
[380.62308756 685.20517823],[5.63379720e+03 1.22402493e+00]
[382.56025027 685.79449359],[5.64665454e+03 1.21864985e+00]
[384.20341252 686.01176501],[5.60577311e+03 1.20723613e+00]
[385.73535339 686.41401616],[5.68941616e+03 1.20143466e+00]
[386.89975186 686.55816984],[5.72067577e+03 1.19953187e+00]
[387.92593557 686.60348769],[5.84071355e+03 1.17676743e+00]
[389.56472086 686.93945236],[5.83146669e+03 1.17947421e+00]
[390.44579798 687.38794994],[5.83415267e+03 1.16062615e+00]
[392.6972034  688.86027655],[5.72667279e+03 1.17551287e+00]
[393.4784038  689.41327691],[5.68463164e+03 1.18176916e+00]
[395.0319693  689.27628008],[5.63019492e+03 1.15420188e+00]
[396.21391958 689.54080374],[5.75614187e+03 1.15231541e+00]
[397.59319964 690.28529967],[5.75671059e+03 1.14244045e+00]
[398.05064101 690.55620383],[5.75652633e+03 1.13897728e+00]
[399.15842245 690.31565907],[5.76180175e+03 1.11827474e+00]
[400.51424485 690.212311  ],[5.71555608e+03 1.10158606e+00]
[400.96610436 690.49007378],[5.74993944e+03 1.08576090e+00]
[401.74846338 691.24198794],[5.86645502e+03 1.06114374e+00]
[402.65703096 691.51904775],[6.01347150e+03 1.03439463e+00]
[403.28299925 692.58936238],[5.86592423e+03 1.04263569e+00]
[404.46755704 693.97996191],[5.70746363e+03 1.04695607e+00]
[405.86494307 695.48238021],[5.74829468e+03 1.04871362e+00]
[406.34499106 696.02759927],[5.76374292e+03 1.04964451e+00]
[406.81261194 696.54103359],[5.87044893e+03 1.04988229e+00]
[407.61035166 697.37143948],[5.81176920e+03 1.03258061e+00]
[407.61035166 697.37143948],[5.81176920e+03 1.03258061e+00]
[407.61035166 697.37143948],[5.81176920e+03 1.03258061e+00]
[408.20059904 699.63855641],[5.83888372e+03 1.03511923e+00]
[408.71792049 700.47528979],[6.00188346e+03 1.02710523e+00]
[408.87963003 700.76594721],[6.06353807e+03 1.02433160e+00]
[409.23642803 701.17439008],[5.98398032e+03 1.02364352e+00]
[409.66933584 701.62951411],[6.05510866e+03 1.02347184e+00]
[410.13537031 702.43433891],[6.13331647e+03 9.97987354e-01]
[410.61320145 703.69734966],[6.16261758e+03 1.00544985e+00]
[410.7683576  704.48278925],[6.32814387e+03 1.01685286e+00]
[411.13317028 705.73803392],[6.39064583e+03 1.00463651e+00]
[411.13317028 705.73803392],[6.39064583e+03 1.00463651e+00]
[411.13317028 705.73803392],[6.39064583e+03 1.00463651e+00]
[410.91746784 707.8254914 ],[6.41259883e+03 1.01670055e+00]
[410.81591836 708.59165591],[6.41874724e+03 1.02148820e+00]
[411.08740982 708.84662575],[6.47323669e+03 9.98483141e-01]
[411.17269272 710.22340658],[6.59883679e+03 1.00633757e+00]
[411.19174076 711.37320293],[6.64483118e+03 1.00936535e+00]
[412.17033256 712.43373186],[6.49709570e+03 9.54673502e-01]
[412.17033256 712.43373186],[6.49709570e+03 9.54673502e-01]
[412.17033256 712.43373186],[6.49709570e+03 9.54673502e-01]
[412.17033256 712.43373186],[6.49709570e+03 9.54673502e-01]
[411.18948906 713.45868609],[6.76866198e+03 9.82603881e-01]
[410.82806716 714.47029188],[6.86710428e+03 9.92751661e-01]
[410.67878053 715.80463024],[6.95724789e+03 9.88977939e-01]
[410.61432516 716.6050993 ],[7.04384211e+03 9.79998122e-01]
[411.24183098 718.5106825 ],[7.01605053e+03 9.53902080e-01]
[410.48101789 719.85686854],[7.05939335e+03 9.51877149e-01]
[410.52121071 720.65886699],[7.17679852e+03 9.22601391e-01]
[410.20204904 722.23145522],[7.27778929e+03 9.19433318e-01]
[411.06955423 723.44972395],[7.25523341e+03 9.11045653e-01]
[411.06955423 723.44972395],[7.25523341e+03 9.11045653e-01]
[409.74162755 724.20139935],[7.47599344e+03 9.23577855e-01]
[410.2262691  725.42926921],[7.55264139e+03 9.14479020e-01]
[409.42549085 728.79986915],[7.47497405e+03 9.38589969e-01]
[409.12250275 730.04773581],[7.44070491e+03 9.48331147e-01]
[409.33898222 731.78912864],[7.59572406e+03 9.45417784e-01]
[409.75231617 733.71293411],[7.59365399e+03 9.37098768e-01]
[409.75231617 733.71293411],[7.59365399e+03 9.37098768e-01]
[409.25285852 735.37919092],[7.76545172e+03 9.41744335e-01]
[408.08213854 737.6007476 ],[7.82501832e+03 9.29619269e-01]
[407.63713695 740.0317918 ],[7.77853231e+03 9.04344719e-01]
[407.47595842 740.90299668],[7.75768274e+03 8.94930278e-01]
[407.09193863 742.81352684],[8.10082837e+03 8.94029312e-01]
[406.95473864 743.48983171],[8.23007256e+03 8.93727738e-01]
[406.91106347 744.99565823],[8.27680051e+03 8.93758575e-01]
[405.91563693 745.84277449],[8.53920435e+03 9.08228078e-01]
[405.5465896  746.44007999],[8.45203703e+03 9.06408234e-01]
[404.42901046 748.58386241],[8.60470134e+03 9.26223680e-01]
[403.36455455 751.32060437],[8.65899944e+03 9.33785363e-01]
[402.97062958 753.29118423],[8.73577505e+03 9.30295473e-01]
[401.52501412 755.29505596],[9.00946802e+03 9.29867879e-01]
[400.33859655 759.27237228],[9.23176479e+03 9.17561298e-01]
[399.9047914 760.7335874],[9.31319159e+03 9.12949363e-01]
[399.434345 762.857425],[9.46707204e+03 9.11808587e-01]
[398.94886139 764.2557639 ],[9.58874788e+03 9.17817196e-01]
[398.13001344 767.01338604],[9.82722865e+03 9.27001854e-01]
[396.85877808 768.97979973],[1.00449997e+04 9.30906018e-01]
[395.74024588 770.64234531],[1.03147004e+04 9.15142968e-01]
[394.02777174 772.8416438 ],[1.06169539e+04 9.15920366e-01]
[392.42144033 775.24768088],[1.08636508e+04 9.16711076e-01]
[391.50854081 777.40599821],[1.10238573e+04 9.22995412e-01]
[388.90718134 781.42912544],[1.14165027e+04 9.09641933e-01]
[386.96409206 784.52121342],[1.18502183e+04 9.16768439e-01]
[386.25594602 785.63535889],[1.20112594e+04 9.19450915e-01]
[385.37507597 789.23999265],[1.20645718e+04 9.20494807e-01]
[385.07892368 790.53962203],[1.20763777e+04 9.20893291e-01]
[383.69598099 793.2437918 ],[1.22929835e+04 9.27177904e-01]
[381.24509357 797.14111185],[1.22877968e+04 9.13053002e-01]
[378.70223743 801.16337495],[1.27884037e+04 9.04224875e-01]
[376.47389376 803.91792727],[1.31317068e+04 9.11851710e-01]
[375.66784252 804.88119615],[1.32564810e+04 9.14786624e-01]
[374.10525871 807.11415245],[1.32957090e+04 9.15932608e-01]
[371.92083104 810.49752111],[1.36866530e+04 9.22653265e-01]
[366.24710547 815.62307515],[1.45468837e+04 9.73160614e-01]
[364.12471846 817.81682987],[1.49477517e+04 9.87058604e-01]
[362.39480308 820.51718687],[1.51741294e+04 9.76748422e-01]
[361.14752073 823.41221383],[1.52433194e+04 9.52292385e-01]
[357.4678734  829.64255137],[1.59093871e+04 9.44114890e-01]
[354.5047676  833.23587721],[1.62428568e+04 9.45960800e-01]
[353.43730643 834.50720987],[1.63599859e+04 9.46641656e-01]
[348.20794875 839.77789321],[1.67329773e+04 9.57012028e-01]
[346.2796515  841.68459069],[1.68653753e+04 9.60937626e-01]
[343.34108513 845.24178474],[1.72426072e+04 9.53174770e-01]
[340.33944757 847.79874665],[1.75588251e+04 9.78976881e-01]
[336.67012034 852.59296421],[1.81907905e+04 9.98585058e-01]
[332.42401924 856.92489854],[1.85121636e+04 1.01079446e+00]
[328.92263701 860.75217876],[1.90726362e+04 1.01027006e+00]
[324.09695507 865.03410414],[1.94581691e+04 1.00989478e+00]
[318.75933986 870.14438178],[2.03312102e+04 1.00015674e+00]
[314.21357199 874.90630757],[2.11256136e+04 9.92077907e-01]
[309.65159342 880.50867993],[2.18981511e+04 9.93432424e-01]
[304.76568848 885.46122499],[2.24737013e+04 9.98226751e-01]
[299.1076501  889.50565278],[2.31706405e+04 9.95734651e-01]
[293.48072994 894.17011776],[2.43257293e+04 9.98986526e-01]
[287.88099982 900.3659272 ],[2.44546337e+04 1.00432728e+00]
[281.95606218 905.86840702],[2.48845946e+04 1.02304733e+00]
[271.38905941 914.68334777],[2.59581055e+04 1.04207464e+00]
[267.45164128 917.89101182],[2.63564850e+04 1.04927025e+00]
[261.89223856 923.18787662],[2.71271948e+04 1.05117038e+00]
[255.37513148 928.63661903],[2.79485812e+04 1.04713120e+00]
[248.16409052 934.79237676],[2.84518698e+04 1.06154031e+00]
[235.83181847 945.1494057 ],[2.98429293e+04 1.06943256e+00]
[231.24492542 948.93417239],[3.03635496e+04 1.07236298e+00]
[224.17378272 954.7496066 ],[3.13435983e+04 1.06835395e+00]
[215.4857041  961.35040146],[3.25175008e+04 1.06200790e+00]
[207.79894529 966.95261436],[3.29332096e+04 1.07479114e+00]
[192.06842379 980.32956261],[3.48773635e+04 1.06615833e+00]
[186.21900362 985.25780006],[3.56096970e+04 1.06301137e+00]
[171.56151091 996.67193887],[3.72145532e+04 1.07131106e+00]
[ 159.69193234 1005.72105666],[3.89569706e+04 1.06968136e+00]
[ 155.35086899 1008.9946119 ],[3.96074277e+04 1.06904166e+00]
[ 146.83979299 1014.8725011 ],[4.02046538e+04 1.07184963e+00]
[ 136.36446266 1023.08357357],[4.11657461e+04 1.08598627e+00]
[ 125.46899433 1031.87050321],[4.25689004e+04 1.09009205e+00]
[ 125.46899433 1031.87050321],[4.25689004e+04 1.09009205e+00]
[ 113.44313141 1039.88888948],[4.36077371e+04 1.09779449e+00]
[ 106.62647937 1048.91467196],[4.30409159e+04 1.05659518e+00]
[ 100.98819508 1057.34208449],[4.06820747e+04 1.00276258e+00]
[  91.34757905 1073.7227903 ],[3.78294663e+04 8.82315403e-01]
[  87.96449302 1079.72077766],[3.67945359e+04 8.41184902e-01]
[  78.40629589 1094.74637636],[3.33170529e+04 7.38066148e-01]
[  70.97849331 1108.36562875],[3.07918518e+04 6.54451904e-01]
[  68.7305566  1113.31419198],[3.00406166e+04 6.29000326e-01]
[  63.24251293 1122.03748505],[2.78736603e+04 5.73963434e-01]
[  56.99323934 1127.68088056],[2.45951825e+04 5.28270823e-01]
[  49.75543433 1122.8607074 ],[1.85267865e+04 5.34491665e-01]
[  42.55508267 1120.56640319],[1.39555037e+04 5.19059747e-01]
[  35.0127553  1127.21348834],[1.07555004e+04 4.55912971e-01]
[  26.58283297 1135.18902397],[7.80392208e+03 3.62200956e-01]
[  11.60446994 1161.84431173],[2.98337394e+03 1.80552254e-01]
[   9.92937304 1171.11480955],[2.41868464e+03 1.63051350e-01]
[171.5 685. ],[4.25e+03 1.70e+00]
[173.1 683.8],[4.84920000e+03 1.66296296e+00]
[178.70243878 683.95031627],[4.60293100e+03 1.67019887e+00]
[183.00086599 683.61356871],[4.83273368e+03 1.73724004e+00]
[193.00710289 683.50684433],[4.21285717e+03 1.50807184e+00]
[193.00710289 683.50684433],[4.21285717e+03 1.50807184e+00]
[199.96717123 683.11522934],[4.01663212e+03 1.47495831e+00]
[199.96717123 683.11522934],[4.01663212e+03 1.47495831e+00]
[202.59728665 682.63103624],[4.32527966e+03 1.55893836e+00]
[202.59728665 682.63103624],[4.32527966e+03 1.55893836e+00]
[205.45360615 682.81493545],[4.37116222e+03 1.60641423e+00]
[208.9800023  682.89314917],[4.53297479e+03 1.67729304e+00]
[212.12060734 683.26828255],[4.72404808e+03 1.70670677e+00]
[215.78011196 683.40929684],[4.99034302e+03 1.69939228e+00]
[220.62868199 683.46295174],[5.25118317e+03 1.66845469e+00]
[228.22935204 682.8285722 ],[5.34964861e+03 1.65704051e+00]
[231.2995676  682.91263443],[5.40833584e+03 1.62237722e+00]
[234.26003147 682.62026069],[5.44168710e+03 1.65061961e+00]
[238.83893951 682.1811331 ],[5.47532153e+03 1.63140115e+00]
[246.01349745 682.34670767],[5.46083931e+03 1.65408597e+00]
[248.57296376 682.41540163],[5.45219822e+03 1.66293677e+00]
[252.33085974 682.4448332 ],[5.48419116e+03 1.67773771e+00]
[256.88195615 681.7987251 ],[5.41924103e+03 1.66029473e+00]
[260.41733178 681.88746381],[5.53101471e+03 1.65741133e+00]
[264.88970147 681.59658591],[5.71218478e+03 1.66013256e+00]
[269.71432625 681.16237951],[5.76606998e+03 1.62091815e+00]
[273.68934021 680.67445297],[5.88653848e+03 1.59969490e+00]
[277.9970917  680.49335024],[6.01621685e+03 1.54795970e+00]
[282.43198779 680.75450468],[5.83527215e+03 1.56694660e+00]
[282.43198779 680.75450468],[5.83527215e+03 1.56694660e+00]
[285.92208446 680.86655388],[5.96976501e+03 1.56315388e+00]
[290.050632   680.58532245],[5.91511721e+03 1.56785550e+00]
[294.09031269 680.48248087],[5.89187979e+03 1.56995092e+00]
[298.09720411 680.77797389],[5.94471917e+03 1.55420577e+00]
[302.09248129 680.56561008],[5.90022770e+03 1.56502596e+00]
[306.41440746 680.81809028],[5.98587157e+03 1.56339082e+00]
[310.20071647 680.91626211],[5.84968961e+03 1.58589093e+00]
[313.45154296 681.28848429],[5.86012496e+03 1.57756339e+00]
[317.82578484 681.09835423],[5.92673985e+03 1.55763786e+00]
[317.82578484 681.09835423],[5.92673985e+03 1.55763786e+00]
[320.97403722 681.0267745 ],[5.99211998e+03 1.56097670e+00]
[324.32193426 680.01321878],[6.03850194e+03 1.53543265e+00]
[330.39009159 680.28679141],[6.22346121e+03 1.50515255e+00]
[332.53231629 680.39458157],[6.29292439e+03 1.49417674e+00]
[332.53231629 680.39458157],[6.29292439e+03 1.49417674e+00]
[337.4736111  680.11278753],[6.21189177e+03 1.49515131e+00]
[339.18609596 680.00751213],[6.17910668e+03 1.49591013e+00]
[342.65690711 679.64177808],[6.18584990e+03 1.47106519e+00]
[346.13489752 679.83508173],[6.16755744e+03 1.48720921e+00]
[348.95762509 679.9139615 ],[6.20160955e+03 1.50401032e+00]
[348.95762509 679.9139615 ],[6.20160955e+03 1.50401032e+00]
[348.95762509 679.9139615 ],[6.20160955e+03 1.50401032e+00]
[353.5130384  678.62702688],[6.64204198e+03 1.43240579e+00]
[358.0655911  678.79548564],[6.51084778e+03 1.45240262e+00]
[358.0655911  678.79548564],[6.51084778e+03 1.45240262e+00]
[359.97677398 678.87401598],[6.41155894e+03 1.45132850e+00]
[361.87141166 677.59133021],[6.75284461e+03 1.36944132e+00]
[366.42045471 677.76210776],[6.90543648e+03 1.29946786e+00]
[367.99126673 677.83810326],[6.96241313e+03 1.27415229e+00]
[370.43995237 677.55283625],[7.04330632e+03 1.25430454e+00]
[373.55392784 677.77340118],[7.18359000e+03 1.24551621e+00]
[376.91934385 679.48710958],[6.75702511e+03 1.31213378e+00]
[376.91934385 679.48710958],[6.75702511e+03 1.31213378e+00]
[376.91934385 679.48710958],[6.75702511e+03 1.31213378e+00]
[379.38607558 678.1692978 ],[6.83664982e+03 1.29251189e+00]
[382.17779242 677.69023282],[6.98826421e+03 1.26303404e+00]
[384.43229703 677.18632645],[7.33033092e+03 1.23790599e+00]
[386.49206826 676.67444371],[7.41935031e+03 1.20204663e+00]
[389.13325921 677.13090355],[7.57289444e+03 1.16985222e+00]
[391.67130851 680.87350053],[6.91139584e+03 1.26073788e+00]
[394.17081459 681.70618888],[6.72186678e+03 1.26998174e+00]
[394.17081459 681.70618888],[6.72186678e+03 1.26998174e+00]
[394.17081459 681.70618888],[6.72186678e+03 1.26998174e+00]
[394.17081459 681.70618888],[6.72186678e+03 1.26998174e+00]
[393.3324173  672.99720531],[8.83838171e+03 1.11697804e+00]
[397.83169421 679.14614705],[7.54617977e+03 1.25702236e+00]
[400.8098001  682.40286397],[7.01477553e+03 1.32953564e+00]
[400.8098001  682.40286397],[7.01477553e+03 1.32953564e+00]
[403.48552602 682.88634735],[6.77677524e+03 1.34842705e+00]
[407.70191182 683.05199817],[6.72349701e+03 1.31119733e+00]
[408.84375459 683.10461949],[6.75003047e+03 1.30672764e+00]
[410.82972315 684.10910311],[6.65075379e+03 1.30797324e+00]
[413.13107993 684.81091902],[6.59856716e+03 1.33035679e+00]
[415.22417457 684.72657752],[6.51673696e+03 1.35180359e+00]
[417.56975136 685.68252791],[6.72232199e+03 1.33085975e+00]
[419.68266017 686.02545089],[6.73210515e+03 1.26339908e+00]
[422.03664674 686.4695494 ],[6.72194952e+03 1.25890183e+00]
[424.15316277 686.95298649],[6.65753242e+03 1.26893038e+00]
[425.84965277 687.78193386],[6.70590516e+03 1.24112327e+00]
[427.05547619 688.4076174 ],[6.66413659e+03 1.24214129e+00]
[428.74774389 688.95774203],[6.70830965e+03 1.23174340e+00]
[430.29425993 690.46415972],[6.89467473e+03 1.21546240e+00]
[432.45065236 691.34489176],[6.85576098e+03 1.21139970e+00]
[434.83870898 691.00121794],[6.79033603e+03 1.20137254e+00]
[437.31380563 693.15216593],[6.77421499e+03 1.17871425e+00]
[438.48882076 693.94615908],[6.83341904e+03 1.14210065e+00]
[440.84198943 694.55144332],[6.79821733e+03 1.13853780e+00]
[441.64126008 694.42660025],[6.84233804e+03 1.12809541e+00]
[443.52289749 695.0113246 ],[6.91097216e+03 1.13307887e+00]
[444.48894395 695.211304  ],[6.98817816e+03 1.14375562e+00]
[445.77330891 697.56586876],[7.14085242e+03 1.11160510e+00]
[446.84764433 698.43635257],[6.96554512e+03 1.13672806e+00]
[448.50925284 699.72987885],[7.17752205e+03 1.13529927e+00]
[450.72160794 701.82804117],[7.38153509e+03 1.09972354e+00]
[452.15542471 702.92453641],[7.39906068e+03 1.09550945e+00]
[452.63090916 703.30921762],[7.40363929e+03 1.09423012e+00]
[453.40738013 704.40356244],[7.46939679e+03 1.05277995e+00]
[454.29852182 705.76711295],[7.66271939e+03 1.04544199e+00]
[455.90312469 706.58412713],[7.90797936e+03 1.05026771e+00]
[457.44520683 708.49164756],[7.88333243e+03 1.05261262e+00]
[457.97514219 709.18797526],[7.8704538e+03 1.0538419e+00]
[458.45092905 710.39867882],[8.10047687e+03 1.03851994e+00]
[458.91260241 711.80327157],[8.06792962e+03 1.03322971e+00]
[459.69775211 712.95802495],[8.16894525e+03 1.04644719e+00]
[460.28350061 714.67060666],[8.26730448e+03 1.02893207e+00]
[460.46081853 717.24418635],[8.42217607e+03 1.00792723e+00]
[460.48794962 718.84001558],[8.47866693e+03 1.00029599e+00]
[460.46209901 719.40485775],[8.49720357e+03 9.97657900e-01]
[460.75000471 721.86322902],[8.61986228e+03 9.69147843e-01]
[460.82785321 722.75768184],[8.66337728e+03 9.58838741e-01]
[460.49963285 724.68164253],[8.68050369e+03 9.68833430e-01]
[460.02449062 725.69520447],[8.80647390e+03 9.73211421e-01]
[459.49715293 728.9808492 ],[8.84961331e+03 9.61553521e-01]
[459.27900275 730.18331702],[8.86311559e+03 9.57347908e-01]
[458.8544598  731.23983877],[8.80194228e+03 9.49121969e-01]
[458.68372064 733.88421523],[9.09320054e+03 9.67155430e-01]
[458.61533358 734.5074505 ],[9.13869590e+03 9.80572211e-01]
[459.89519654 736.65701031],[9.66231922e+03 1.01289158e+00]
[458.75761894 738.72971279],[9.66946603e+03 1.00518399e+00]
[458.29863336 739.46129178],[9.66497997e+03 9.75694096e-01]
[458.11871308 741.97434217],[1.01160383e+04 9.71935220e-01]
[456.41819849 744.50998658],[1.06860909e+04 9.71092858e-01]
[455.76819785 745.1082293 ],[1.08372495e+04 9.76759924e-01]
[455.19640612 747.87927888],[1.12282020e+04 9.61429287e-01]
[454.98458196 748.88779018],[1.13725561e+04 9.55799834e-01]
[452.62272523 751.81525993],[1.14920068e+04 9.59707924e-01]
[451.73136141 753.20596735],[1.15989455e+04 9.55607284e-01]
[448.78665593 757.59251144],[1.14951509e+04 9.65526142e-01]
[446.69918176 761.83535628],[1.16583972e+04 9.63894142e-01]
[444.29479385 763.69814574],[1.14353190e+04 9.74737974e-01]
[443.4126624  764.97421037],[1.13434813e+04 9.79080070e-01]
[442.12974897 767.68604072],[1.17299932e+04 1.00520937e+00]
[441.35004512 768.63231726],[1.19429546e+04 1.02099577e+00]
[440.11145635 771.21574503],[1.24590866e+04 1.00245875e+00]
[438.36851746 774.41108094],[1.28725830e+04 1.00149098e+00]
[436.10922103 776.86851112],[1.31008477e+04 1.00675177e+00]
[433.97785197 780.01773308],[1.34074733e+04 9.91695086e-01]
[430.59114315 782.77280847],[1.40541207e+04 1.01387523e+00]
[427.72625919 786.6808117 ],[1.46099745e+04 1.01089708e+00]
[426.02034647 789.39856198],[1.45029875e+04 1.00990938e+00]
[424.44747975 792.96393948],[1.48447669e+04 9.93171830e-01]
[421.94493005 796.19087278],[1.52881364e+04 1.00815421e+00]
[418.77008249 799.61804197],[1.59381662e+04 1.01355027e+00]
[415.66139692 802.79030996],[1.60143340e+04 1.02616583e+00]
[410.62333791 808.4868385 ],[1.65263824e+04 1.04100404e+00]
[408.75733115 810.55484171],[1.67133998e+04 1.04659342e+00]
[406.17080287 812.21155866],[1.70134892e+04 1.07476647e+00]
[403.30674915 816.01333021],[1.76541055e+04 1.05251350e+00]
[403.30674915 816.01333021],[1.76541055e+04 1.05251350e+00]
[396.75486977 821.26768558],[1.81425822e+04 1.05917950e+00]
[396.75486977 821.26768558],[1.81425822e+04 1.05917950e+00]
[391.72338096 825.46798597],[1.87528199e+04 1.07604260e+00]
[386.96478718 829.57394448],[1.94229792e+04 1.08634875e+00]
[385.22207775 831.02984543],[1.96700381e+04 1.09020275e+00]
[381.09406412 834.07588669],[2.02056778e+04 1.09535901e+00]
[377.98586247 838.39259755],[2.08790483e+04 1.08125461e+00]
[369.75028392 845.13696649],[2.16873662e+04 1.08437134e+00]
[366.68901036 847.29792928],[2.18859252e+04 1.09043046e+00]
[362.06349596 850.92735402],[2.23216996e+04 1.10138698e+00]
[357.48494176 855.45743762],[2.29591123e+04 1.10899712e+00]
[349.03607642 864.24432214],[2.44913319e+04 1.11306679e+00]
[349.03607642 864.24432214],[2.44913319e+04 1.11306679e+00]
[342.03261622 870.400931  ],[2.54002153e+04 1.10032511e+00]
[339.4554501  872.64395347],[2.57338018e+04 1.09539239e+00]
[334.07404513 875.94728895],[2.64599630e+04 1.10103219e+00]
[327.9336409  880.32520523],[2.70446358e+04 1.09812414e+00]
[321.82150733 885.44392862],[2.80000047e+04 1.09983909e+00]
[310.86959101 893.76606656],[2.98038047e+04 1.08551984e+00]
[306.79994885 896.84206768],[3.04893039e+04 1.08026185e+00]
[306.79994885 896.84206768],[3.04893039e+04 1.08026185e+00]
[295.03172788 907.90081305],[3.12398915e+04 1.12190484e+00]
[290.99341969 912.34168423],[3.17242267e+04 1.13771836e+00]
[285.43108779 916.47206907],[3.20237270e+04 1.13101154e+00]
[278.28676916 922.11934954],[3.26739974e+04 1.13928962e+00]
[269.24113075 928.67629623],[3.38839734e+04 1.12406450e+00]
[260.76132317 934.91730248],[3.47813924e+04 1.13317615e+00]
[251.54228406 942.0208021 ],[3.58027857e+04 1.15081496e+00]
[242.37264374 948.79765655],[3.68016816e+04 1.15210249e+00]
[227.06067622 960.3236189 ],[3.88367909e+04 1.13755799e+00]
[221.38446605 964.56780883],[3.96021485e+04 1.13217238e+00]
[206.15195243 976.0424508 ],[4.19515967e+04 1.13375065e+00]
[200.53612308 980.26866355],[4.28394149e+04 1.13428589e+00]
[191.53250528 986.52920726],[4.35394439e+04 1.13732379e+00]
[173.72573964 999.44948648],[4.56605885e+04 1.14922008e+00]
[ 167.13815044 1004.19837865],[4.64509945e+04 1.15367547e+00]
[ 157.13705041 1010.65360977],[4.74287465e+04 1.15061343e+00]
[ 146.11994669 1019.40484979],[4.81619502e+04 1.15894249e+00]
[ 134.06781074 1028.06911217],[4.98490815e+04 1.15950159e+00]
[ 118.71183225 1043.8324683 ],[5.04890299e+04 1.09780074e+00]
[ 114.91897514 1049.66933936],[4.99003949e+04 1.05861854e+00]
[ 106.26101795 1064.93329789],[4.70268019e+04 9.60422863e-01]
[ 102.8544417  1070.55840537],[4.58303402e+04 9.23321636e-01]
[  94.03617258 1084.44660168],[4.23569830e+04 8.35073807e-01]
[  91.05435162 1089.82388306],[4.12842025e+04 8.03299514e-01]
[  81.26606832 1104.93042183],[3.72402062e+04 7.09359537e-01]
[  78.05992812 1110.10320829],[3.60034257e+04 6.76974733e-01]
[  71.91664492 1119.25935973],[3.35198515e+04 6.17186960e-01]
[  65.4586822  1126.04773185],[3.01936019e+04 5.67648615e-01]
[  58.18092137 1122.37358621],[2.33502102e+04 5.79869660e-01]
[  50.62522348 1124.33716088],[1.86828545e+04 5.48719844e-01]
[  42.99440187 1127.51501706],[1.44385170e+04 5.12107604e-01]
[  34.97199086 1133.2010517 ],[1.11533909e+04 4.38625403e-01]
[  26.43893147 1145.05143549],[7.73509400e+03 3.61478269e-01]
[  26.43893147 1145.05143549],[7.73509400e+03 3.61478269e-01]
[  17.76962365 1159.86449022],[4.92078283e+03 2.56674221e-01]
[   9.55813666 1177.26933228],[2.30399299e+03 1.58608080e-01]
[190.  682.5],[3.1920000e+03 9.8245614e-01]
[192.  683.3],[3.31408000e+03 1.14498141e+00]
[194.987977  680.3168707],[3.76884346e+03 1.06628078e+00]
[197.58220172 679.71368723],[4.15252031e+03 1.13239389e+00]
[200.16624505 679.99276678],[4.53551013e+03 1.20146329e+00]
[202.39018618 680.14682895],[4.91267866e+03 1.29321300e+00]
[204.14697523 680.23728626],[5.24441620e+03 1.38139621e+00]
[206.69596224 680.63661357],[5.45784897e+03 1.47362094e+00]
[209.55644621 679.43938309],[5.85872687e+03 1.46440758e+00]
[213.18131733 679.3435985 ],[6.14703970e+03 1.46562975e+00]
[215.17924222 679.3239144 ],[6.58233106e+03 1.54384164e+00]
[224.12430356 681.64098612],[6.08906277e+03 1.57617235e+00]
[230.92031874 682.22085381],[5.81215422e+03 1.60375094e+00]
[233.42679319 682.43321971],[5.70102151e+03 1.61234766e+00]
[237.20621614 682.8434981 ],[5.55069322e+03 1.62112891e+00]
[243.4486472  682.99194485],[5.52646542e+03 1.63389733e+00]
[249.31007482 682.70723224],[5.61534245e+03 1.62984547e+00]
[253.70984177 682.92912547],[5.74762544e+03 1.62008571e+00]
[255.25564931 683.00949418],[5.79413807e+03 1.61552327e+00]
[258.96951931 682.70580503],[5.66592729e+03 1.60873315e+00]
[262.54490189 682.25462201],[5.71521620e+03 1.59826097e+00]
[269.35562025 681.75462401],[5.62888093e+03 1.60039475e+00]
[271.80139702 681.89669383],[5.65593685e+03 1.58280662e+00]
[275.5438791  681.62198616],[5.76604856e+03 1.56948940e+00]
[281.42671753 681.84811059],[5.86848995e+03 1.54750558e+00]
[283.5155915  681.93624362],[5.90516712e+03 1.53902156e+00]
[286.45928113 681.97122867],[5.87574840e+03 1.52501416e+00]
[289.40418373 682.31399522],[6.00710957e+03 1.52471023e+00]
[293.01715654 682.44406068],[6.05520108e+03 1.52451170e+00]
[296.88347546 682.49278321],[5.94489583e+03 1.55677014e+00]
[300.51712516 682.50983057],[5.85974533e+03 1.55872687e+00]
[304.72191548 682.51489546],[5.99380452e+03 1.53671725e+00]
[308.15160928 682.51580656],[6.04309419e+03 1.52860273e+00]
[313.92365759 682.5149441 ],[6.06037446e+03 1.52548835e+00]
[315.96761962 682.51355303],[6.06537578e+03 1.52430400e+00]
[318.24199671 682.51209819],[6.02419595e+03 1.51340632e+00]
[320.93886506 682.51073079],[6.21803038e+03 1.49894184e+00]
[324.79452916 682.5096436 ],[6.03835734e+03 1.49335656e+00]
[327.76833069 682.17797959],[6.07283569e+03 1.48634978e+00]
[333.05645648 682.3823759 ],[5.98061052e+03 1.48881712e+00]
[334.91218662 682.46094951],[5.94497754e+03 1.48994535e+00]
[338.78447408 682.82097242],[5.99346076e+03 1.47502358e+00]
[340.10869784 682.95558781],[6.01147233e+03 1.46958339e+00]
[342.12953403 683.00478359],[6.06033296e+03 1.47801144e+00]
[345.74291282 683.35084463],[6.09817937e+03 1.45602733e+00]
[348.63966972 683.47929428],[6.15473216e+03 1.45812027e+00]
[349.61566211 683.52476796],[6.17546761e+03 1.45904450e+00]
[351.84577316 683.20927318],[6.24505751e+03 1.44491818e+00]
[353.89870386 683.41541208],[6.12196767e+03 1.43402233e+00]
[356.21545769 683.82221841],[6.17964100e+03 1.42582833e+00]
[358.63909449 683.31558134],[6.27995164e+03 1.38533016e+00]
[360.77092386 683.12131624],[6.31696114e+03 1.37067458e+00]
[362.79563975 683.37268474],[6.39119401e+03 1.35246909e+00]
[365.11346866 684.12174011],[6.37288954e+03 1.33639057e+00]
[368.20716349 684.07955391],[6.47161172e+03 1.32773884e+00]
[370.59743552 684.05982731],[6.50825548e+03 1.32481316e+00]
[372.72248435 684.04875322],[6.64278185e+03 1.29979318e+00]
[374.74848778 685.01959434],[6.53789073e+03 1.28410428e+00]
[376.73639548 685.39125504],[6.49644721e+03 1.27862003e+00]
[378.38326902 685.52639779],[6.64769332e+03 1.26301951e+00]
[379.90717292 685.89824378],[6.69228274e+03 1.27805470e+00]
[382.04661561 686.03381381],[6.65963754e+03 1.27507800e+00]
[383.75924944 686.40669774],[6.63276638e+03 1.29520912e+00]
[385.31411305 686.54045494],[6.57396220e+03 1.29397621e+00]
[387.13898101 686.58298058],[6.45681376e+03 1.27506673e+00]
[390.06713055 687.58218196],[6.63958579e+03 1.24281467e+00]
[391.08419493 687.95075671],[6.70813547e+03 1.23135442e+00]
[392.04715761 688.40910291],[6.67415311e+03 1.23827484e+00]
[393.32522871 689.23149757],[6.73048600e+03 1.21049405e+00]
[394.39312824 688.87686539],[6.75078009e+03 1.20049114e+00]
[396.05041465 689.38322281],[6.65815993e+03 1.17941273e+00]
[397.26535716 689.56536508],[6.62255344e+03 1.17184300e+00]
[398.31808024 689.62304558],[6.60903506e+03 1.16941083e+00]
[400.30879648 690.29222657],[6.65379201e+03 1.17771279e+00]
[401.65725348 691.19421921],[6.78728233e+03 1.16079459e+00]
[404.08638602 691.85128289],[6.79310658e+03 1.12802876e+00]
[404.93413487 692.08884306],[6.79437042e+03 1.11612013e+00]
[405.51941675 692.16423806],[6.74249557e+03 1.10354479e+00]
[407.0055842  693.16317462],[6.77903670e+03 1.09008684e+00]
[407.83591584 694.18476729],[6.61856213e+03 1.13132453e+00]
[408.75569123 694.22434341],[6.51128160e+03 1.12092927e+00]
[410.03980055 695.54737385],[6.63559896e+03 1.10666455e+00]
[410.80163956 696.35667114],[6.79117105e+03 1.10086654e+00]
[411.37007889 696.31753103],[6.96766912e+03 1.06402440e+00]
[412.52610348 696.93624396],[6.97541090e+03 1.07602292e+00]
[413.24728791 697.8109213 ],[7.02902181e+03 1.08925922e+00]
[413.47694951 698.78147677],[7.04791427e+03 1.09453833e+00]
[414.50866533 699.45764979],[7.05844686e+03 1.07965315e+00]
[415.1880004  700.34921301],[7.33892241e+03 1.08117844e+00]
[416.39473806 700.66755796],[7.39035843e+03 1.07387968e+00]
[417.47363452 701.42009519],[7.41326434e+03 1.03905635e+00]
[418.83395541 702.3389065 ],[7.47534139e+03 1.03406382e+00]
[419.63684438 703.32246038],[7.55334376e+03 1.04017327e+00]
[421.21882694 704.32944649],[7.46850830e+03 1.02727291e+00]
[421.77559157 705.01561642],[7.49129054e+03 1.01475304e+00]
[421.94365093 705.2510854 ],[7.49855552e+03 1.01029805e+00]
[422.63044247 707.2833163 ],[7.61412165e+03 9.93745479e-01]
[422.85319613 707.70463946],[7.59992265e+03 9.95213453e-01]
[423.89509584 708.49020795],[7.64827464e+03 9.73855149e-01]
[424.25396736 709.74350843],[7.72131679e+03 9.59112667e-01]
[425.3508478  711.82857208],[7.75108197e+03 9.68247669e-01]
[425.73345763 712.59576528],[7.76010486e+03 9.72046154e-01]
[425.84609551 713.1804416 ],[7.81913582e+03 9.66613754e-01]
[425.5285726  714.02583125],[7.89973015e+03 9.72096367e-01]
[425.38455965 714.97096593],[8.04747996e+03 9.88952130e-01]
[424.98322729 716.61220966],[8.39965329e+03 1.00263730e+00]
[424.8148862  717.53017171],[8.59372809e+03 1.00071967e+00]
[426.03994851 719.48094489],[8.36289622e+03 9.78847714e-01]
[427.15810378 721.17562703],[8.44631897e+03 9.50040867e-01]
[427.55943924 721.78251565],[8.47510719e+03 9.39573562e-01]
[427.69112892 722.62612383],[8.48377054e+03 9.35824631e-01]
[428.38318586 724.21905981],[8.48473583e+03 9.34618433e-01]
[428.95678633 725.44250931],[8.54595970e+03 9.41302299e-01]
[429.48480379 726.19433857],[8.57024423e+03 9.57528017e-01]
[429.33787612 726.76513608],[8.57846240e+03 9.77703236e-01]
[428.93605768 728.59264369],[8.94703148e+03 9.58555458e-01]
[427.78457444 730.55148637],[9.27950959e+03 9.98669178e-01]
[428.31276719 731.917466  ],[9.21359143e+03 9.67184761e-01]
[428.18095345 733.37641353],[9.43626931e+03 9.68670145e-01]
[428.45282775 734.87060149],[9.39059644e+03 9.68986293e-01]
[428.87827546 736.70739845],[9.42862417e+03 9.49738011e-01]
[429.03216948 737.35953417],[9.31553048e+03 9.55048964e-01]
[429.41223597 738.54152643],[9.26579582e+03 9.44216936e-01]
[429.21647575 739.60102726],[9.31016994e+03 9.46858309e-01]
[428.80555284 741.60173945],[9.32097883e+03 9.35078810e-01]
[428.3117671 743.3002634],[9.57414117e+03 9.19226708e-01]
[426.47343828 746.83933046],[9.92191506e+03 9.02710907e-01]
[425.77833647 748.14913592],[1.00533620e+04 8.96704161e-01]
[425.52060616 749.89824155],[9.97620818e+03 9.05711564e-01]
[425.10166792 751.82043202],[1.01368857e+04 9.04385134e-01]
[424.2937132  754.13182904],[1.03984040e+04 9.10777766e-01]
[423.34149829 757.24544868],[1.06872011e+04 8.96848736e-01]
[422.98906557 758.05130631],[1.08578131e+04 8.86515949e-01]
[422.54043482 759.92337115],[1.10726364e+04 9.05755731e-01]
[421.40319967 761.55746546],[1.12869126e+04 9.13729763e-01]
[420.65445394 763.75473356],[1.15039443e+04 9.17307725e-01]
[420.05769141 765.83923941],[1.16550893e+04 9.24519773e-01]
[418.86717547 767.87980522],[1.17803690e+04 9.33112632e-01]
[417.77658685 770.23064379],[1.20295936e+04 9.20263189e-01]
[416.7256728  773.02120159],[1.24086476e+04 9.16434219e-01]
[415.04127348 775.65339994],[1.29138365e+04 9.10927800e-01]
[413.76852326 777.89617733],[1.32595664e+04 9.19728331e-01]
[412.33091326 780.64017635],[1.34633023e+04 9.28523539e-01]
[409.8536389  784.55788445],[1.37639790e+04 9.37640678e-01]
[408.93351143 785.97647598],[1.38712997e+04 9.41110742e-01]
[406.66104633 787.41478673],[1.41374687e+04 9.48021108e-01]
[404.52487061 790.83034566],[1.49394582e+04 9.46569889e-01]
[402.44776151 794.01147583],[1.52430101e+04 9.46054877e-01]
[400.71387709 796.78435276],[1.55112394e+04 9.46071127e-01]
[399.11806415 800.04632389],[1.57669446e+04 9.46300034e-01]
[396.27322928 803.49416603],[1.60262588e+04 9.66332363e-01]
[393.93136225 806.68586419],[1.66159119e+04 9.84219054e-01]
[391.78591344 807.80974505],[1.63308175e+04 1.00115965e+00]
[389.71289391 811.75561394],[1.67985895e+04 9.92116899e-01]
[387.34838158 814.79448649],[1.73080135e+04 9.79012145e-01]
[382.91638761 818.47225777],[1.81050855e+04 9.88726139e-01]
[379.33578933 822.06954431],[1.86691050e+04 9.97017012e-01]
[376.40055543 824.98110976],[1.90544043e+04 1.00009812e+00]
[373.07123341 828.27801863],[1.93699309e+04 1.00115760e+00]
[369.59263896 832.37567088],[1.98418271e+04 1.01072975e+00]
[365.41527476 837.10509748],[2.06610966e+04 1.00938746e+00]
[361.94480593 840.43695642],[2.08709363e+04 1.01341399e+00]
[354.84425409 846.49794547],[2.19780300e+04 1.03697099e+00]
[348.66639937 852.28531101],[2.33731693e+04 1.04451519e+00]
[346.36018461 854.39133103],[2.39067899e+04 1.04739469e+00]
[343.32785188 857.34007843],[2.40864950e+04 1.05717151e+00]
[340.00363441 861.93237549],[2.43476936e+04 1.04297522e+00]
[335.58664776 866.82480129],[2.46332236e+04 1.02865902e+00]
[326.17378083 874.76290216],[2.60705323e+04 1.03507348e+00]
[322.69815687 877.35932603],[2.65046682e+04 1.04154814e+00]
[314.03198071 885.37023528],[2.78330275e+04 1.03889380e+00]
[310.82748468 888.3072706 ],[2.83304035e+04 1.03789119e+00]
[306.17871584 892.52847485],[2.92727669e+04 1.03299096e+00]
[300.31670037 898.22615924],[3.00599513e+04 1.03862124e+00]
[289.77224307 908.07427386],[3.12409201e+04 1.05551036e+00]
[285.85441988 911.70662528],[3.16752115e+04 1.06193004e+00]
[279.33321613 916.83441598],[3.22625026e+04 1.07934093e+00]
[272.1274839 922.8714382],[3.31701169e+04 1.08492459e+00]
[264.98388017 928.2708738 ],[3.42247450e+04 1.07831659e+00]
[256.89555728 935.70064045],[3.55894396e+04 1.06723958e+00]
[248.45206521 942.28153786],[3.66905692e+04 1.08061913e+00]
[239.88635212 949.51242346],[3.78414208e+04 1.08475748e+00]
[230.62663821 957.30596148],[3.94250083e+04 1.07429915e+00]
[221.75507855 963.35909452],[4.06361451e+04 1.08709339e+00]
[205.93617168 975.88839896],[4.28160599e+04 1.07970017e+00]
[193.25469411 985.35904724],[4.46877214e+04 1.09589769e+00]
[188.58093041 988.80564603],[4.53808913e+04 1.10207545e+00]
[180.2705768  995.41437066],[4.70278427e+04 1.08952084e+00]
[ 164.04396827 1008.42836307],[4.95739745e+04 1.10851128e+00]
[ 158.02783199 1012.92106308],[5.03746081e+04 1.11904114e+00]
[ 138.87078523 1026.43203372],[5.24192986e+04 1.11437193e+00]
[ 131.73948628 1031.38748498],[5.31695060e+04 1.11257756e+00]
[ 122.33405798 1040.17603134],[5.42597555e+04 1.10325759e+00]
[ 117.21803047 1048.82822803],[5.30150225e+04 1.03669232e+00]
[ 111.78429959 1057.74649297],[5.09128989e+04 9.81733895e-01]
[ 105.90115085 1067.09677392],[4.87535402e+04 9.20142718e-01]
[  99.85270951 1077.90372956],[4.65278236e+04 8.57169996e-01]
[  93.7512137  1088.61385822],[4.42342329e+04 7.94795297e-01]
[  87.63915658 1099.60250536],[4.17589681e+04 7.35709920e-01]
[  80.4866242  1110.36657884],[3.90032425e+04 6.64364936e-01]
[  68.7106547  1125.25142924],[3.26049436e+04 5.79194876e-01]
[  65.07921201 1130.61924415],[3.04369279e+04 5.56600699e-01]
[  58.72499403 1127.66049918],[2.49764459e+04 5.52300346e-01]
[  45.97634097 1132.73484302],[1.72829333e+04 4.89228048e-01]
[  42.51426787 1134.41691083],[1.51713465e+04 4.76546488e-01]
[  29.19618983 1147.63073681],[9.71113102e+03 3.51109464e-01]
[  26.19153326 1151.90600181],[8.50190934e+03 3.22749344e-01]
[  18.70830076 1167.67878878],[5.61347824e+03 2.49400106e-01]
[  10.21146203 1182.76288274],[2.51865908e+03 1.65602336e-01]
