1	1	730	557	1069	959	2
1	2	877	269	1054	356	2
1	3	1179	222	1241	281	2
2	1	727.4	565.68	1075.94	986.77	2
2	2	870.06	269.87	1049.66	357.74	2
2	3	1179	222.87	1241	281.87	2
3	1	715.39	587.04	1088.69	1044.29	2
3	2	858.02	270.79	1038.84	360.36	2
3	3	1178.22	224.58	1241	283.58	2
4	1	707.11	605.66	1097.89	1089.22	2
4	2	849.75	271.83	1029.4	362.68	2
4	3	1177.22	225.1	1240.24	285.62	2
4	4	1210	193	1243	223	2
5	1	693.88	634.9	1113.51	1171.74	2
5	2	836.37	273.6	1018.53	366.28	2
5	3	1175.44	226.68	1239.26	287.69	2
5	4	1210	193.8	1243	223.8	2
6	1	683.93	658.47	1125.64	1236.73	2
6	2	827.23	274.87	1009.52	368.84	2
6	3	1173.45	227.89	1238.94	289.05	2
6	4	1210	193.95	1243	224.72	2
7	1	664.58	691.72	1144.44	1337.68	2
7	2	814.68	275.97	999.75	372.41	2
7	3	1171.41	228.97	1238.16	290.15	2
7	4	1209.22	194.77	1243	225.8	2
8	1	649.02	723.28	1158.47	1415.99	2
8	2	805.76	277.01	990.44	374.3	2
8	3	1168.68	229.31	1237.21	291.85	2
8	4	1208.98	195.78	1243	226.12	2
9	1	622.74	766.28	1176.42	1446.72	2
9	2	794.1	278.69	977.22	377.58	2
9	3	1164.38	230.75	1236.22	293.1	2
9	4	1208.19	196.82	1243.72	226.92	2
10	1	600.63	804.21	1186.41	1456.44	2
10	2	786.84	279.94	968.67	380.04	2
10	3	1162.15	231.91	1235.2	294.16	2
10	4	1207.25	197.14	1243.97	227.87	2
11	1	567.55	858.67	1207.62	1456.74	2
11	2	775.14	282.36	957.15	383.51	2
11	3	1157.44	233.65	1233.52	295.84	2
11	4	1206.91	197.23	1244.05	228.86	2
12	1	594.81	903.16	1188.02	1453.7	2
12	2	767.83	283.23	949.91	387.37	2
12	3	1153.75	234.92	1232.26	297.75	2
12	4	1206.81	197.24	1244.07	229.87	2
13	1	595.44	970.68	1176.49	1456.4	2
13	2	758.82	285.47	938.24	391.36	2
13	3	1149.17	236.68	1230.5	299.74	2
13	4	1206.13	197.89	1244.07	230.89	2
14	1	582.31	1075.63	1172.53	1455.3	2
14	2	750.51	288.9	926.91	396.06	2
14	3	1142.32	237.96	1227.91	302.41	2
14	4	1205.89	198.12	1244.07	232.56	2
15	1	576.95	1141.42	1173.39	1450.29	2
15	2	744.46	290.17	919.08	399.71	2
15	3	1137.81	238.4	1225.65	304.03	2
15	4	1205.81	198.84	1243.4	233.82	2
16	2	736.55	292.56	909.2	404.26	2
16	3	1131.01	239.18	1222.24	305.89	2
16	4	1205.81	199.76	1243.14	234.93	2
17	2	732.64	294.07	902.57	407.85	2
17	3	1123.97	238.79	1220.3	307.85	2
17	4	1205.16	200.1	1243.04	235.97	2
18	2	728.2	297.19	893.13	413.01	2
18	3	1116.24	239.9	1216.41	310.49	2
18	4	1204.92	201.51	1243.01	236.99	2
19	2	724.9	299.64	887.35	417.49	2
19	3	1109.48	240.95	1213.63	312.11	2
19	4	1204.85	202.04	1242.99	237.99	2
20	2	721.97	301.82	879.53	421.69	2
20	3	1100.58	242.62	1209.41	314.61	2
20	4	1204.18	202.87	1242.99	239	2
21	2	719.86	303.25	874.35	425.78	2
21	3	1092.76	243.88	1205.26	316.17	2
21	4	1203.93	203.82	1242.99	240	2
22	2	718.68	305.68	868.07	431.11	2
22	3	1081.55	244.98	1199.23	318.65	2
22	4	1203.85	204.82	1242.99	241	2
23	2	719.21	307.2	864.11	435	2
23	3	1073.46	245.36	1195.01	320.19	2
23	4	1203.18	205.17	1242.99	242	2
24	2	719.63	309.67	859.62	442.19	2
24	3	1061.54	246.77	1188.34	322.02	2
24	4	1202.28	206.59	1242.99	243.65	2
25	2	716.57	313.13	857.64	446.78	2
25	3	1052.57	249.24	1183.24	323.96	2
25	4	1201.95	206.46	1242.99	244.9	2
26	2	717.62	317.01	859.16	454.24	2
26	3	1040.94	252.11	1174.96	325.94	2
26	4	1201.84	208.33	1243.65	246.64	2
27	2	718.82	319.09	863.32	462.14	2
27	3	1025.73	254.48	1165.41	328.6	2
27	4	1201.16	209.03	1243.9	247.93	2
28	2	720.03	323.03	867.67	468.28	2
28	3	1014.23	255.32	1158.59	330.19	2
28	4	1200.91	209.93	1243.99	249.03	2
29	2	721.9	327.72	873.41	476.95	2
29	3	998.48	256.25	1149.02	332.69	2
29	4	1200.18	210.9	1244.02	250.72	2
30	2	723.33	331.4	877.64	482.74	2
30	3	987.42	257.2	1141.57	334.24	2
30	4	1199.91	211.89	1244.03	251.98	2
31	2	725.25	336.61	883.92	492.55	2
31	3	971.21	258.83	1130.48	336.71	2
31	4	1199.17	212.24	1244.04	253.72	2
32	2	727.32	339.83	888.3	499.4	2
32	3	959.37	260.06	1121.82	338.9	2
32	4	1198.91	213	1244.03	254.35	2
33	2	730.77	344.85	896.54	508.95	2
33	3	941.59	261.13	1108.99	342.27	2
33	4	1198.17	214.57	1244.03	256.5	2
34	2	734.05	348	902.27	516.98	2
34	3	927.9	262.15	1099.67	343.5	2
34	4	1197.25	215.15	1244.03	257.93	2
35	2	738.58	353.61	912.27	527.62	2
35	3	907.51	263.15	1084.71	346.5	2
35	4	1196.26	215.99	1244.02	259.74	2
36	2	740.96	357.63	919.93	536.06	2
36	3	892.18	266.08	1073.3	348.88	2
36	4	1195.9	216.93	1244.02	261.03	2
37	2	745.73	364.23	930.57	549.4	2
37	3	870.52	268.48	1057.53	352.33	2
37	4	1195.13	217.92	1244.02	262.79	2
38	2	749.49	369.26	938.47	557.6	2
38	3	854.11	270	1044.57	354.87	2
38	4	1194.2	218.92	1244.02	264.71	2
39	2	754.15	375.6	950.47	570.2	2
39	3	830.13	271.83	1026.29	357.72	2
39	4	1193.21	219.92	1243.37	266.7	2
40	2	759.76	383.07	963.97	587.03	2
40	3	803.89	273.78	1004.07	361.99	2
40	4	1192.2	220.93	1242.46	268.72	2
41	2	762.54	389.07	973.58	598.48	2
41	3	783.79	275.78	987.97	364.85	2
41	4	1191.18	221.94	1242.12	270.74	2
42	2	767.41	397.68	986.78	617.41	2
42	3	755.88	279.09	964.69	369.11	2
42	4	1189.52	224.23	1241.99	272.77	2
43	2	771.16	403.47	996.25	629.01	2
43	3	735.22	280.96	946.98	371.96	2
43	4	1188.25	225.09	1241.95	274.79	2
44	2	775.77	411.97	1010	647.95	2
44	3	706.46	283.57	922.44	376.21	2
44	4	1185.85	226.69	1240.64	276.81	2
45	2	779.41	418.98	1020.28	660.18	2
45	3	682.97	285.16	903.67	378.4	2
45	4	1184.3	227.92	1240.14	278.83	2
46	2	783.95	428.61	1033.04	679.34	2
46	3	651.25	288.96	876.23	382.39	2
46	4	1181.79	229.65	1238.66	280.85	2
47	2	787.57	436.04	1042.92	693.53	2
47	3	627.92	291	855.71	385.12	2
47	4	1178.92	230.93	1237.45	282.87	2
48	2	791.46	446.44	1056.14	712.15	2
48	3	596.28	294.98	825.66	388.02	2
48	4	1173.98	232.68	1235.06	285.53	2
49	2	794.8	456.09	1066.17	732.5	2
49	3	573.71	297.73	802.91	390.33	2
49	4	1170.18	233.97	1233.51	287.14	2
50	2	797.94	467.96	1080.07	754.12	2
50	3	541.04	301.33	770.67	389.77	2
50	4	1164.27	235.72	1231	289.65	2
51	2	799.09	476.9	1090.36	773.07	2
51	3	513.62	303.92	745.9	388.74	2
51	4	1159.47	237	1228.77	291.2	2
52	2	798.16	489.76	1103.68	806.84	2
52	3	478.5	308.15	712.34	390.27	2
52	4	1151.91	238.75	1224.1	293.68	2
53	2	795.83	507.21	1118.81	849.28	2
53	3	444.31	311.62	674.07	392.1	2
53	4	1142.65	240.68	1219.11	295.87	2
54	2	793.57	519.62	1128.33	870.88	2
54	3	414.41	314.8	647.73	396.06	2
54	4	1136.55	242.02	1214.65	297.94	2
55	2	788.79	531.31	1140.67	911.86	2
55	3	380.4	317.87	609.76	416.11	2
55	4	1126.59	243.79	1209.1	301.28	2
56	2	782.92	542.39	1151.43	954.86	2
56	3	346	321.51	583.64	424.54	2
56	4	1119	244.43	1204.45	303.79	2
57	2	777.05	553.47	1162.19	997.85	2
57	3	312.35	325.43	545.88	429.14	2
57	4	1108.49	244.63	1196.96	307.27	2
58	2	771.38	562.92	1169.42	1040.72	2
58	3	295.3	328.8	518.52	430.76	2
58	4	1100.02	245.31	1191.52	309.84	2
59	2	760.22	582.02	1181.65	1107.8	2
59	3	284.21	334.56	479.95	424.02	2
59	4	1087.3	248.1	1183.11	312.69	2
60	2	750.79	598.65	1191.3	1161.9	2
60	4	1077.37	249.8	1176.71	315.02	2
61	2	731.77	623.03	1205.07	1238.58	2
61	4	1062.19	253.65	1166.04	318.43	2
62	2	718.03	641.18	1216.6	1302.79	2
62	4	1051.3	255.74	1158.12	320.96	2
63	2	698.04	669.21	1234.22	1387	2
63	4	1035.13	259.09	1145.58	324.45	2
64	2	680.79	691.32	1247.28	1427.79	2
64	4	1023.24	261.62	1135.69	327.01	2
65	2	623.16	728.04	1267.33	1442.63	2
65	4	1004.75	263.18	1122.36	330.51	2
66	2	607.89	775.58	1275.17	1446.32	2
66	4	985.7	265.66	1106.53	334.36	2
67	2	588.66	809.05	1303.65	1446.81	2
67	4	971.43	267.2	1094.07	337.7	2
68	2	631.45	858.64	1273.21	1443.85	2
68	4	952.05	269.68	1077.86	341.48	2
69	2	652.46	897.86	1251.35	1442.51	2
69	4	938.4	271.22	1066.65	344.79	2
70	2	658.39	966.41	1244.34	1440.9	2
70	4	919.95	273.04	1049.7	349.21	2
71	2	650.71	1018.56	1233.71	1445.05	2
71	4	906.05	275.62	1036.92	352.11	2
72	4	887.49	277.85	1020.65	356.37	2
73	4	874.9	279.3	1008.21	359.85	2
74	4	857.5	281.73	992.07	364.31	2
75	4	845.4	283.89	981.03	367.88	2
76	4	830.81	287.9	964.81	372.38	2
77	4	819.81	290.03	953.76	375.95	2
78	4	806.27	292.07	939.48	381.74	2
79	4	793.73	295.37	924.61	387.08	2
80	4	784.87	298.52	914.82	391.62	2
81	4	774.75	301.6	903.65	398.42	2
82	4	768.12	304.01	895.94	403.5	2
83	4	760.8	307.44	886.86	410.48	2
84	4	756.54	310.62	880.59	415.64	2
85	4	751.4	314.35	874.03	423.93	2
86	4	749.22	317.65	870	429.58	2
87	4	746.81	323.34	864.23	438.69	2
88	4	746.31	327.4	861.84	445.93	2
88	5	2512	395	2559	447	2
89	4	745.76	332.74	863.31	456.28	2
89	5	2496.8	389.4	2559	447.8	2
90	4	745.77	337.28	866.07	464.63	2
90	5	2487.12	386.14	2559	447.95	2
91	4	745.98	343.44	870.63	476.03	2
91	5	2468.71	382.71	2559	445.04	2
92	4	746.88	350.84	877.74	489.23	2
92	5	2447.73	379.43	2559	445.48	2
93	4	748.65	356.2	883.82	499.32	2
93	5	2433.51	377	2559	444.27	2
94	4	750.79	364.55	892.12	515.17	2
94	5	2412.54	374.86	2549.91	445.22	2
95	4	752.36	369.63	898.61	526.27	2
95	5	2399.65	372.83	2539.88	440.28	2
96	4	754.37	379.11	907.61	543.11	2
96	5	2384.15	370.16	2523.79	436.34	2
97	4	755.86	385.9	914.32	555.23	2
97	5	2375.74	368.6	2510.89	434.27	2
98	4	758.44	396.7	923.99	574.99	2
98	5	2354.3	365.44	2494.23	433.56	2
99	4	760.78	404.6	932.2	590.1	2
99	5	2339.29	364.99	2482.18	432.69	2
100	4	764.3	416.44	943.04	612.26	2
100	5	2321.03	362.95	2465.45	431.1	2
101	4	766.35	424.76	951.69	627.69	2
101	5	2309.74	362.26	2453.2	429.23	2
101	6	1215	212	1250	238	2
102	4	767.83	438.64	962.65	655.62	2
102	5	2294.87	359.43	2437	426.59	2
102	6	1215	212.8	1250	239.6	2
103	4	768.42	449.61	971.93	678.91	2
103	5	2287.63	357.13	2425.75	423.67	2
103	6	1215	212.95	1250	240.67	2
104	4	769.93	466.35	984.36	710.46	2
104	5	2265.75	353.02	2415.17	419.98	2
104	6	1215	214.53	1250.78	242.56	2
105	4	769.91	487.87	997.99	750.86	2
105	5	2246.93	348.92	2415.07	416.02	2
105	6	1214.26	216.52	1251.02	244.63	2
106	4	769.28	503.78	1008.93	777.3	2
106	5	2234.1	347.45	2384.29	415.25	2
106	6	1214.01	217.16	1251.09	245.27	2
107	4	767.78	526.28	1021.32	814.47	2
107	5	2218.65	344.36	2368.18	415.04	2
107	6	1213.93	218.03	1251.1	246.83	2
108	4	764.05	541.28	1031.12	854.52	2
108	5	2207.39	342.6	2355.32	414.37	2
108	6	1213.92	218.99	1251.09	248.02	2
109	4	756.91	561.3	1044.9	916.53	2
109	5	2192.49	340.72	2339.65	412.88	2
109	6	1213.24	220.65	1251.08	249.76	2
110	4	749.73	578.98	1055.22	970.44	2
110	5	2181.42	338.78	2328.82	410.41	2
110	6	1213	221.23	1251.07	251.02	2
111	4	735.62	613.48	1069.17	1057.58	2
111	5	2165.92	336.82	2313.96	406.9	2
111	6	1211.58	222.07	1251.06	252.77	2
111	7	2065	1304	2537	1435	2
112	4	723.83	643.78	1079.56	1132.22	2
112	5	2155.27	334.85	2303.45	404.32	2
112	6	1211.06	222.35	1251.05	254.05	2
112	7	2038.6	1264.8	2553.8	1433.4	2
113	4	704.18	692.59	1094.74	1249.64	2
113	5	2139.27	333.53	2288.72	402.76	2
113	6	1210.88	224.38	1251.05	255.14	2
113	7	1997.71	1194.84	2557.69	1433.12	2
114	4	687.73	734.09	1108.08	1352.15	2
114	5	2127.77	332.45	2277.63	400.93	2
114	6	1210.83	225.13	1251.04	256.82	2
114	7	1968.93	1141.42	2559.11	1432.39	2
115	4	653.95	801.91	1126.28	1416.27	2
115	5	2111.44	330.15	2263.35	398.99	2
115	6	1210.16	226.69	1251.04	258.72	2
115	7	1934.24	1072.42	2559.5	1431.44	2
115	8	1214	195	1248	223	2
116	4	630.04	858.94	1135.35	1442.22	2
116	5	2101.11	328.69	2252.43	398.33	2
116	6	1209.27	227.91	1251.03	260.05	2
116	7	1911.75	1021.15	2554.78	1431.02	2
116	8	1213.2	195.8	1248	223	2
117	4	623.29	951.22	1143.74	1450.07	2
117	5	2086.55	327.56	2237.56	390.26	2
117	6	1208.29	228.99	1251.03	261.81	2
117	7	1886.36	963.48	2499.02	1431.45	2
117	8	1213.05	196.73	1248	224.56	2
118	4	618.93	1092.1	1137.49	1449.41	2
118	5	2070.35	326.58	2220.52	380.35	2
118	6	1207.93	230.67	1251.67	264.39	2
118	7	1863.25	905.1	2426.68	1428.69	2
118	8	1212.22	197.04	1248	225.84	2
119	4	623.81	1215.9	1126.33	1445.88	2
119	5	2059.45	324.94	2208.59	374.12	2
119	6	1206.51	231.28	1251.92	265.99	2
119	7	1850.11	868.4	2377.7	1400.76	2
119	8	1211.96	197.85	1248	226.94	2
120	5	2043.98	323.77	2193.34	372.94	2
120	6	1205.97	232.77	1251.37	267.84	2
120	7	1836.22	821.48	2320.98	1328.3	2
120	8	1211.9	198.1	1247.28	227.27	2
121	5	2031.39	322.03	2182.78	372.63	2
121	6	1205.14	233.96	1251.15	269.16	2
121	7	1829.16	796.46	2283.36	1268.57	2
121	8	1211.89	198.17	1247.74	227.33	2
122	5	2015.29	320.79	2168.07	371.94	2
122	6	1204.19	235.68	1250.41	270.9	2
122	7	1819.99	760.68	2237.29	1195.07	2
122	8	1211.9	199.55	1247.91	229.38	2
123	5	2003.75	320.41	2157.03	372.48	2
123	6	1203.19	236.3	1250.13	272.17	2
123	7	1815.83	732.99	2208.27	1142.55	2
123	8	1211.91	200.03	1248.65	230.1	2
124	5	1988.72	318.99	2142.8	373.44	2
124	6	1202.18	237.8	1249.37	273.9	2
124	7	1812.38	699.01	2171.61	1081.58	2
124	8	1211.25	200.19	1248.92	232.34	2
125	5	1978.25	317.84	2131.95	373.86	2
125	6	1200.51	238.99	1249.08	275.17	2
125	7	1810.69	678.81	2148.2	1038.66	2
125	8	1211.01	201.54	1249.02	233.8	2
126	5	1963.62	317.46	2117.13	372.77	2
126	6	1198.61	240.05	1248.33	276.9	2
126	7	1806.4	658.33	2121.21	986.63	2
126	8	1210.27	202.04	1249.05	234.97	2
127	5	1952.65	316.05	2105.41	372.43	2
127	6	1197.25	241.07	1248.04	278.16	2
127	7	1805.56	645.48	2105.29	951.1	2
127	8	1209.99	202.87	1249.06	236.04	2
128	5	1937.8	314.91	2090.24	371.03	2
128	6	1195.46	242.07	1247.94	280.55	2
128	7	1803.55	623.13	2084.93	907.33	2
128	8	1209.24	203.82	1248.4	237.06	2
129	5	1927.42	311.89	2079.72	370.55	2
129	6	1194.79	243.07	1247.26	282.06	2
129	7	1802.6	607.84	2071.71	879.6	2
129	8	1208.97	204.82	1248.14	237.4	2
130	5	1912.78	310.14	2065.01	368.45	2
130	6	1192.63	244.07	1246.35	283.88	2
130	7	1802.58	588.49	2054.22	844.24	2
130	8	1208.88	205.17	1248.04	238.81	2
131	5	1897.18	308.22	2049.38	372.29	2
131	6	1190.54	245.71	1244.72	286.48	2
131	7	1802.91	571.25	2038.9	811.79	2
131	8	1208.85	206.59	1248.01	240.61	2
132	5	1886.52	306.25	2038.68	373.71	2
132	6	1188.47	246.95	1244.1	287.42	2
132	7	1803.26	560.99	2029.23	793.81	2
132	8	1208.86	207.11	1247.99	241.26	2
133	5	1871.78	304.88	2023.92	373.04	2
133	6	1185.77	248.04	1242.58	289.03	2
133	7	1804.96	547.99	2019.81	768.72	2
133	8	1208.21	207.94	1249.31	242.78	2
133	9	2498	383	2559	448	2
134	5	1860.77	303.75	2013.56	371.51	2
134	6	1184.12	248.42	1241.36	289.58	2
134	7	1807.12	539.72	2014.76	753.12	2
134	8	1207.97	208.88	1249.15	243.97	2
134	9	2490	382.2	2559	448	2
135	5	1846.56	302.08	1999.58	369.64	2
135	6	1181.59	249.83	1240.26	290.39	2
135	7	1810.77	526.56	2008.85	734.33	2
135	8	1207.24	209.22	1249.74	245.69	2
135	9	2470.02	378.21	2559	442.63	2
136	5	1835.74	301.49	1989.5	367.64	2
136	6	1179.37	250.32	1239.21	290.63	2
136	7	1813.51	517.23	2005.49	722.01	2
136	8	1206.97	209.97	1249.31	246.32	2
136	9	2454.55	376.08	2559	443.96	2
137	5	1821.6	300.01	1974.31	366.25	2
137	6	1176.62	251.13	1237.53	291.99	2
137	7	1816.58	507.77	2002.11	704.92	2
137	8	1206.22	211.54	1250.45	248.47	2
137	9	2434.3	372.57	2559	445.92	2
138	5	1810.81	298.19	1963.77	365.75	2
138	6	1173.67	251.4	1236.26	293.11	2
138	7	1819.04	501.77	2000.81	695.18	2
138	8	1205.95	212.12	1250.87	249.9	2
138	9	2416.95	369.36	2555.92	446.63	2
138	10	2096	1338	2516	1438	2
139	5	1795.34	296.9	1947.73	362.99	2
139	6	1170.01	252.77	1234.5	294.8	2
139	7	1822.66	492.69	2000.78	678.18	2
139	8	1205.21	212.96	1251.03	251.06	2
139	9	2395.88	366.25	2541.67	443.54	2
139	10	2010.4	1233.2	2550.4	1436.4	2
140	5	1784.71	296.47	1936.22	361.96	2
140	6	1167.35	253.26	1232.56	295.4	2
140	7	1824.59	486	2001.86	666.24	2
140	8	1204.93	214.56	1250.44	252.11	2
140	9	2381.89	364.53	2528.69	439.65	2
140	10	1977.53	1182.96	2556.49	1434.93	2
141	5	1767.97	295.04	1919.8	360.29	2
141	6	1163.81	254.72	1229.9	296.89	2
141	7	1828.66	476.6	2001.84	652.52	2
141	8	1204.84	215.8	1250.85	253.78	2
141	9	2372.95	361.32	2509.45	434.81	2
141	10	1933.26	1098.7	2558.96	1432.97	2
142	5	1756.87	293.89	1906.84	359.04	2
142	6	1160.56	255.25	1227.61	298.06	2
142	7	1831.44	470.36	2003.52	642.28	2
142	8	1204.82	216.9	1251	255.02	2
142	9	2348.64	360.25	2494.48	433.08	2
142	10	1904.65	1036.4	2559.73	1432.14	2
143	5	1740.62	291.52	1889.88	356.64	2
143	6	1155.5	256.06	1224.82	299.12	2
143	7	1836.46	462.47	2006.37	629.11	2
143	8	1203.52	217.94	1251.06	256.76	2
143	9	2324.53	358.62	2475.1	431.16	2
143	10	1872.73	963.32	2520.58	1432.38	2
144	5	1722.42	289.36	1870.1	353.79	2
144	6	1150.4	257	1221.85	301.44	2
144	7	1842.28	453.96	2008.96	615.56	2
144	8	1202.39	218.95	1251.07	258.68	2
144	9	2301.99	356.1	2453.48	427.16	2
144	10	1846.38	893.85	2444.84	1430.74	2
145	5	1710.15	287.94	1856.58	351.44	2
145	6	1146.57	257.97	1218.81	302.93	2
145	7	1846.33	448.66	2011.41	607.34	2
145	8	1201.96	219.96	1251.07	260.67	2
145	9	2290.97	351.91	2437.98	424.4	2
145	10	1831.37	845.37	2388.11	1396.91	2
146	5	1693.47	286.14	1838.12	349.96	2
146	6	1140.65	259.62	1215.1	304.76	2
146	7	1851.76	441.02	2014.44	595.47	2
146	8	1201.82	220.97	1251.07	262.69	2
146	9	2266.59	347.79	2424.39	420.13	2
146	10	1814.83	795.18	2319.99	1310.89	2
147	5	1681.13	284.2	1824.46	348.79	2
147	6	1135.88	260.87	1212.43	306.07	2
147	7	1856.32	436.66	2016.31	586.4	2
147	8	1201.78	221.33	1251.06	264.07	2
147	9	2249.33	345.01	2414.29	415.94	2
147	10	1806.27	759.51	2274.78	1239.96	2
148	5	1664.41	282.2	1805.95	346.43	2
148	6	1128.98	261.97	1208.24	309.13	2
148	7	1861.24	430.71	2019.09	576.26	2
148	8	1200.47	222.72	1251.06	265.84	2
148	9	2229.05	342.75	2384.66	414.46	2
148	10	1797.38	714.56	2221.89	1156.53	2
149	5	1652.07	280.19	1791.63	344.94	2
149	6	1122.55	263.65	1204.74	310.9	2
149	7	1865.6	426.22	2020.82	569.12	2
149	8	1199.99	223.88	1251.05	267.13	2
149	9	2213.95	339.35	2367.8	413.34	2
149	10	1793.47	685.07	2188.66	1098.46	2
150	5	1636.01	278.83	1772.87	341.8	2
150	6	1115.04	265.56	1199.61	312.83	2
150	7	1871.78	420.16	2022.83	558.9	2
150	8	1199.17	225.6	1251.05	268.87	2
150	9	2195.06	336.85	2350.69	411.02	2
150	10	1787.3	654.23	2147.11	1028.03	2
151	5	1624.61	277.06	1759.16	340.01	2
151	6	1109.01	266.91	1195.1	313.51	2
151	7	1876.59	416.28	2024.27	552.37	2
151	8	1198.22	226.87	1251.04	270.14	2
151	9	2183.18	334.69	2338.04	408.91	2
151	10	1784.75	635.97	2121.68	978.19	2
152	5	1608.89	275.13	1741.29	337.42	2
152	6	1100.36	268.7	1188.92	315.02	2
152	7	1882.24	411.78	2026.83	544.37	2
152	8	1197.88	227.98	1251.04	272.53	2
152	9	2163.6	332.66	2319.28	404.25	2
152	10	1781.67	609.79	2091.29	915.28	2
153	5	1598.28	273.15	1727.94	335.18	2
153	6	1093.29	269.99	1184.04	316.19	2
153	7	1885.48	408.42	2028.43	538.58	2
153	8	1197.11	228.37	1251.03	274.04	2
153	9	2148.86	330.68	2306.01	403.25	2
153	10	1780.61	591.31	2073.87	875.74	2
154	5	1583.52	271.14	1714.24	332.43	2
154	6	1082.98	271.74	1176.45	318.55	2
154	7	1889.87	402.71	2029.67	531.49	2
154	8	1196.84	229.78	1250.38	275.87	2
154	9	2128.17	328.05	2286.4	400.31	2
154	10	1779.98	568.84	2048.76	828.61	2
155	5	1572.56	269.79	1699.05	330.14	2
155	6	1075.26	272.37	1171.03	320.05	2
155	7	1893.33	399.55	2030.09	525.94	2
155	8	1196.76	231.59	1250.12	277.16	2
155	9	2112.33	325.17	2272.82	397.96	2
155	10	1781.02	555.78	2034.33	803.13	2
156	5	1559.03	266.69	1681.28	328.03	2
156	6	1064.08	274.52	1163.25	322.52	2
156	7	1898.49	394.59	2030.9	516.87	2
156	8	1195.43	232.24	1250.03	278.91	2
156	9	2096.44	324.17	2254.42	391.89	2
156	10	1783.1	539.86	2017.24	772.81	2
157	5	1544.49	264.28	1663.24	324.68	2
157	6	1051.58	276.6	1153.3	324.72	2
157	7	1902.9	390.32	2031.85	509.23	2
157	8	1194.3	233.11	1249.99	280.83	2
157	9	2079.86	322.6	2233.44	383.58	2
157	10	1787.01	523	2005.15	743.72	2
158	5	1534.36	262.78	1651.24	322.83	2
158	6	1041.75	277.35	1146.95	326.16	2
158	7	1905.68	386.3	2032.16	504.14	2
158	8	1193.23	233.41	1249.98	282.16	2
158	9	2068.99	320.79	2218.79	377.94	2
158	10	1789.91	512.09	2000.33	725.64	2
159	5	1522.41	260.3	1636.67	320.22	2
159	6	1029.16	278.24	1136.95	328.6	2
159	7	1908.55	381.67	2032.25	496.54	2
159	8	1191.54	234.78	1249.33	283.27	2
159	9	2045.62	318.86	2199.92	373.36	2
159	10	1793.09	498.09	1988.11	704.74	2
160	5	1514.56	258.78	1625.23	318.67	2
160	6	1019.96	279.84	1129.33	330.13	2
160	7	1911.46	379.54	2032.26	492.8	2
160	8	1190.27	235.93	1249.08	284.93	2
160	9	2026.53	317.61	2183.6	372.95	2
160	10	1794.97	490.02	1982.31	691.24	2
161	5	1504.11	256.3	1611.53	316.18	2
161	6	1006.96	281.71	1118.16	332.61	2
161	7	1914.39	373.54	2032.23	486.35	2
161	8	1188.5	236.98	1248.34	286.82	2
161	9	2007.43	316.35	2167.27	372.55	2
161	10	1797.75	478.31	1977.53	670.4	2
162	5	1497.46	255.44	1602.45	314.67	2
162	6	997.01	282.38	1110.13	334.81	2
162	7	1915.97	370.88	2030.84	481.6	2
162	8	1186.56	238	1248.05	287.5	2
162	9	1991.56	315.92	2154.33	372.81	2
162	10	1800.12	470.92	1975.95	658.87	2
163	5	1487.39	253.2	1590.24	311.52	2
163	6	983.74	284.54	1098.83	337.53	2
163	7	1917.06	368.77	2027.59	476.81	2
163	8	1183.9	239.01	1247.31	289	2
163	9	1976.28	313.18	2137.47	373.63	2
163	10	1803.72	459.99	1975.24	639.21	2
164	5	1481.5	252.44	1580.96	309.77	2
164	6	973.06	285.98	1090.13	339.17	2
164	7	1917.99	367.52	2023.67	472.66	2
164	8	1181.61	240.01	1246.38	289.52	2
164	9	1964.53	312.21	2126.41	372.68	2
164	10	1806.32	452.75	1974.81	628.61	2
165	5	1472.36	250.89	1569.34	307.2	2
165	6	958.88	287.78	1077.3	341.68	2
165	7	1917.48	365.22	2021.59	466.69	2
165	8	1177.54	241.01	1244.73	290.97	2
165	9	1946.86	309.99	2107.67	370.42	2
165	10	1809.96	443.17	1975.76	616.1	2
166	5	1466.79	249.72	1561.61	305.67	2
166	6	948.51	289.08	1068.02	343.23	2
166	7	1917.21	363.19	2020.21	462.79	2
166	8	1175.35	241.36	1243.47	291.47	2
166	9	1935.51	307.91	2095.89	367.64	2
166	10	1813.25	436.91	1977.82	604.99	2
167	5	1459.08	247.35	1551.86	303.85	2
167	6	934.46	290.83	1054.97	346.36	2
167	7	1917.02	359.21	2018.39	457.55	2
167	8	1171.33	242.11	1241.05	293.58	2
167	9	1919.94	305.89	2080.15	367.96	2
167	10	1819.15	429.76	1979.49	592.28	2
168	5	1453.98	246.53	1544.77	302.58	2
168	6	924.17	293.4	1045	348.15	2
168	7	1916.19	356.55	2017.77	456.58	2
168	8	1167.89	242.36	1239.48	294.34	2
168	9	1909.38	304.54	2070.84	368.77	2
168	10	1822.55	425.01	1981.05	583.1	2
169	5	1447.08	245.63	1535.22	300.19	2
169	6	910.15	295.65	1032.34	351.38	2
169	7	1913.81	353.69	2016.24	451.73	2
169	8	1163.4	243.08	1237.61	296.54	2
169	9	1896.73	302.79	2058.65	373.01	2
169	10	1827.08	418.98	1983.83	571.64	2
170	5	1439.52	243.35	1525.43	297.38	2
170	6	894.06	297.1	1018.01	354.49	2
170	7	1910.21	352.12	2013.7	446.12	2
170	8	1157.22	244.62	1234.35	298.63	2
170	9	1886.57	301.53	2048	374.64	2
170	10	1832.69	412.48	1987.03	560.74	2
171	5	1434.43	242.57	1518.97	295.75	2
171	6	883.03	298.25	1006.95	356.26	2
171	7	1907.52	350.35	2011.48	444.33	2
171	8	1153.6	245.19	1232.45	300.04	2
171	9	1879.35	301.1	2041.89	375.34	2
171	10	1837.32	408.54	1988.98	554.12	2
172	5	1428.17	242.35	1509.58	293.22	2
172	6	868.75	300.59	993.25	359.46	2
172	7	1903.18	346.44	2009.36	443.17	2
172	8	1147.77	246.67	1229.18	301.83	2
172	9	1874.49	301.01	2037.44	374.99	2
172	10	1842.26	403.39	1991.14	545.5	2
173	5	1424.24	242.35	1503.94	291.03	2
173	6	858.46	302.08	983.77	361.92	2
173	7	1900.91	345.1	2007.3	440.89	2
173	8	1143.02	247.21	1226.66	303.77	2
173	9	1871.84	301.05	2035.6	374.22	2
173	10	1845.94	399.87	1992.67	538.92	2
174	5	1419.04	241.73	1496.17	289.65	2
174	6	846.44	304.55	971.36	364.73	2
174	7	1896.1	346.08	2003.93	429.54	2
174	8	1136.12	248.69	1222.51	305.76	2
174	9	1871.29	301.13	2035.34	373.94	2
174	10	1851.2	396.21	1995.99	533.01	2
175	5	1415.44	240.87	1490.38	288.55	2
175	6	837.67	306.75	961.74	367.69	2
175	7	1892.34	341.77	2002.07	424.86	2
175	8	1130.97	249.88	1219.02	307.12	2
175	9	1872.18	300.56	2035.01	373.85	2
175	10	1854.99	394.52	1997.9	527.98	2
176	5	1410.34	238.58	1483.23	286.88	2
176	6	825.56	308.83	949.25	371.34	2
176	7	1886.38	347.9	1998.14	418.59	2
176	8	1121.36	252.26	1213.85	310.85	2
176	9	1872.93	301.04	2035.95	373.82	2
176	10	1858.93	390.8	2000.64	520.51	2
177	5	1407.42	238.44	1478.3	286.33	2
177	6	816.78	310.22	940.29	373.31	2
177	7	1880.89	349.74	1995.4	416.75	2
177	8	1115.81	253.78	1209.98	312.23	2
177	9	1874.2	301.28	2036.61	373.83	2
177	10	1861.56	384.94	2000.96	517.62	2
178	5	1403.22	237.78	1471.43	284.87	2
178	6	805.96	311.34	928.72	377.23	2
178	7	1874.3	341.11	1991.16	408.48	2
178	8	1106.07	256.29	1203.4	314.64	2
178	9	1874.99	301.42	2037.17	374.5	2
178	10	1865.75	381.68	2002.42	511.46	2
179	5	1400.62	237.58	1467.28	283.06	2
179	6	798.33	313.66	920.78	379.95	2
179	7	1869.9	336.89	1987.66	404.46	2
179	8	1098.57	257.2	1198.98	316.16	2
179	9	1876.21	301.5	2037.63	374.11	2
179	10	1868.47	379.41	2002.94	506.25	2
180	5	1395.8	236.2	1460.64	281.11	2
180	6	788.6	316.44	910.24	383.51	2
180	7	1861.78	333.43	1981.17	399.81	2
180	8	1088.74	258.81	1191.59	318.63	2
180	9	1878.23	301.57	2038.05	374.62	2
180	10	1872.7	377.46	2004.47	501.34	2
181	5	1393.63	235.74	1457.22	279.8	2
181	6	781.36	318.1	902.69	386.73	2
181	7	1856.17	324.06	1976.82	401.81	2
181	8	1080.56	260.69	1185.57	320.17	2
181	9	1908.43	301.62	2037.75	374.17	2
181	10	1874.77	375.61	2005.68	496.51	2
182	5	1390.32	234.26	1450.82	278.04	2
182	6	773.08	320.62	892.95	389.83	2
182	7	1847.62	320.16	1970.69	403.01	2
182	8	1067.91	262.67	1176.9	322.65	2
182	9	1920.94	301.67	2038.92	374	2
182	10	1878.08	373.78	2005.43	492.38	2
183	5	1385.92	233.08	1445.41	276.79	2
183	6	764.4	324.13	883.04	394.82	2
183	7	1837.97	318.11	1963.24	402.42	2
183	8	1054.21	263.38	1166.61	325.5	2
183	9	1921.32	301.71	2039.4	373.94	2
183	10	1881.85	371.26	2003.95	485.07	2
184	5	1383.17	232.02	1441.69	275.05	2
184	6	758.88	325.42	876.4	397.94	2
184	7	1829.86	316.82	1957.89	400.39	2
184	8	1043.27	264.25	1158.85	327.82	2
184	9	1922.11	301.74	2039.61	373.93	2
184	10	1883.74	368.49	2003.39	480.71	2
185	5	1380.32	229.65	1437.21	273.13	2
185	6	752.53	328.43	868.31	402.93	2
185	7	1819.76	317.12	1948.82	397.12	2
185	8	1028.96	267.79	1148.27	330.59	2
185	9	1905.2	301.77	2039.81	373.93	2
185	10	1885.65	363.56	2002.5	476.69	2
186	6	749.21	330.83	863	406.05	2
186	7	1810.83	317.4	1941.55	394.69	2
186	8	1017.83	269.76	1139.8	332.89	2
186	9	1897.42	301.8	2039.85	373.93	2
186	10	1886.88	362.58	2000.8	475.46	2
187	6	745	333.63	857.4	410.39	2
187	7	1798.49	314.94	1931.76	391.23	2
187	8	1001.54	271.11	1128.96	336.31	2
187	9	1897.58	301.82	2039.97	373.94	2
187	10	1888.55	360.36	1999.51	470.57	2
188	6	742.42	335.93	852.33	413.9	2
188	7	1789.41	313.45	1924.26	390.73	2
188	8	989.69	272.23	1119.79	338.2	2
188	9	1897.78	301.84	2040.11	373.29	2
188	10	1889.04	357	1998.37	467	2
189	6	741.13	338.04	848.12	418.38	2
189	7	1775.73	310.34	1914.4	386.67	2
189	8	973.15	273.91	1105.49	341.45	2
189	9	1903.85	301.86	2040.22	373.04	2
189	10	1887.07	354.55	1997.3	460.52	2
190	6	740.29	340.08	845.57	421.29	2
190	7	1765.52	307.94	1904.32	383.26	2
190	8	959.91	275.15	1095.6	343.92	2
190	9	1892.89	301.88	2040.34	372.96	2
190	10	1884.27	352.45	1995.58	459.07	2
191	6	740.91	342.73	842.24	424.24	2
191	7	1751.42	305.14	1890.2	380.77	2
191	8	940.95	277.52	1080.43	347.38	2
191	9	1885.77	301.89	2040.37	373.59	2
191	10	1879.83	349.78	1993.63	452.67	2
192	6	741.42	345.63	840.67	427.21	2
192	7	1741.07	302.86	1879.8	377.95	2
192	8	926.81	279.03	1068.96	349.29	2
192	9	1879.83	301.91	2040.43	373.84	2
192	10	1876.82	347.59	1991.61	449.19	2
193	6	744.5	348.62	843.06	432.79	2
193	7	1726.29	300.78	1864.95	375.02	2
193	8	908.15	281.51	1053.81	353.19	2
193	9	1878.88	301.92	2039.84	373.93	2
193	10	1871.69	344.88	1988.23	446.09	2
194	6	745.77	350.34	846.84	436.76	2
194	7	1714.42	299.44	1854.31	372.71	2
194	8	894.81	283.06	1041.11	355.26	2
194	9	1877.98	301.93	2039.65	373.97	2
194	10	1867.79	342.66	1986.34	444.47	2
195	6	747.65	354.16	854.98	440.77	2
195	7	1699.1	295.7	1838.78	368.62	2
195	8	875.17	284.9	1024.83	359.87	2
195	9	1878.38	301.94	2039.6	373.99	2
195	10	1861.08	338.61	1981.72	438.7	2
196	6	751.01	357.51	865.88	446.09	2
196	7	1682.44	292.4	1821.34	363.22	2
196	8	853.79	287.49	1006.6	364.14	2
196	9	1879.94	301.94	2040.27	373.99	2
196	10	1853.98	335.2	1977.4	432.71	2
197	6	753.64	360.66	875.27	449.96	2
197	7	1670.58	290.61	1808.48	360.66	2
197	8	840.09	289.73	993.39	367	2
197	9	1881.94	301.95	2040.55	373.99	2
197	10	1848.72	332.06	1973.2	429.35	2
198	6	758.56	363.74	889.2	455.21	2
198	7	1655.94	288.04	1792.11	357.16	2
198	8	822.3	292.49	976.32	368.65	2
198	9	1907.14	301.96	2040.02	374	2
198	10	1840.23	326.32	1967.74	423.59	2
199	6	761.77	365.48	900.98	458.41	2
199	7	1644.88	285.85	1781.05	355.32	2
199	8	810.72	294.13	963.63	371.13	2
199	9	1892.57	301.96	2040.57	374.66	2
199	10	1834.48	326.33	1963.13	422.98	2
200	6	768.75	368.66	918.24	463.39	2
200	7	1630.57	283.79	1764.73	352.09	2
200	8	795.04	297.3	947.42	375.9	2
200	9	1887.41	301.97	2041.37	374.91	2
200	10	1825.85	323.79	1955.57	419.59	2
201	6	774.03	371.09	931.94	467.78	2
201	7	1620.32	282.46	1752.39	349.01	2
201	8	784.97	299.11	936.42	380.24	2
201	9	1886.06	301.97	2041.7	375	2
201	10	1819.41	322.3	1950.82	416.5	2
202	6	784.32	373.89	952.42	471.93	2
202	7	1606.29	280.73	1736.24	345.3	2
202	8	771.81	301.03	922.18	385.69	2
202	9	1892.78	301.97	2043.15	375.03	2
202	10	1809.9	319.85	1943.25	412.84	2
203	6	792.78	376.18	967.99	474.04	2
203	7	1596.85	279.52	1725.36	343.4	2
203	8	764.04	303	911.3	389.64	2
203	9	1899.45	302.64	2045.05	375.04	2
203	10	1802.49	318.39	1937.21	409.63	2
204	6	806.22	378.92	991.72	478.61	2
204	7	1583.79	277.14	1710.44	340.13	2
204	8	753.05	306.92	897.75	394.29	2
204	9	1900.61	302.89	2049.11	375.04	2
204	10	1791.99	315.27	1927.85	405.25	2
205	6	817.15	381.18	1011.01	482.19	2
205	7	1574.72	275	1699.36	337.71	2
205	8	746.78	308.38	889.16	398.57	2
205	9	1901.68	302.98	2051.9	375.03	2
205	10	1783.57	312.88	1920.49	401.11	2
206	6	833.4	383.91	1038.66	485.37	2
206	7	1562.45	272.96	1685.04	335.59	2
206	8	738.95	312.1	879.11	403.33	2
206	9	1902.07	303.01	2057.54	375.03	2
206	10	1772.06	310.09	1910.66	397.72	2
207	6	846.05	385.52	1060.1	488.41	2
207	7	1553.68	272.28	1674.87	333.58	2
207	8	734.51	314.77	871.84	407.65	2
207	9	1901.55	303.69	2060.94	374.37	2
207	10	1763.95	307.15	1902.5	393.28	2
208	6	865.47	387.35	1090.43	490.75	2
208	7	1542.85	270.78	1660.88	330.95	2
208	8	730.66	317.02	863.59	413.07	2
208	9	1905.89	304.6	2066.75	372.11	2
208	10	1751.9	304.16	1891.06	389.11	2
209	6	890.03	389.92	1125.46	494.12	2
209	7	1531.24	268.29	1646.13	328.07	2
209	8	727.7	321.03	856.32	419.56	2
209	9	1912.12	304.94	2073.51	371.27	2
209	10	1739.04	301.15	1877.74	384.37	2
210	6	909.74	391.47	1151.08	496.59	2
210	7	1524.08	266.11	1636.52	326.45	2
210	8	726.37	323.81	851.42	423.89	2
210	9	1917.09	305.73	2078.64	370.97	2
210	10	1728.49	298.81	1867.64	381.45	2
211	6	936.41	393.28	1186.23	499.36	2
211	7	1514.49	264.04	1624.07	323.94	2
211	8	726.93	327.39	847.35	428.66	2
211	9	1922.22	306.01	2083.78	370.88	2
211	10	1714.92	294.69	1855.52	376.5	2
212	6	956.2	394.55	1212.35	501.61	2
212	7	1507.38	262.68	1615.31	321.78	2
212	8	726.83	330.64	844.28	432.31	2
212	9	1926.07	306.1	2086.94	370.86	2
212	10	1705.46	292.62	1845.94	373.49	2
213	6	986.63	396.25	1249.53	503.65	2
213	7	1499.12	260.92	1604.49	319.08	2
213	8	727.75	334.4	842.16	440.06	2
213	9	1930.09	307.46	2091.32	371.53	2
213	10	1691.67	289.28	1832.07	368.51	2
214	6	1010.4	397.48	1277.03	504.97	2
214	7	1492.47	259	1596.31	317.51	2
214	8	728.34	337.05	843.8	446.13	2
214	9	1932.84	307.95	2094.18	371.12	2
214	10	1680.84	287.49	1821.84	366.85	2
215	6	1043.69	398.52	1314.76	506.66	2
215	7	1484.36	257.03	1585.69	315.02	2
215	8	730.05	340.57	849.3	452.85	2
215	9	1935.77	308.12	2097.78	371.65	2
215	10	1666.55	284.93	1807.1	361.02	2
216	6	1069.75	400.16	1342.36	507.2	2
216	7	1479.1	256.37	1578.23	312.86	2
216	8	732.12	344.42	853.48	457.89	2
216	9	1938.1	308.17	2100.34	371.85	2
216	10	1656.22	282.75	1796.57	358.36	2
217	6	1107.16	401.36	1382.71	507.95	2
217	7	1471.46	254.2	1568.52	310.81	2
217	8	735.68	348.41	861.19	463.56	2
217	9	1940.21	308.84	2101.85	371.93	2
217	10	1642.13	280.04	1781.07	354.17	2
218	6	1134.69	402.41	1413.13	509.46	2
218	7	1466.34	252.79	1562.05	308.15	2
218	8	737.76	351.15	868.11	466.88	2
218	9	1942.89	309.07	2103.62	371.96	2
218	10	1631.25	278.48	1770.3	351.44	2
219	6	1173.2	402.74	1453.87	510.6	2
219	7	1459.41	251.68	1552.67	305.91	2
219	8	741.22	356.64	878.62	475.78	2
219	9	1945.13	309.15	2104.83	371.97	2
219	10	1616.96	276.67	1754.73	347.9	2
220	6	1203.02	402.8	1483.71	511.61	2
220	7	1454.52	250.67	1546.3	304.52	2
220	8	743.23	360.6	886.54	485.49	2
220	9	1945.88	309.82	2105.84	371.98	2
220	10	1606.69	275.43	1743.3	346.09	2
221	6	1243.73	403.42	1524.23	511.26	2
221	7	1447.65	248.35	1538.29	302.08	2
221	8	747.27	365.88	897.98	495.51	2
221	9	1946.73	310.07	2106.79	372.65	2
221	10	1592.64	273.05	1727.48	344.22	2
222	6	1288.6	403.6	1566.26	509.71	2
222	7	1441.39	246.22	1528.99	299.93	2
222	8	752.69	371.68	909.44	506.3	2
222	9	1947.63	310.14	2107.05	372.24	2
222	10	1578.49	270.25	1710.68	339.64	2
223	6	1319.32	404.27	1595.73	509.06	2
223	7	1437.42	245.49	1523.3	297.89	2
223	8	756.75	375.13	918.37	513.55	2
223	9	1947.88	310.16	2107.06	372.08	2
223	10	1568.33	269.32	1698.2	336.74	2
224	6	1360.27	404.48	1633.45	508.76	2
224	7	1432.2	244.63	1515.5	295.21	2
224	8	762.19	380.85	930.11	524.5	2
224	9	1947.9	310.15	2106.98	372.02	2
224	10	1555.65	266.37	1683.35	333.8	2
225	6	1389.32	404.51	1660.49	508.6	2
225	7	1427.88	243.03	1510.34	293.65	2
225	8	766.21	385.53	938.44	532.42	2
225	9	1947.85	310.14	2106.89	372	2
225	10	1546.73	264.03	1673.65	331.5	2
226	6	1428.29	404.49	1695.32	507.18	2
226	7	1422.51	241.83	1502.03	291.15	2
226	8	772.25	393	950.55	545.55	2
226	9	1947.76	310.12	2106.79	371.99	2
226	10	1535.17	261.25	1659.17	328.77	2
227	6	1455.8	403.11	1721.19	506.6	2
227	7	1418.81	241.46	1497.34	290.32	2
227	8	777.12	398.36	959.63	554.31	2
227	9	1947.68	310.11	2106.7	371.99	2
227	10	1526.67	260.97	1649.62	327.21	2
228	6	1493.52	403.23	1754.94	504.39	2
228	7	1415.68	240.7	1490.53	288.08	2
228	8	784.11	406.09	971.36	568.38	2
228	9	1947.6	310.1	2106.62	371.99	2
228	10	1515.92	258.29	1637.19	324.09	2
229	6	1520.48	403.25	1779.04	503.52	2
229	7	1412.1	239.81	1485.02	286.68	2
229	8	789.35	412.17	979.62	580.67	2
229	9	1947.53	310.08	2106.54	371.99	2
229	10	1508.36	257.38	1627.04	322.38	2
230	6	1557.34	402.57	1810.83	502.53	2
230	7	1406.93	239.54	1477.89	285.57	2
230	8	795.82	421.42	991.66	594.81	2
230	9	1947.47	310.07	2106.48	371.99	2
230	10	1497.96	255.12	1614.39	319.18	2
231	6	1583.24	402.3	1832.16	501.49	2
231	7	1403.26	238.14	1473.59	284.57	2
231	8	800.18	428.76	1000	609.69	2
231	9	1947.41	310.07	2106.42	371.99	2
231	10	1491.2	253.7	1605.51	316.78	2
232	6	1618.4	402.85	1860.97	499.77	2
232	7	1400.1	237.66	1466.89	282.93	2
232	8	806.29	437.84	1011.4	627.97	2
232	9	1947.36	310.06	2106.37	371.99	2
232	10	1481.06	251.91	1593.3	313.99	2
233	6	1642.91	403.05	1881.83	498.47	2
233	7	1397.85	236.19	1462.75	281.73	2
233	8	810.5	445.08	1020.76	643.79	2
233	9	1947.32	310.05	2106.33	371.99	2
233	10	1474.38	250.66	1584.58	312.4	2
234	6	1676.93	401.77	1909.87	495.99	2
234	7	1393.8	235.02	1457.44	280.01	2
234	8	815.89	457.27	1032.53	666.21	2
234	9	1947.28	310.04	2106.29	371.99	2
234	10	1466.27	248.26	1573.77	309.92	2
235	6	1713.83	400.61	1938.57	494.42	2
235	7	1389.12	233.97	1451.71	277.43	2
235	8	821.73	472.04	1045.87	693.1	2
235	9	1947.25	310.04	2106.26	372	2
235	10	1456.95	246.78	1562.17	306.42	2
236	6	1737.51	399.52	1957.33	493.2	2
236	7	1386.26	232.95	1447.86	275.2	2
236	8	825.82	482.78	1055.32	711.04	2
236	9	1947.22	310.03	2106.22	372	2
236	10	1451.91	245.64	1554.35	303.9	2
237	6	1768.58	398.45	1982.67	490.78	2
237	8	829.23	498.25	1067.73	738.06	2
237	9	1947.19	310.03	2106.2	372	2
237	10	1443.7	243.95	1544.52	302.41	2
238	6	1790.12	397.38	1999.57	489.24	2
238	8	830.45	510.48	1077.44	755.96	2
238	9	1947.17	310.03	2106.17	372	2
238	10	1439.04	242.73	1538	299.95	2
239	6	1819.09	396.34	2022.93	487.38	2
239	8	831.45	527.8	1090.55	781.03	2
239	9	1947.15	310.02	2106.15	372	2
239	10	1432.96	241.68	1529.3	297.8	2
240	6	1839.22	395.96	2040.51	485.39	2
240	8	831.75	540.74	1100.54	810.17	2
240	9	1947.13	310.02	2106.14	372	2
240	10	1428.4	241.37	1523.18	296.45	2
241	6	1866.38	395.17	2062.84	484.04	2
241	8	829.85	557.56	1114.37	854.57	2
241	9	1947.12	310.02	2106.12	372	2
241	10	1422.99	240.64	1515.26	294.7	2
242	6	1885.92	394.23	2080.11	482.25	2
242	8	828.4	570.28	1124.64	889.24	2
242	9	1947.1	310.02	2106.11	372	2
242	10	1419.31	239.76	1509.39	292.14	2
243	6	1912.9	394.56	2102.36	480.3	2
243	8	825.2	590.08	1139.18	943.85	2
243	9	1947.09	310.01	2106.09	372	2
243	10	1415.57	238.14	1501.53	290.62	2
244	6	1931.75	394.04	2118.29	478.96	2
244	8	820.74	607.09	1151.61	989.43	2
244	9	1947.08	310.01	2106.08	372	2
244	10	1413.17	237.6	1495.69	289.48	2
245	6	1957.17	393.87	2134.68	477.18	2
245	8	813.24	638.44	1167.61	1064.26	2
245	9	1947.07	310.01	2106.07	372	2
245	10	1408.47	236.79	1488.49	287.8	2
246	6	1975.42	394.49	2138.83	476.58	2
246	8	807.72	664.39	1181.25	1124.74	2
246	9	1947.06	310.01	2106.06	372	2
246	10	1405.67	236.54	1483.53	287.27	2
247	6	2001.45	393.39	2141.16	475.08	2
247	8	798.58	704.26	1202.09	1220.25	2
247	9	1947.06	310.01	2106.06	372	2
247	10	1400.8	236.49	1477.31	285.81	2
248	6	2030.49	393.67	2194.49	474.57	2
248	8	784.38	755.46	1226.32	1339.31	2
248	9	1947.05	310.01	2106.05	372	2
248	10	1395.86	235.17	1469.93	284	2
249	6	2049.53	393.12	2219.62	474.44	2
249	8	773.1	798.11	1246.97	1410.4	2
249	9	1947.04	310.01	2105.38	372	2
249	10	1392.26	234.06	1465.56	282.74	2
250	6	2075.4	393.59	2246.13	471.77	2
250	8	754.9	862.41	1272.41	1439.14	2
250	9	1947.04	310.01	2105.13	372	2
250	10	1387.77	233.69	1460.2	280.33	2
251	6	2092.78	395.15	2263.19	470.83	2
251	8	737.74	916.6	1281.85	1448.67	2
251	9	1947.03	310.01	2105.03	372	2
251	10	1385.16	231.98	1454.84	278.28	2
252	6	2127.56	395.72	2284.61	471.89	2
252	8	743.78	1003.81	1301.41	1449.86	2
252	9	1947.03	310	2105	372	2
252	10	1382.55	230.28	1449.48	276.23	2
253	6	2156.36	395.92	2302.22	471.64	2
253	8	748.91	1075.85	1285.65	1446.64	2
253	9	1947.03	310	2104.99	372	2
253	10	1379.9	229.61	1446.74	275.6	2
254	6	2175.07	396.67	2323.34	472.93	2
254	8	747.3	1200.22	1277.22	1444.7	2
254	9	1947.02	310	2104.98	372	2
254	10	1376.36	228.07	1441.83	274.07	2
255	6	2182.43	397.61	2338.99	472.77	2
255	8	756.47	1305.33	1265.23	1441.69	2
255	9	1947.02	310	2104.98	372	2
255	10	1374.59	226.22	1438.9	272.89	2
256	6	2202.33	398.62	2359.33	472.74	2
256	9	1947.02	310	2104.99	372	2
257	6	2217.53	398.99	2374.11	470.73	2
257	9	1947.02	310	2104.99	371.34	2
258	6	2239.62	399.78	2397.43	472.72	2
258	9	1946.35	310	2104.33	371.09	2
259	6	2257.05	399.39	2414.03	473.45	2
259	9	1945.44	310	2104.08	371	2
260	6	2284.65	399.9	2435.38	475.72	2
260	9	1943.78	310	2103.33	371.63	2
261	6	2306.8	403.36	2458.58	476.58	2
261	9	1941.18	309.34	2101.07	371.21	2
262	6	2321.54	406.69	2473.07	473.56	2
262	9	1938.89	309.09	2098.91	371.05	2
263	6	2343.5	405.83	2490.99	473.8	2
263	9	1934.75	309	2094.81	370.99	2
264	6	2358.81	406.19	2504.17	475.22	2
264	9	1931.23	308.31	2090.64	370.32	2
265	6	2380.41	408.29	2514.3	476.42	2
265	9	1924	306.73	2084.48	370.06	2
266	6	2394.08	411.06	2517.55	474.19	2
266	9	1918.7	306.14	2078.92	369.97	2
267	6	2416.02	414.11	2533.86	471.96	2
267	9	1910.16	305.28	2070.28	369.94	2
268	6	2430.44	416.53	2536.06	470.48	2
268	9	1903.07	304.3	2063.15	372.55	2
269	6	2449.17	420.82	2553.61	465.07	2
269	9	1891.27	303.3	2051.98	373.54	2
270	6	2463.91	422.18	2561.8	461.71	2
270	9	1882.34	302.93	2043.29	374.57	2
271	6	2484.22	426.22	2563.8	455.57	2
271	9	1868.57	301.5	2029.61	373.67	2
272	9	1857.62	300.32	2019.34	372	2
273	9	1841.18	298.58	2003.15	369.39	2
274	9	1821.36	296.63	1983.42	367.08	2
275	9	1806.89	294.6	1968.98	365.56	2
276	9	1785.27	292.55	1948.68	363.03	2
277	9	1769.56	291.15	1933.46	361.43	2
278	9	1748.86	289.34	1910.96	359.53	2
279	9	1732.2	288.05	1894.27	357.53	2
280	9	1708.56	286.28	1869.95	355.49	2
281	9	1689.55	285.66	1852.67	353.44	2
282	9	1665.78	284.15	1828.89	351.38	2
283	9	1648.09	282.3	1810.52	350.67	2
284	9	1623.5	281	1786.33	348.47	2
285	9	1605.59	279.89	1768.57	347.69	2
285	11	2511	399	2559	448	2
286	9	1580.98	278.21	1744.01	345.46	2
286	11	2491.8	395	2559	448	2
287	9	1559.15	276.27	1721.8	344.19	2
287	11	2470.61	389.74	2559	445.75	2
288	9	1537.33	274.33	1699.58	342.92	2
288	11	2453.48	387.11	2559	442.7	2
289	9	1509.45	272.27	1671.5	339.85	2
289	11	2429.46	382.7	2553.38	445.42	2
290	9	1489.96	270.9	1652.61	338.1	2
290	11	2411.57	380.58	2544.25	442.96	2
291	9	1464.2	269.78	1626.41	336.18	2
291	11	2390.79	377.24	2526.65	439.29	2
292	9	1445.31	269.43	1607.36	334.86	2
292	11	2379.5	374.79	2511.75	434.58	2
293	9	1418.46	268.69	1581.11	334.43	2
293	11	2360.21	372.67	2492.94	432.9	2
294	9	1399.2	267.13	1562.07	333	2
294	11	2342.83	371.32	2478.67	433.02	2
295	9	1372.9	266.6	1535.2	331.85	2
295	11	2322.41	369.59	2460.49	430.48	2
296	9	1356.5	265.79	1516.61	331.48	2
296	11	2307.77	367.05	2447.09	428.26	2
297	9	1352.54	264.86	1489.88	330.73	2
297	11	2295.48	364.87	2428.6	424.17	2
298	9	1348.01	265.22	1470.89	329.83	2
298	11	2278.94	362.82	2421.01	421.37	2
299	9	1294.71	261.41	1443.47	329.55	2
299	11	2257.66	358.81	2398.57	417.06	2
300	9	1258.81	266.53	1414.13	329.46	2
300	11	2235.56	355.42	2376.97	414.88	2
301	9	1235.56	266.65	1394.89	328.83	2
301	11	2221.06	352.91	2363.14	414.8	2
302	9	1207.31	266.71	1342.19	329.3	2
302	11	2205	350.09	2343.93	412.24	2
303	9	1186.47	266.08	1322.43	329.51	2
303	11	2190.95	347.8	2330.42	410.03	2
304	9	1160.15	265.2	1311.89	328.95	2
304	11	2170.46	344.4	2311.34	405.98	2
305	9	1139.15	264.89	1298.46	331.41	2
305	11	2155.35	341.9	2298.61	404.53	2
306	9	1112.51	264.79	1274.18	333.64	2
306	11	2134.5	339.73	2279.22	401.43	2
307	9	1092.01	265.41	1256.48	335.16	2
307	11	2120.53	338.36	2266.37	399.69	2
308	9	1062.88	265.67	1229.01	338.36	2
308	11	2103.39	335.95	2247.6	393.83	2
309	9	1041.44	267.07	1209.45	340.21	2
309	11	2091.56	335.18	2232.41	389.02	2
310	9	1011.93	268.93	1181.25	342.88	2
310	11	2073.87	333.65	2212.01	377.78	2
311	9	990.37	269.65	1160.12	345.18	2
311	11	2059.89	331.86	2197.62	371.75	2
312	9	960.15	271.22	1130	347.98	2
312	11	2038.69	329.93	2178.22	370.75	2
313	9	925.92	272.47	1095.75	350.98	2
313	11	2011.53	327.95	2156.97	371.15	2
314	9	901.99	274.88	1070.44	353.39	2
314	11	1993.93	325.96	2141.57	372.06	2
315	9	868.21	277.11	1039.37	356.88	2
315	11	1973.47	323.96	2120.6	372.49	2
316	9	844.51	279.24	1016	359.47	2
316	11	1958.44	322.62	2104.65	372.09	2
317	9	810.88	281.99	981.14	363.01	2
317	11	1937.62	320.88	2083.43	370.71	2
318	9	785.28	284.32	956.34	365.62	2
318	11	1921.84	318.98	2069.42	370.26	2
318	12	2018	1319	2503	1437	2
319	9	750.26	287.79	922.24	369.81	2
319	11	1901.4	315.71	2048.97	372.75	2
319	12	1954.8	1211.8	2547.8	1435.4	2
320	9	722.18	289.07	898.43	373.3	2
320	11	1886.4	314.49	2033.92	373.69	2
320	12	1926.12	1158.9	2555.87	1433.28	2
321	9	687.63	292.76	861.54	377.16	2
321	11	1864.28	311.54	2012.4	371.58	2
321	12	1884.22	1069.23	2559.04	1431.63	2
322	9	660.37	296.75	835.3	380.53	2
322	11	1849.31	309.16	1996.98	369.5	2
322	12	1859.4	1005.43	2550.18	1430.95	2
323	9	623.47	300.84	798.09	385	2
323	11	1826.54	307.02	1974.66	366.8	2
323	12	1832.18	929.31	2463.23	1431.27	2
324	9	596.7	302.98	769.86	388.57	2
324	11	1810.68	305.62	1958.29	364.49	2
324	12	1815.37	878.1	2396.11	1429.66	2
325	9	560.63	307.64	732.54	391.8	2
325	11	1788.89	303.2	1935.62	361.7	2
325	12	1798.07	820.96	2324.83	1358.73	2
326	9	516.39	311.98	689.8	390.27	2
326	11	1764.18	301.7	1909.89	359.38	2
326	12	1786.35	765.73	2246.67	1257.33	2
327	9	485.01	314.86	660.28	392.9	2
327	11	1746.98	299.89	1891.63	357.24	2
327	12	1779.55	726.55	2201	1185.38	2
328	9	445.99	317.82	617.36	395.11	2
328	11	1724.68	297.3	1867.61	353.85	2
328	12	1773.92	680.95	2151.28	1103.86	2
329	9	415.93	321.49	581.77	397.17	2
329	11	1709.1	295.08	1850.04	351.32	2
329	12	1771.71	652.85	2120.31	1039.48	2
330	9	374.6	326.1	545.08	415.95	2
330	11	1687.39	292.34	1826.93	348.45	2
330	12	1768.02	620.72	2086.25	970.38	2
331	9	343.82	328.41	519.93	420.74	2
331	11	1672.72	290.72	1809.74	346.13	2
331	12	1766.81	600.9	2066.8	921.12	2
332	9	309.71	332.4	480.13	424.41	2
332	11	1651.99	287.55	1787.43	344.01	2
332	12	1766.14	574.92	2041.94	869.08	2
333	9	282.92	336.45	451.74	422.41	2
333	11	1637.7	286.43	1771.24	341.97	2
333	12	1765.68	559.36	2025.75	835.25	2
334	9	275.47	341.86	411.14	422.7	2
334	11	1618.43	284.78	1749.29	338.63	2
334	12	1765.83	540.85	2005.32	796.55	2
335	9	276.44	346.42	382.3	424.68	2
335	11	1604.68	283.58	1734.59	336.13	2
335	12	1766.95	529.12	1994.62	770.4	2
336	11	1587.59	280.54	1717.19	333.28	2
336	12	1771.11	514.45	1980.75	746.32	2
337	11	1575.93	278.15	1700.78	330.98	2
337	12	1774.13	504.27	1974.06	726.32	2
338	11	1559.62	275.35	1680.72	328.22	2
338	12	1778.78	489.95	1966.3	702.05	2
339	11	1543.56	272.39	1659.96	324.62	2
339	12	1783.26	476.21	1961.91	679.02	2
340	11	1533.04	270.7	1646.45	322.7	2
340	12	1786.86	466.82	1961.97	663.38	2
341	11	1519.04	268.83	1628.73	319.42	2
341	12	1790.84	454.62	1962.51	643.85	2
342	11	1509.91	267.56	1617.68	317.63	2
342	12	1793.55	446.31	1963.92	627.83	2
343	11	1499.08	265.16	1602.17	315.06	2
343	12	1799.28	435.82	1965.47	609.47	2
344	11	1490.41	263.69	1591.23	312.86	2
344	12	1803.28	428.71	1967.8	597.95	2
345	11	1477.62	261.22	1576.37	310.14	2
345	12	1810.1	419.89	1970.93	580.29	2
346	11	1470.87	259.04	1566.93	307.89	2
346	12	1815.16	414.71	1972.99	571.72	2
347	11	1461.51	256.32	1553.98	305.15	2
347	12	1822.31	406.45	1976.64	557.73	2
348	11	1455.3	254.05	1545.23	303.55	2
348	12	1827.45	401.32	1978.77	549.55	2
349	11	1447.41	252.62	1533.81	300.4	2
349	12	1834.6	395.13	1981.01	538.42	2
350	11	1442.37	251.51	1526.25	298.65	2
350	12	1839.72	389.96	1982.59	530.42	2
351	11	1435.53	251.19	1515.19	295.42	2
351	12	1846.15	383.71	1984.58	519.28	2
352	11	1428.05	249.81	1504.96	292.3	2
352	12	1853.06	377.76	1985.34	507.73	2
353	11	1423.07	248.71	1498.45	290.6	2
353	12	1857.36	371.91	1985.64	498.08	2
354	11	1418.24	247.02	1489.75	288.73	2
354	12	1862.11	366.74	1985.07	489.74	2
355	11	1414.89	246.47	1483.78	287.46	2
355	12	1865.63	363.19	1984.2	483.92	2
356	11	1411.29	244.31	1476.61	285.75	2
356	12	1868.04	357.42	1981.14	474.8	2
357	11	1407.61	242.9	1471.81	284.53	2
357	12	1868.66	353.62	1978.69	467.26	2
358	11	1403.81	241.11	1464.97	282.83	2
358	12	1865.93	348.43	1974.42	460.95	2
359	11	1402.11	239.84	1460.93	280.94	2
359	12	1862.77	344.1	1972.28	454.33	2
360	11	1398.99	238.76	1455.03	278.98	2
360	12	1856.14	338.03	1968.18	447.6	2
361	11	1395.36	237.76	1451.27	277.67	2
361	12	1851	334.72	1964.74	441.47	2
362	11	1391.52	236.77	1446.08	275.92	2
362	12	1842.39	331.75	1959.53	434.9	2
363	11	1389	235.8	1443.18	274.68	2
363	12	1835.9	329.56	1955.03	430.2	2
364	12	1824.91	324.89	1947.49	423.39	2
365	12	1811.67	320	1937.54	417.19	2
366	12	1802.14	318.44	1929.95	413.23	2
367	12	1789.48	314	1918.69	406.68	2
368	12	1778.91	310.54	1909.97	401.22	2
369	12	1763.97	306.07	1897.03	394.78	2
370	12	1752.58	303.28	1887.06	390.02	2
371	12	1736.71	299.04	1872.36	384.5	2
372	12	1725.67	296.32	1861.75	380.73	2
373	12	1709.3	292.12	1845.52	374.2	2
374	12	1696.15	289.4	1833.72	370.06	2
375	12	1679.69	285.86	1817.1	364.73	2
376	12	1667.2	284.06	1804.52	360.33	2
377	12	1650.34	280.85	1786.3	355.58	2
378	12	1631.15	277.11	1766.57	351.38	2
379	12	1617.74	274.54	1752.94	348.72	2
380	12	1601.24	272.39	1735.04	344.58	2
381	12	1589.54	271.08	1721.47	341.93	2
382	12	1573.02	268.7	1703.59	338.46	2
383	12	1562.02	266.6	1690.75	335.35	2
384	12	1547.09	263.25	1673.16	331.69	2
385	12	1536.71	262.14	1660.47	329.17	2
386	12	1522.67	259.15	1643.59	327.08	2
387	12	1512.64	257.48	1631.88	323.77	2
388	12	1500.04	254.97	1616.03	320.02	2
389	12	1491.23	253.48	1604.71	318.12	2
390	12	1479.73	251.68	1590.34	314.87	2
391	12	1467.92	249.1	1574.83	311.13	2
392	12	1460.07	247.58	1564.36	307.88	2
393	12	1450.93	245.1	1551.63	304.81	2
394	12	1444.72	243.6	1542.85	303.15	2
395	12	1436.81	241.13	1531.38	299.98	2
396	12	1431.7	240.31	1523.72	297.6	2
397	12	1424.13	237.4	1513.98	294.16	2
398	12	1419.08	236.42	1506.89	293.03	2
399	12	1413.55	236.14	1497.32	290.04	2
400	12	1409.93	235.47	1490.98	288.41	2
401	12	1404.86	235.29	1482.3	286.57	2
402	12	1402.04	234.62	1476.24	285.34	2
403	12	1397.21	232.4	1469.02	283.64	2
404	12	1391.64	230.97	1461.34	281.77	2
444	14	2477	330	2559	446	2
446	14	2445	324	2559	443	2
447	14	2430.6	318.4	2559	444.6	2
448	14	2412.37	319.61	2559	442.63	2
449	14	2392.8	318.47	2559	442.73	2
450	14	2376.97	312.13	2559.67	448.76	2
451	14	2357.54	309.36	2559.29	446.63	2
452	14	2343.24	308.44	2559.13	445.71	2
453	14	2325.31	305.48	2559.06	443.29	2
454	14	2309.09	303.13	2559.03	442.39	2
455	14	2292.32	301	2559.02	436.72	2
456	14	2267.89	297.61	2544.74	433.9	2
457	14	2251.48	295.77	2531.94	432.23	2
457	15	1213	206	1248	233	2
458	14	2230.23	291.18	2514.11	428.99	2
458	15	1213	206	1248	234.6	2
459	14	2214.67	289.54	2501.97	427.16	2
459	15	1213	206	1248	234.9	2
460	14	2194.38	285.72	2483.24	424.54	2
460	15	1213	207.53	1248	235.78	2
461	14	2179.25	283.7	2469.56	422.29	2
461	15	1213	208.03	1248	236.05	2
462	14	2155.89	275.11	2451.52	422.17	2
462	15	1212.7	209.27	1248.6	237.28	2
463	14	2137.67	277.12	2436.34	421.51	2
463	15	1212.4	210.51	1249.2	238.51	2
464	14	2115.04	272.18	2415.83	414.74	2
464	15	1212.1	211.75	1249.8	239.73	2
465	14	2097.78	266.45	2399.71	412.9	2
465	15	1211.98	212.17	1250.03	240.88	2
466	14	2074.22	270.91	2387.3	411.62	2
466	15	1211.28	212.98	1250.78	242.61	2
467	14	2063.06	267.5	2369.32	407.89	2
467	15	1211.02	213.92	1251.05	243.22	2
468	14	2043.22	268.97	2346.33	405.92	2
468	15	1210.93	214.24	1251.13	244.73	2
469	14	2015.33	264.3	2324.86	403.94	2
469	15	1210.9	214.99	1251.15	246.58	2
470	14	1997.48	265.93	2307.34	397.34	2
470	15	1210.9	215.91	1251.15	247.9	2
471	14	1977.61	261.3	2279.53	390.17	2
471	15	1210.25	217.54	1251.14	249.02	2
472	14	1961.57	259.02	2260.83	387.01	2
472	15	1210.01	218.13	1251.12	250.06	2
473	14	1937.73	256.93	2235.2	381.94	2
473	15	1209.93	218.99	1251.11	251.07	2
474	14	1914.24	253.56	2220.84	384.92	2
474	15	1209.25	219.28	1251.75	252.07	2
475	14	1892.26	251.07	2191.78	375.56	2
475	15	1208.35	220.02	1251.34	254.37	2
476	14	1874.78	249.58	2172.68	372.06	2
476	15	1208.01	220.28	1251.83	255.86	2
477	14	1849.77	245.76	2147.65	374.94	2
477	15	1207.24	222.93	1252.01	257.69	2
478	14	1825.23	248.98	2128.32	377.33	2
478	15	1206.3	223.29	1251.42	259	2
479	14	1801.56	245.07	2099.36	375.09	2
479	15	1205.31	225.34	1251.19	260.76	2
480	14	1784.82	243.01	2079.82	372.34	2
480	15	1204.94	226.11	1251.09	262.04	2
481	14	1760.11	240.99	2054.02	370.06	2
481	15	1204.16	227.67	1251.05	264.44	2
482	14	1732.41	238.32	2025.88	366.64	2
482	15	1202.58	228.89	1250.39	266.61	2
483	14	1712.86	237.39	2006.16	364.11	2
483	15	1201.34	229.97	1250.13	268.05	2
484	14	1689.13	235.8	1979.69	360.6	2
484	15	1200.23	231.65	1249.38	269.85	2
485	14	1671.11	233.95	1959.96	358.71	2
485	15	1199.18	232.26	1248.44	271.14	2
486	14	1649.26	231.34	1933.49	354.78	2
486	15	1197.5	233.76	1247.43	272.88	2
487	14	1633.29	229.11	1915.13	352.73	2
487	15	1196.23	234.3	1247.05	274.15	2
488	14	1612.84	226.36	1889.15	350.07	2
488	15	1193.82	235.12	1245.62	275.88	2
489	14	1598.06	224.08	1871.68	347.85	2
489	15	1192.27	236.05	1245.08	277.15	2
490	14	1579.34	222.65	1846.01	345.12	2
490	15	1190.42	237.67	1243.58	278.88	2
491	14	1566.55	222.19	1827.33	342.2	2
491	15	1188.44	238.26	1242.37	280.14	2
492	14	1549.87	221.44	1803.19	339.21	2
492	15	1186.42	239.75	1241.27	281.88	2
493	14	1538.48	220.57	1786.48	336.87	2
493	15	1185.03	240.28	1240.22	283.14	2
494	14	1523.6	217.64	1763.69	333.42	2
494	15	1182.59	241.75	1238.54	284.88	2
495	14	1508.09	215.28	1740.02	330.25	2
495	15	1180.4	242.94	1237.26	286.79	2
496	14	1498.47	213.81	1725.58	328.5	2
496	15	1178.31	243.35	1236.8	288.12	2
497	14	1485.48	212.66	1702.88	325.29	2
497	15	1175.62	244.13	1235.36	289.23	2
498	14	1478.14	208.97	1688.8	322.87	2
498	15	1173.33	245.04	1233.53	289.6	2
499	14	1467.95	207.66	1669.58	320.07	2
499	15	1170.56	246.66	1231.55	290.34	2
500	14	1461.56	205.92	1656.76	318.46	2
500	15	1168.9	247.24	1230.18	291.22	2
501	14	1452.31	204.02	1641.36	315.97	2
501	15	1165.07	248.08	1229.03	292.17	2
502	14	1446.84	203.38	1628.46	314.47	2
502	15	1163.02	249.02	1227.98	293.8	2
503	14	1439.25	203.21	1611.61	311.35	2
503	15	1160.35	250	1226.32	295.03	2
504	14	1435.06	203.9	1600.96	309.62	2
504	15	1158.09	250.33	1224.41	295.45	2
505	14	1428.5	202.87	1586.89	307.07	2
505	15	1154.05	251.08	1222.42	296.87	2
506	14	1423.89	202.54	1577.17	304.88	2
506	15	1151.27	251.99	1221.05	298.03	2
507	14	1419.2	203.15	1564.05	301.48	2
507	15	1147.68	252.96	1217.97	299.74	2
508	14	1413.11	203.43	1551.12	298.31	2
508	15	1143.13	253.3	1214.88	301	2
508	16	1218	196	1251	224	2
509	14	1405.07	199.48	1545.96	297.95	2
509	15	1140.17	254.05	1213.09	302.09	2
509	16	1218	196	1251	224	2
510	15	1135.23	254.31	1210.51	304.42	2
510	16	1218	196.77	1251.77	225.54	2
511	15	1132.11	255.03	1208.28	305.92	2
511	16	1218	198.56	1252.03	226.83	2
512	15	1127.77	256.58	1205.53	307.75	2
512	16	1218	200.62	1252.83	227.94	2
513	15	1123.6	257.8	1203.23	309.06	2
513	16	1218	201.23	1253.09	228.98	2
514	15	1118.87	259.54	1199.82	310.81	2
514	16	1218	202.1	1253.15	230	2
515	15	1115.19	260.18	1197.27	312.09	2
515	16	1218	202.35	1253.16	231.69	2
516	15	1109.36	261.69	1193.77	313.83	2
516	16	1218	203.75	1253.14	233.61	2
517	15	1105.27	262.24	1190.54	314.44	2
517	16	1218	204.91	1253.12	234.29	2
518	15	1099.28	263.72	1186.13	315.93	2
518	16	1218	205.3	1253.78	235.82	2
519	15	1094.5	264.9	1183.21	316.45	2
519	16	1218	206.08	1254.01	236.36	2
520	15	1088.26	265.97	1178.94	317.91	2
520	16	1218	206.99	1254.76	237.83	2
521	15	1080.16	267.66	1173.49	319.73	2
521	16	1218	207.97	1255.03	239.66	2
522	15	1074.58	268.26	1169.54	321.03	2
522	16	1218	208.31	1255.77	240.97	2
523	15	1065.46	269.76	1163.58	322.79	2
523	16	1218	209.7	1256.05	242.73	2
524	15	1060.14	270.95	1159.44	324.06	2
524	16	1218	210.21	1256.14	243.36	2
525	15	1051.14	272.68	1153.42	325.81	2
525	16	1217.34	211.68	1256.82	244.86	2
526	15	1044.61	273.29	1148.63	327.08	2
526	16	1217.1	212.87	1257.71	246.04	2
527	15	1035.79	274.79	1142.37	328.82	2
527	16	1217	213.94	1258.69	248.42	2
528	15	1028.05	275.32	1137.49	330.75	2
528	16	1216.97	214.32	1259.06	249.28	2
529	15	1018.79	276.14	1130.57	332.74	2
529	16	1217.61	215.08	1259.18	250.86	2
529	17	300	398	421	492	2
530	15	1011.52	277.07	1124.79	334.1	2
530	16	1217.21	215.99	1259.21	252.07	2
530	17	292.8	395.6	431.4	492.8	2
531	15	1000.52	278.04	1116.88	336.52	2
531	16	1216.4	216.96	1259.86	253.79	2
531	17	289.26	393.62	456.16	494.48	2
532	15	992.59	279.68	1110.74	338.05	2
532	16	1216.1	217.95	1260.1	255.06	2
532	17	283.12	392.93	475.14	494.3	2
533	15	981.36	281.58	1102.06	339.88	2
533	16	1215.98	218.95	1260.17	257.45	2
533	17	303.18	392.77	505.95	494.92	2
534	15	968.85	282.92	1091.77	342.49	2
534	16	1215.29	219.95	1260.19	259.61	2
534	17	322.91	390.61	542.8	495.83	2
535	15	960.36	283.39	1084.72	344.08	2
535	16	1215.03	220.96	1260.18	261.05	2
535	17	340.85	389.88	568.87	496.12	2
536	15	948.28	284.83	1074.41	346.58	2
536	16	1214.29	222.61	1260.17	262.85	2
536	17	369.1	388.3	602.25	496.21	2
537	15	939.35	285.99	1066.75	348.13	2
537	16	1214.01	223.21	1259.5	264.14	2
537	17	391.08	387.08	627.57	496.89	2
538	15	927.75	287.7	1056.22	351.27	2
538	16	1213.26	224.71	1259.89	266.53	2
538	17	426.45	387.33	662.44	495.79	2
539	15	917.73	289.62	1048.49	352.41	2
539	16	1211.68	225.26	1260.03	268.05	2
539	17	444.55	386.82	688.21	496.02	2
540	15	905.73	291.62	1037.31	355.4	2
540	16	1211.09	226.73	1259.43	269.88	2
540	17	471.04	384.66	725.06	496.76	2
541	15	896.87	292.99	1028.69	357.77	2
541	16	1210.22	227.26	1259.19	271.17	2
541	17	493.15	385.19	752.84	498.34	2
542	15	884.66	295.42	1017.82	360.57	2
542	16	1209.25	228.73	1258.44	272.92	2
542	17	530.17	384.78	792.36	500.25	2
543	15	875.74	296.31	1009.35	362.22	2
543	16	1208.25	229.91	1258.15	274.18	2
543	17	557.73	384.66	822.44	500.96	2
544	15	863.52	298.55	997.25	365.39	2
544	16	1206.58	230.98	1257.39	275.91	2
544	17	594.95	383.98	864.18	502.52	2
545	15	853.95	300.02	989.63	367.84	2
545	16	1205.31	232.01	1256.45	277.18	2
545	17	621.7	384.4	896.26	503.09	2
546	15	842.15	301.18	977.88	371.31	2
546	16	1202.89	233.02	1255.44	279.56	2
546	17	660.39	383.28	941.26	503.94	2
547	15	830.13	303.51	965.17	375.16	2
547	16	1200.69	234.66	1254.41	281.72	2
547	17	703.72	382.87	992.58	504.89	2
548	15	822.65	305.02	956.05	377.22	2
548	16	1198.58	235.27	1253.38	283.14	2
548	17	735.96	382.74	1029.61	505.88	2
549	15	812.94	306.85	945.02	381.17	2
549	16	1196.5	236.76	1252.34	284.93	2
549	17	779.9	382.71	1079.01	506.23	2
550	15	806.36	308.15	937.25	383.91	2
550	16	1194.45	237.95	1251.3	286.21	2
550	17	812.92	382.72	1115.84	506.99	2
551	15	797.63	309.89	926.07	387.47	2
551	16	1191.1	239.02	1249.63	287.95	2
551	17	859.03	382.09	1166.4	507.91	2
552	15	791.42	311.16	918.91	390.7	2
552	16	1188.56	239.39	1248.35	288.56	2
552	17	894.08	381.87	1203.58	508.88	2
553	15	783.47	314.82	909.95	395.09	2
553	16	1185.05	240.14	1246.59	290.03	2
553	17	943.55	381.14	1256.23	509.23	2
553	18	1207	203	1243	229	2
554	15	778.85	316.84	903.62	397.99	2
554	16	1182.45	241.05	1245.28	290.55	2
554	17	980.42	380.88	1294.11	509.34	2
554	18	1207	203.8	1243	229.8	2
555	15	772.82	320.16	894.96	402.26	2
555	16	1178.27	242.01	1243.51	291.99	2
555	17	1031.87	381.46	1344.42	509.35	2
555	18	1206.23	204.72	1243	231.5	2
556	15	768.26	322.02	890.1	405.75	2
556	16	1175.43	242.35	1241.57	292.49	2
556	17	1068.73	381.04	1385.2	508.67	2
556	18	1205.97	205.04	1243	232.83	2
557	15	764.19	325.27	882.61	410.88	2
557	16	1171.16	243.75	1238.9	293.94	2
557	17	1122.04	381.55	1437.9	509.7	2
557	18	1205.91	205.84	1242.26	234.69	2
558	15	761.69	326.46	878.18	414.7	2
558	16	1167.65	244.9	1237.26	295.1	2
558	17	1160.19	382.41	1475.62	508.77	2
558	18	1206.64	206.81	1242.01	235.28	2
559	15	758.36	330.08	873.51	419.29	2
559	16	1163.78	245.96	1234.73	296.8	2
559	17	1212.73	381.43	1526.52	508.38	2
559	18	1206.9	207.82	1242.65	236.81	2
560	15	755.38	334.01	867.39	424.85	2
560	16	1157.85	246.99	1231.21	298.71	2
560	17	1270.13	381.07	1581.19	508.23	2
560	18	1206.29	208.85	1242.88	238	2
561	15	753.89	336.75	864.11	429.47	2
561	16	1153.06	247.34	1228.6	300.05	2
561	17	1310.2	380.28	1616.8	505.52	2
561	18	1206.07	209.87	1242.96	239.06	2
562	15	752.23	340.32	861.17	435.01	2
562	16	1147.44	248.1	1225.7	302.46	2
562	17	1360.81	378	1662.97	505.81	2
562	18	1205.99	210.89	1243.67	240.74	2
563	15	751.82	342.92	859.68	440.26	2
563	16	1144.05	248.36	1222.7	303.99	2
563	17	1396.81	377.16	1695.23	502.64	2
563	18	1205.97	211.9	1243.93	241.33	2
564	15	751.87	347.07	859.38	446.04	2
564	16	1137.03	249.72	1218.36	305.83	2
564	17	1443.9	375.54	1734.9	499.43	2
564	18	1205.96	212.25	1244.69	242.83	2
565	15	751.37	349.89	860.15	450.73	2
565	16	1131.86	250.87	1215.46	307.13	2
565	17	1476.47	374.29	1762.65	497.58	2
565	18	1205.3	213.01	1244.97	244.01	2
566	15	751.32	354.12	862.59	457.58	2
566	16	1123.54	252.58	1211.18	309.53	2
566	17	1521.03	375.17	1796.74	496.25	2
566	18	1205.06	213.93	1245.72	245.73	2
567	15	752.06	357.61	864.96	462.67	2
567	16	1118.49	253.85	1207.66	311.05	2
567	17	1551.21	375.54	1820.36	493.79	2
567	18	1204.97	214.9	1246.65	246.99	2
568	15	753.77	362.75	869.94	470.95	2
568	16	1109.59	255.61	1201.87	312.88	2
568	17	1591.65	373.69	1849.04	490.9	2
568	18	1204.29	215.9	1247	248.74	2
569	15	755.15	366.58	873.86	477.23	2
569	16	1103.69	256.9	1197.12	314.17	2
569	17	1618.18	371.69	1867.28	488.54	2
569	18	1204.03	217.56	1247.12	250.02	2
570	15	757.71	371.83	881.3	486.6	2
570	16	1095.75	257.35	1191.5	315.92	2
570	17	1653.35	368.97	1889.4	485.04	2
570	18	1203.94	218.16	1247.16	251.77	2
571	15	760.02	375.7	886.76	492.65	2
571	16	1089.6	258.14	1186.83	317.18	2
571	17	1677.22	367.99	1903.25	482.46	2
571	18	1203.91	219.02	1247.16	253.04	2
572	15	763.56	381.61	894.72	501.91	2
572	16	1080.29	259.71	1179.97	318.92	2
572	17	1707.48	365.66	1919.16	478.22	2
572	18	1203.25	220.62	1247.15	254.78	2
573	15	767.52	388.29	904.23	513.04	2
573	16	1070.41	261.58	1172.26	321.48	2
573	17	1737.26	362.82	1932.29	472.7	2
573	18	1203.01	221.85	1247.14	256.71	2
574	15	771	393.35	910.45	521.05	2
574	16	1062.88	262.91	1166.16	322.41	2
574	17	1755.56	361.15	1939.55	468.73	2
574	18	1202.27	222.94	1247.12	258.05	2
575	15	774.95	399.69	918.64	531.68	2
575	16	1049.83	263.37	1157.47	324.66	2
575	17	1777.92	357.9	1945.84	462.66	2
575	18	1201.34	223.98	1247.11	259.82	2
576	15	777.75	404.61	924.31	540.11	2
576	16	1043.03	265.47	1151.03	326.12	2
576	17	1790.8	354.73	1948.74	459.87	2
576	18	1200.35	224.99	1247.1	261.1	2
577	15	780.76	412.16	929.66	552.8	2
577	16	1030.93	267.55	1141.56	328.58	2
577	17	1807.33	351.63	1950.27	456.27	2
577	18	1199.33	226.65	1247.09	263.49	2
578	15	783.84	418.18	936.16	562.66	2
578	16	1021.95	268.95	1134.19	330.11	2
578	17	1816.21	349.22	1949.67	451.72	2
578	18	1198.95	227.25	1247.08	264.36	2
579	15	786.94	426.79	941.15	576.53	2
579	16	1008.38	270.74	1123.75	332.6	2
579	17	1828.09	347.06	1949.58	445.45	2
579	18	1197.52	228.75	1246.42	266.59	2
580	15	788.1	433.22	944.91	587.47	2
580	16	999.5	271.38	1116.66	334.79	2
580	17	1833.54	344.33	1947.37	441.94	2
580	18	1196.99	229.29	1246.16	268.05	2
581	15	789.15	441.97	952.06	601.73	2
581	16	985.99	272.88	1105.07	336.87	2
581	17	1840.2	340.72	1944.07	434.73	2
581	18	1195.5	230.75	1245.41	269.86	2
582	15	790.16	449.07	956.64	615.36	2
582	16	976.5	273.41	1096.9	338.91	2
582	17	1842.76	338.13	1940.34	427.49	2
582	18	1194.3	231.28	1245.12	271.15	2
583	15	791.16	459.97	962.81	633.17	2
583	16	961.46	275.52	1084.25	341.58	2
583	17	1840.71	335.24	1934.57	424.38	2
583	18	1192.56	233.4	1243.72	272.89	2
584	15	792.15	467.92	967	648.82	2
584	16	948.19	276.29	1074.41	343.84	2
584	17	1835.22	333.62	1930.43	420.03	2
584	18	1191.26	234.83	1243.17	274.81	2
585	15	791.2	479.76	972.36	671.19	2
585	16	933.68	279.14	1060.53	346.59	2
585	17	1826.2	329.05	1926.94	416.59	2
585	18	1189.49	235.99	1242.32	276.79	2
586	15	790.16	493.1	978.8	693.62	2
586	16	916.71	280.85	1045.01	350.19	2
586	17	1814.85	325.47	1921.67	411.46	2
586	18	1186.89	237.7	1241.36	279.45	2
587	15	789.09	503.28	983.11	710.44	2
587	16	904.03	282.1	1034.12	352.79	2
587	17	1805.26	322.24	1916.42	407.05	2
587	18	1184.63	238.97	1240.35	280.42	2
588	15	786.71	517.88	987.85	733.86	2
588	16	887.83	284.48	1020.49	355.67	2
588	17	1791.66	317.79	1907.87	402.24	2
588	18	1182.5	240.06	1238.68	283.34	2
589	15	784.49	527.87	991.49	748.46	2
589	16	878.07	286.65	1010.36	358	2
589	17	1781.28	315.6	1900.76	397.95	2
589	18	1181.07	241.09	1238.04	285.04	2
590	15	780.4	541.76	994.7	772.89	2
590	16	863.65	289.39	995.72	360.76	2
590	17	1766.22	311.55	1889.62	391.84	2
590	18	1178.61	242.1	1236.52	286.94	2
590	19	1214	209	1255	243	2
591	15	776.88	553.32	997.73	788.45	2
591	16	852.01	291.03	985.89	363.7	2
591	17	1754.05	309.52	1880.26	388.44	2
591	18	1177.06	243.09	1235.95	288.26	2
591	19	1213.2	209.8	1255	243.8	2
592	15	771.04	568.47	1000.07	817.09	2
592	16	838.18	293.56	972.04	367.34	2
592	17	1737.11	304.84	1866.38	382.65	2
592	18	1173.92	244.73	1234.46	289.35	2
592	19	1213.81	210.72	1255	244.72	2
593	15	767.48	579.86	1001.49	840.56	2
593	16	828.73	294.47	961.87	370.61	2
593	17	1724.91	302.58	1855.35	378.69	2
593	18	1171.47	245.98	1233.26	290.36	2
593	19	1214.02	211.03	1255	245.81	2
594	15	760.35	595.48	1005.11	880.99	2
594	16	815.73	297.35	947.88	373.73	2
594	17	1707.36	298.5	1839.55	373.37	2
594	18	1168.63	247.06	1230.88	291.33	2
594	19	1213.31	211.85	1256.51	248.35	2
595	15	754.43	606.46	1007.06	909.71	2
595	16	805.31	299.71	939.01	376.14	2
595	17	1694.34	295.79	1827.19	369.6	2
595	18	1166.29	247.43	1229.98	292.3	2
595	19	1213.08	212.81	1257.7	249.88	2
596	15	745.12	623.71	1010.89	950.81	2
596	16	793.24	299.89	926.19	380.23	2
596	17	1676.53	291.55	1809.62	363.67	2
596	18	1162.86	248.84	1228.37	293.93	2
596	19	1213	213.13	1258.1	251.06	2
597	15	738.37	639.73	1013.57	982.41	2
597	16	785.15	301.85	917.11	383.01	2
597	17	1664.11	289.45	1795.97	359.67	2
597	18	1160.31	249.34	1227.14	295.15	2
597	19	1212.29	213.22	1257.54	252.11	2
598	15	728.14	664.05	1017.05	1032.76	2
598	16	774.62	304.5	905.5	387.23	2
598	17	1646.54	286.79	1777.91	354.34	2
598	18	1156.15	250.14	1224.75	297.52	2
598	19	1210.68	213.9	1257.31	254.45	2
599	15	714.08	689.66	1020.86	1097.71	2
599	16	765.13	308.05	892.94	391.35	2
599	17	1627.06	283.24	1756.92	351.25	2
599	18	1152.03	251.06	1222.57	299.03	2
599	19	1210.09	215.45	1257.21	256.61	2
600	15	704.82	710.21	1023.54	1148.01	2
600	16	758.04	310.01	885.34	395.44	2
600	17	1614.79	280.71	1742.75	348.27	2
600	18	1149.21	252.03	1221.12	300.21	2
600	19	1209.23	216.69	1256.49	258.04	2
601	15	689.88	739.91	1027.02	1213.68	2
601	16	751.15	312.64	875.59	400.14	2
601	17	1597.32	278.57	1723.9	344.66	2
601	18	1144.33	253.02	1218.66	302.56	2
601	19	1208.25	217.8	1256.21	259.84	2
602	15	677.8	761.55	1028.31	1266.26	2
602	16	747.02	314.89	869.06	403.8	2
602	17	1585.9	276.56	1711.98	341.5	2
602	18	1141.23	254.01	1216.46	303.41	2
602	19	1207.9	218.85	1256.1	261.78	2
603	15	657.98	798.45	1029.98	1343.21	2
603	16	742.56	317.63	861.03	409.63	2
603	17	1570.78	273.92	1692.7	337.14	2
603	18	1135.6	255.66	1213.07	306.29	2
603	19	1205.81	219.22	1256.05	264.43	2
604	15	642.75	828.49	1031.82	1403.91	2
604	16	739.3	320.55	856.48	413.72	2
604	17	1559.6	272.4	1678.62	334.36	2
604	18	1130.93	256.91	1210.51	307.98	2
604	19	1205.04	218.71	1256.03	265.4	2
605	15	621.76	870.09	1031.2	1433.99	2
605	16	736.42	322.91	850.47	419.06	2
605	17	1545.21	270.6	1661.19	330.81	2
605	18	1124.07	258.65	1206.36	310.53	2
605	19	1203.47	221.04	1255.37	267.65	2
606	15	602.92	902.37	1031.49	1444.54	2
606	16	735.05	325.05	846.64	423.59	2
606	17	1535.03	268.71	1648.58	328.33	2
606	18	1118.93	259.94	1203.51	311.45	2
606	19	1202.23	222.59	1254.47	269.12	2
607	15	577.39	949.32	1033.42	1447.8	2
607	16	733.5	329.02	842.89	429.73	2
607	17	1519.65	265.41	1631.69	324.88	2
607	18	1112.54	261.69	1199.25	312.39	2
607	19	1200.49	224.46	1253.47	270.92	2
608	15	557.45	987.8	1034.12	1447.17	2
608	16	733.21	331.78	840.51	434.57	2
608	17	1511.13	262.95	1619.98	322.41	2
608	18	1106.31	262.97	1195.73	314	2
608	19	1199.19	225.8	1253.09	272.86	2
609	15	563.55	1049.05	1029.3	1446.14	2
609	16	732.68	334.71	839.95	441.47	2
609	17	1498.4	258.79	1604.11	318.96	2
609	18	1098.23	264.07	1190.58	316.52	2
609	19	1197.43	227.58	1251.65	274.85	2
610	15	566.65	1098.83	1028.49	1442.23	2
610	16	733.35	337.06	840.65	447.23	2
610	17	1490.2	257.35	1593.48	315.81	2
610	18	1091.36	265.1	1186.08	318.07	2
610	19	1195.48	228.88	1250.45	276.2	2
611	15	570.11	1177.55	1027.47	1439.32	2
611	16	734.44	341.1	843.82	454.47	2
611	17	1478.22	253.57	1578.66	312.11	2
611	18	1081.76	266.76	1179.91	320.57	2
611	19	1192.82	230	1249.35	277.96	2
612	15	576.98	1279.03	1010.77	1439.82	2
612	16	736.29	347.73	849.13	462.29	2
612	17	1466.89	250.95	1562.97	308.2	2
612	18	1071.13	268	1172.48	323.42	2
612	19	1189.24	231.69	1248.3	280.53	2
613	15	586.06	1350.27	992.24	1439.9	2
613	16	737.75	352.18	853.21	469.05	2
613	17	1458.54	249.42	1552.46	304.89	2
613	18	1062.64	269.09	1167.73	324.46	2
613	19	1186.62	232.3	1247.91	282.11	2
614	16	740.37	357.03	859.46	477.31	2
614	17	1449.18	247.63	1539.69	301.79	2
614	18	1051.19	270.76	1160.24	326.74	2
614	19	1183.72	234.44	1244.57	284.61	2
615	16	742.74	360.74	865.82	485.49	2
615	17	1442.9	245.73	1530.92	298.78	2
615	18	1043.03	272.67	1154.85	328.2	2
615	19	1180.69	235.88	1242.62	286.16	2
615	20	1209	219	1255	259	2
616	16	745.65	365.93	873.49	493.64	2
616	17	1433.57	244.46	1518.75	294.44	2
616	18	1031.08	274	1146.46	330.66	2
616	19	1176.35	237.04	1239.96	288.64	2
616	20	1209	219.8	1255	259.8	2
617	16	747.46	370.42	879.68	501.77	2
617	17	1427.95	243.44	1510.84	293.04	2
617	18	1022.13	274.47	1139.47	332.19	2
617	19	1172.8	238.09	1238.31	290.18	2
617	20	1208.23	219.95	1255	261.5	2
618	16	750.77	376.56	888.52	511.81	2
618	17	1420.88	241.79	1500.32	290.61	2
618	18	1009.22	275.9	1131.73	334.66	2
618	19	1166.99	239.11	1235.14	291.36	2
618	20	1208.74	221.53	1254.23	264.36	2
619	16	753.36	380.77	895.13	519.39	2
619	17	1416.74	239.92	1493	287.83	2
619	18	999.3	277.71	1126.3	336.85	2
619	19	1163.51	240.1	1233.29	293.05	2
619	20	1208.93	222.05	1253.98	265.25	2
620	16	757.59	388.06	903.45	531.12	2
620	17	1410.15	237.97	1483.33	286.27	2
620	18	985.44	279.66	1115.4	338.92	2
620	19	1157.09	241.75	1230.05	294.94	2
620	20	1206.8	222.9	1253.92	266.89	2
621	16	760.53	393.35	909.85	539.98	2
621	17	1406.14	237.33	1476.96	285.14	2
621	18	975.75	280.36	1106.78	340.3	2
621	19	1152.76	242.99	1226.91	295.6	2
621	20	1204.71	223.87	1253.91	268.1	2
622	16	764.24	400.42	919.33	553.48	2
622	17	1401.62	237.18	1468.97	282.15	2
622	18	961.3	282.54	1095.86	342.72	2
622	19	1146.66	244.73	1223.15	298.41	2
622	20	1203.29	224.87	1253.91	270.53	2
623	16	766.94	406.24	926.12	563.64	2
623	17	1399.01	235.86	1463.18	280.51	2
623	18	950.18	283.33	1087.31	344.88	2
623	19	1141.18	245.35	1219.82	300.07	2
623	20	1203.45	225.88	1253.25	271.36	2
624	16	771.82	414.78	935.73	577.61	2
624	17	1393.54	235.44	1456.03	277.98	2
624	18	935.21	284.88	1075.18	347.6	2
624	19	1134.02	245.54	1216.02	302.59	2
624	20	1201.55	227.57	1253.01	273.61	2
625	16	776.9	421.82	945.77	593.06	2
625	17	1393.29	234	1448.38	274.44	2
625	18	918.74	286.09	1060.37	350.52	2
625	19	1124.95	246.87	1211.4	305.45	2
625	20	1199.56	229.49	1251.61	275.73	2
626	16	780.12	428.88	953.4	605.87	2
626	17	1388.9	231.73	1444.12	271.99	2
626	18	907.49	287.15	1050.32	352.23	2
626	19	1118.32	248	1205.21	307.79	2
626	20	1198.17	230.19	1251.08	277.79	2
627	16	785.18	437.88	962.64	624.01	2
627	17	1384.5	229.46	1439.86	269.53	2
627	18	892.49	290.11	1036.97	355.41	2
627	19	1108.78	251.63	1198.33	311.21	2
627	20	1195.06	231.07	1249.58	279.82	2
628	16	788.38	444.45	969.94	634.7	2
628	17	1380.11	227.19	1435.6	267.08	2
628	18	880.57	291.86	1026.91	357.86	2
628	19	1100.73	253.65	1193.18	313.12	2
628	20	1193.26	232.02	1248.37	281.19	2
629	16	792.13	455.15	980.32	656.44	2
629	17	1376.66	225.68	1430.63	265.67	2
629	18	866.62	294.43	1012.94	360.68	2
629	19	1090.07	255.03	1185.5	315.08	2
629	20	1190	233.66	1247.27	282.96	2
630	16	794.17	463.62	986.76	671.64	2
630	17	1375.65	224.52	1427.69	263.21	2
630	18	856.43	295.36	1003.3	362.99	2
630	19	1081.57	256.16	1180.04	317.06	2
630	20	1186.86	234.9	1246.22	284.23	2
631	16	797.45	476.32	996.14	693.84	2
631	18	843.14	298.27	990.14	365.74	2
631	19	1068.84	258.49	1171.62	320.35	2
631	20	1183.11	236	1244.55	286.62	2
632	16	799.3	485.58	1002.17	707.98	2
632	18	833.88	299.33	980.2	368.03	2
632	19	1058.93	260.64	1164.61	322.19	2
632	20	1180.42	237.03	1242.63	288.12	2
633	16	801.23	499.23	1011.39	730.38	2
633	18	821.59	300.98	967.59	372.08	2
633	19	1045.01	262.07	1154.32	324.78	2
633	20	1174.92	238.69	1239.97	289.94	2
634	16	801.92	510.1	1017.99	746.44	2
634	18	812.74	302.86	958.55	374.2	2
634	19	1035.29	263.21	1147.23	326.99	2
634	20	1170.93	239.29	1237.69	291.23	2
635	16	802.11	523.73	1026.12	774.04	2
635	18	801.91	304.83	945.62	377.54	2
635	19	1020.84	264.9	1136.28	329.07	2
635	20	1164.95	240.78	1234.26	292.31	2
636	16	800.85	533.92	1032.94	793.34	2
636	18	794.94	306.18	936.48	380.03	2
636	19	1009.67	266.15	1128.32	331.09	2
636	20	1160.78	241.31	1231.68	293.32	2
637	16	799.65	547.22	1040.52	822.75	2
637	18	784.13	307.94	924.82	384.15	2
637	19	994.67	268.53	1117.06	333.75	2
637	20	1154.1	242.13	1227.51	294.95	2
638	16	795.94	562.96	1049.66	862.91	2
638	18	774.51	309.86	912.21	387.59	2
638	19	978.2	270.04	1103.89	336.64	2
638	20	1147.11	243.71	1222.73	297.48	2
639	16	793.82	572.77	1056.24	891.61	2
639	18	768.02	311.84	904.58	389.48	2
639	19	965.62	271.21	1093.8	338.98	2
639	20	1141.91	244.93	1218.98	299.05	2
640	16	789.12	590.2	1063.08	931.44	2
640	18	760.67	314.49	894.14	392.71	2
640	19	949.47	273.56	1081.09	342.4	2
640	20	1134.21	246.01	1213.73	300.9	2
641	16	785.35	604.45	1070.65	966.92	2
641	18	755.01	316.76	888	395.81	2
641	19	936.42	275.06	1071.22	344.93	2
641	20	1128.12	246.39	1209.83	302.85	2
642	16	776.88	628	1079.77	1019.33	2
642	18	748.6	319.51	878.76	401.46	2
642	19	920.12	276.88	1057.36	347.77	2
642	20	1120.11	247.15	1203.9	305.49	2
643	16	771.65	647.15	1086.98	1062.24	2
643	18	743.93	321.16	873.06	404.83	2
643	19	908.31	278.18	1047.69	350.08	2
643	20	1114.54	248.05	1199.73	307.74	2
644	16	764.52	674.53	1097.22	1121.93	2
644	18	737.86	324.32	864.63	409.91	2
644	19	892.5	279.27	1033.91	352.84	2
644	20	1105.45	250.31	1193.05	310.5	2
645	16	759.2	696.44	1104.24	1172.66	2
645	18	733.95	326.12	859.2	413.72	2
645	19	880.93	280.29	1023.67	355.11	2
645	20	1098.21	252.45	1187.98	312.15	2
646	16	749.54	729.2	1115.02	1244.68	2
646	18	730.14	329.34	853.54	418.31	2
646	19	865.85	281.92	1009.02	358.5	2
646	20	1088.48	253.88	1180.33	314.02	2
647	16	739.49	755.72	1124.14	1303.38	2
647	18	727.7	331.81	848.44	420.62	2
647	19	854.59	283.15	999.13	361.02	2
647	20	1080.36	255.04	1174.89	315.32	2
648	16	724.85	799	1135.73	1392.19	2
648	18	724.41	335.29	843.54	425.29	2
648	19	840.28	285.52	984.61	363.2	2
648	20	1070.32	257.4	1167.12	317.71	2
649	16	710.97	832.8	1145.8	1429.86	2
649	18	722.79	337.85	840.71	429.57	2
649	19	830.65	287.03	974.16	364.59	2
649	20	1062.73	259.57	1160.35	319.86	2
650	16	693.6	883.29	1153.38	1445.03	2
650	18	721.76	340.71	837.28	434.99	2
650	19	816.94	289.51	960.72	367	2
650	20	1050.95	261.65	1151.41	321.93	2
651	16	669.86	947.67	1160.58	1449.05	2
651	18	720.95	346.25	834.29	442.13	2
651	19	802.32	292.37	946.14	369.79	2
651	20	1037.6	263.71	1140.38	324.61	2
652	16	653	999.64	1166.39	1447.72	2
652	18	720.86	349.62	832.79	447.36	2
652	19	793.92	293.39	936.38	372.08	2
652	20	1026.82	264.44	1133.02	326.87	2
653	16	669.52	1083.29	1155.97	1445.55	2
653	18	721	354.07	831.8	453.78	2
653	19	782.65	295.03	923.87	374.83	2
653	20	1014.52	265.32	1122.63	329.62	2
654	16	676.86	1152.08	1152.45	1441.95	2
654	18	721.88	356.99	832.32	459.35	2
654	19	774.23	297.56	914.94	379.06	2
654	20	1005.47	266.9	1115.54	331.26	2
655	16	680.47	1272.42	1150.26	1441.81	2
655	18	722.33	363.19	836.72	467.82	2
655	19	764.89	299.12	903.4	382.54	2
655	20	991.91	269.42	1104.61	333.77	2
656	16	695.06	1366.82	1127.05	1441.33	2
656	18	723.22	367.43	839.09	473.54	2
656	19	757.86	300.31	895.5	384.45	2
656	20	981.76	270.33	1096.7	335.96	2
657	18	724.33	372.2	844.74	484	2
657	19	749.68	302.65	884.99	387.03	2
657	20	968.44	271.93	1084.82	338.68	2
658	18	725.45	376.51	848.88	491.73	2
658	19	745.06	304.14	878.16	388.58	2
658	20	958.4	273.15	1075.91	340.95	2
659	18	727.9	382.58	855.75	500.99	2
659	19	738.43	306.61	869.36	393	2
659	20	943.83	274.86	1063.65	343.7	2
660	18	730.17	386.76	860.99	508.92	2
660	19	734.35	307.5	863.15	397.2	2
660	20	932.04	276.12	1053.99	345.33	2
661	18	732.39	393.4	868.87	520.16	2
661	19	729.87	310.37	855.89	404.54	2
661	20	916.82	277.85	1041.46	348.48	2
662	18	733.9	399.08	875.1	529.48	2
662	19	726.57	313.35	850.92	410.5	2
662	20	906.09	279.12	1032.35	350.27	2
663	18	736.43	406.29	884.56	541.88	2
663	19	724.34	316.39	845.43	415.31	2
663	20	891.3	280.2	1019.41	353.48	2
664	18	739.98	414.73	895.21	555.45	2
664	19	722.51	319.44	839.73	420.92	2
664	20	875.58	282.52	1004.98	357.23	2
665	18	742.01	420.47	903.15	565.04	2
665	19	721.47	321.85	836.67	424.92	2
665	20	865.35	284.01	993.88	359.89	2
666	18	745.98	429.6	913.84	579.41	2
666	19	720.66	324.65	833.83	430.21	2
666	20	851.4	286.48	981.47	362.78	2
667	18	749.44	435.58	921.76	590.55	2
667	19	719.92	326.31	832.42	433.43	2
667	20	842.54	288.03	972.49	364.46	2
668	18	753.98	444.15	933.06	606.77	2
668	19	717.82	330.75	830.81	439.71	2
668	20	831.08	289.87	960.27	367.62	2
669	18	757.64	451.17	942.45	618.61	2
669	19	717.88	333.69	830.44	444.59	2
669	20	821.89	291.82	951.38	369.4	2
670	18	763.5	461.41	955.55	637.64	2
670	19	717.4	336.04	833.2	450.87	2
670	20	810.27	293.82	939.18	372.6	2
671	18	767.67	469.08	965.64	650.56	2
671	19	717.99	338.17	835.66	456.38	2
671	20	805.62	295.18	930.97	373.74	2
672	18	773.08	480.2	978.99	671.24	2
672	19	718.99	343.41	840.7	463.53	2
672	20	795.72	297.6	919.67	378.66	2
673	18	777.69	489.46	989.77	686.68	2
673	19	720.11	346.67	844.65	469.39	2
673	20	788.43	299.77	911.84	381.75	2
674	18	783.9	501.82	1004.01	708.96	2
674	19	721.92	351.07	850.81	477.95	2
674	20	777.47	300.54	901.99	384.15	2
675	18	788.81	510.94	1015.75	725.02	2
675	19	724.62	353.98	855.8	484.98	2
675	20	770.41	302.73	894.69	386.29	2
676	18	795.75	525.75	1030.97	745.59	2
676	19	727.03	358.87	862.32	494.61	2
676	20	762.19	305.46	885.7	388.96	2
677	18	802.85	542.83	1047.53	770.51	2
677	19	729.93	363.89	870.64	504.6	2
677	20	753.52	308.41	876.07	387.27	2
678	18	807.46	554.41	1058.25	790.72	2
678	19	732.36	368.32	876.41	512.18	2
678	20	747.98	310.12	869.5	386.46	2
679	18	812.98	569.5	1074.3	824.29	2
679	19	735.9	374.44	885.07	523.28	2
679	20	740.97	312.68	861.44	396.15	2
680	18	816.32	580.89	1085.41	852.19	2
680	19	738.57	379.29	890.95	531.91	2
680	20	736.04	315.53	856.78	406.02	2
681	18	821.33	594.59	1100.94	894.87	2
681	19	741.54	384.91	899.61	542.76	2
681	20	731.86	319.13	850.73	415.54	2
682	18	824.47	604.23	1112.48	929.49	2
682	19	743.96	389.56	905.46	551.9	2
682	20	729.32	321.13	846.15	421.13	2
683	18	825.58	622.71	1128.16	980.22	2
683	19	746.82	397.65	913.43	564.22	2
683	20	726.02	324.4	840.78	427.68	2
683	21	1211	194	1245	223	2
684	18	825.28	639.84	1138.47	1020.07	2
684	19	748.55	402.62	918.99	573.29	2
684	20	723.76	326.89	837.09	432.04	2
684	21	1211	194.8	1244.2	223	2
685	18	823.78	665.77	1154.27	1080.99	2
685	19	752.41	410.84	926.18	587.48	2
685	20	721.17	331	832.68	438.09	2
685	21	1211	194.96	1244.82	224.56	2
686	18	821.84	685.87	1167.16	1132.19	2
686	19	755.17	417.11	932.07	596.63	2
686	20	719.81	333.17	830.66	442.88	2
686	21	1211	195.01	1244.25	225.83	2
687	18	818.45	715.36	1183.32	1206.73	2
687	19	758.13	425.84	940.66	614.05	2
687	20	718.18	337.14	829.5	450.37	2
687	21	1210.24	196.48	1244.05	226.94	2
688	18	814.52	739.34	1195.73	1265.24	2
688	19	759.88	432.92	947.07	627.59	2
688	20	718.43	339.26	829.96	456.36	2
688	21	1210	197.71	1244.71	227.98	2
689	18	805.32	778.43	1212.3	1354.44	2
689	19	761.16	442.56	957.13	646.67	2
689	20	719.37	344.48	833.66	463.66	2
689	21	1209.93	198.11	1244.94	229	2
690	18	791.63	827.68	1230.49	1415.79	2
690	19	762.89	453.81	967.28	669.75	2
690	20	720.51	349.66	839.13	473.43	2
690	21	1209.91	198.91	1245.02	230.68	2
691	18	781.77	866.41	1244.35	1439.94	2
691	19	764.16	462.52	974.94	686.17	2
691	20	721.69	354.15	843.26	479.64	2
691	21	1209.92	199.18	1245.04	231.27	2
692	18	765.89	922.29	1255.83	1447.39	2
692	19	765.89	475.31	984.15	709.47	2
692	20	724.22	358.38	849.51	489.59	2
692	21	1209.25	200.59	1245.05	233.44	2
693	18	752.66	968.5	1262.61	1448.85	2
693	19	767.79	484.62	991.42	724.67	2
693	20	726.56	363.13	854.57	496.49	2
693	21	1208.35	201.76	1245.04	234.88	2
694	18	761.18	1044.66	1254.9	1446.46	2
694	19	768.49	498.9	1001.1	748.09	2
694	20	729.49	368.74	861.76	506.06	2
694	21	1208.01	202.17	1245.04	236.04	2
695	18	764.18	1109.47	1249.78	1442.92	2
695	19	768.72	508.76	1008.54	770.26	2
695	20	731.31	372.75	867.77	514.73	2
695	21	1207.9	202.96	1245.04	237.09	2
696	18	766.71	1223.84	1241.61	1441.98	2
696	19	767.49	523.19	1018.27	798.22	2
696	20	735.28	379.32	876.53	525.59	2
696	21	1207.21	203.89	1245.03	238.1	2
697	18	777.55	1319.22	1229.6	1437.86	2
697	19	765.7	534.38	1025.08	819.65	2
697	20	738.13	383.71	882.49	534.12	2
697	21	1206.96	204.22	1245.03	239.1	2
698	19	762.41	548.07	1034.55	856.18	2
698	20	741.2	390.42	890.56	547.48	2
698	21	1206.22	205.62	1245.68	240.74	2
699	19	760.46	558.29	1041.89	887.1	2
699	20	744.32	396.12	896.84	556.33	2
699	21	1205.95	206.79	1245.93	241.98	2
700	19	755.22	574.65	1050.93	932.17	2
700	20	747.47	403.99	905.01	570.44	2
700	21	1205.2	207.21	1246.02	243.07	2
701	19	749.98	589.08	1059.36	968.45	2
701	20	749.96	409.49	911.94	582.1	2
701	21	1204.93	208	1246.7	244.09	2
702	19	741.59	613.96	1070.07	1023.72	2
702	20	754.12	418.52	920.96	597.9	2
702	21	1204.19	208.92	1246.31	245.75	2
703	19	730.11	642.94	1081.67	1100.54	2
703	20	757	428.29	931.42	618.49	2
703	21	1203.92	210.55	1246.15	248.29	2
704	19	721.18	665.46	1089.88	1154.99	2
704	20	759.37	435.8	937.94	632.04	2
704	21	1203.83	211.15	1246.08	249.88	2
705	19	706.95	699.72	1100.47	1239.05	2
705	20	763.46	446.87	948.67	652.98	2
705	21	1202.5	212.65	1246.06	251.74	2
706	19	694.48	729.28	1108.25	1305.63	2
706	20	765.02	455.51	955.91	668.54	2
706	21	1202.66	213.2	1246.04	253.06	2
707	19	673.88	777.45	1122.42	1395.07	2
707	20	767.5	467.63	964.98	689.6	2
707	21	1202.09	214.67	1246.04	254.82	2
708	19	655.22	815.23	1131.01	1431.97	2
708	20	768.42	477.31	972.2	706.45	2
708	21	1201.23	215.21	1246.03	256.1	2
709	19	626.59	872.45	1144.84	1446.12	2
709	20	769.37	490.46	981.87	729.25	2
709	21	1199.62	216.69	1246.03	257.84	2
710	19	602.26	919.38	1153.93	1448.94	2
710	20	770.34	501.16	989.32	746.76	2
710	21	1198.37	217.22	1245.38	259.11	2
711	19	613.57	999.5	1141.28	1449	2
711	20	770.67	515.33	997.79	774.25	2
711	21	1196.6	218.7	1244.48	260.84	2
712	19	620.81	1068.62	1134.76	1444.97	2
712	20	770.12	526.39	1005.39	794.17	2
712	21	1195.95	219.23	1244.13	262.11	2
713	19	625.15	1192.46	1129.4	1441.48	2
713	20	768.58	541.31	1015.19	825.08	2
713	21	1194.42	220.06	1243.35	264.5	2
714	19	632.89	1296.4	1113.45	1440.99	2
714	20	767.31	551.39	1022.66	853.88	2
714	21	1192.56	220.99	1243.05	266.02	2
715	20	764.24	565.2	1032.4	894.38	2
715	21	1190.58	221.97	1242.3	267.85	2
716	20	761.11	584.8	1047.42	944.31	2
716	21	1187.91	223.61	1240.72	269.8	2
717	20	756.72	601.18	1057.6	983.28	2
717	21	1186.26	224.21	1240.12	271.14	2
718	20	750.55	627.46	1071.51	1044.55	2
718	21	1183.72	225.71	1238.61	273.55	2
719	20	745.59	648.92	1083.12	1093.42	2
719	21	1181.48	226.9	1237.39	275.08	2
720	20	740.47	680.91	1100.08	1170.31	2
720	21	1178.72	228.62	1235.64	276.9	2
721	20	736.57	705.86	1111.03	1232.11	2
721	21	1176.41	229.25	1234.34	278.85	2
722	20	725.62	747.79	1131.48	1325.1	2
722	21	1172.34	230.75	1232.56	280.84	2
723	20	715.1	783.54	1146.87	1400.26	2
723	21	1169.53	232.6	1230.62	282.2	2
724	20	700.3	834.21	1166.52	1434.64	2
724	21	1165.91	233.92	1227.95	284.62	2
725	20	687.59	876.8	1176.07	1446.24	2
725	21	1162.64	235.04	1226.3	286.13	2
726	20	666.28	946.1	1195.2	1449.72	2
726	21	1157.57	236.73	1223.12	287.96	2
727	20	682.56	1004.85	1185.34	1447.98	2
727	21	1153.75	237.98	1220.63	289.9	2
728	20	687.89	1107.23	1180.35	1444.79	2
728	21	1148.47	239.07	1217.77	291.23	2
729	20	697.83	1256.09	1170.36	1443.18	2
729	21	1140.74	240.75	1212.87	292.98	2
730	21	1135.88	242.01	1209.71	294.24	2
731	21	1128.95	244.41	1205.33	295.97	2
732	21	1123.79	245.27	1201.76	297.22	2
733	21	1116.12	246.2	1196.59	299.61	2
734	21	1110.68	246.52	1193.36	301.76	2
735	21	1102.93	245.95	1187.7	304.48	2
736	21	1096.18	246.35	1183	306.12	2
737	21	1087.28	247.75	1176.77	308.63	2
738	21	1080.11	250.2	1171.87	311.48	2
739	21	1071.71	252.41	1164.93	313.81	2
740	21	1064.74	254.52	1159.11	315.94	2
741	21	1052.54	257.9	1151.82	318.64	2
742	21	1040.34	260.46	1140.83	321.57	2
743	21	1031.23	262.68	1133.4	323.26	2
744	21	1018.9	264.13	1123.59	325.79	2
745	21	1009.19	265.27	1118.65	327.34	2
746	21	996.06	266.96	1107.96	330.46	2
746	22	2065	1250	2560	1432	2
747	21	986.65	268.2	1100.07	332.24	2
747	22	2034.6	1202.8	2559.2	1434.4	2
748	21	973.6	269.92	1088.82	335.45	2
748	22	1988.01	1123.32	2558.29	1432.69	2
749	21	963	271.18	1080.79	337.25	2
749	22	1956.72	1065.33	2558.71	1432.64	2
750	21	948.87	272.91	1068.87	340.47	2
750	22	1920.62	994.34	2558.17	1431.42	2
751	21	939.8	273.52	1059.94	342.93	2
751	22	1898.45	945.21	2558.67	1431.52	2
752	21	925.6	275	1048.3	345.74	2
752	22	1873.31	889.81	2558.87	1430.99	2
753	21	915.26	276.82	1039.54	348.69	2
753	22	1858.23	850.03	2558.94	1431.39	2
754	21	901.24	278.12	1027.35	351.7	2
754	22	1842.39	808.53	2558.98	1430.36	2
755	21	885.8	280.51	1013.84	355.36	2
755	22	1825.49	768.08	2557.68	1429.33	2
756	21	875.65	281.38	1004.36	357.34	2
756	22	1815.29	740.28	2551.98	1429.53	2
757	21	863.02	283.61	991.92	360.61	2
757	22	1804.45	711.74	2496.27	1401.24	2
758	21	853.99	285.72	982.9	363.73	2
758	22	1797.53	692.38	2447.52	1361.82	2
759	21	841.13	288.42	970.62	367.44	2
759	22	1791.2	664.72	2401.31	1306.87	2
760	21	832.02	290.05	961.69	370.07	2
760	22	1786.38	647.16	2380.95	1265.92	2
761	21	820.44	292.57	950.12	373.59	2
761	22	1779.83	630.21	2339.62	1212.52	2
762	21	813.14	294.13	942.12	376.15	2
762	22	1775.55	618.97	2315.03	1183.9	2
763	21	803.54	297.27	932.21	379.63	2
763	22	1771.18	600.79	2285.16	1157.92	2
764	21	797.67	298.41	924.86	382.83	2
764	22	1768.19	591.91	2270.65	1131.63	2
765	21	789.91	300.09	915.19	386.55	2
765	22	1763.45	578.68	2245.79	1094.45	2
766	21	783.41	301.32	909.27	389.84	2
766	22	1760.89	569.75	2229.61	1080.21	2
767	21	776.02	303.68	900.76	394.24	2
767	22	1757.63	562.02	2207.58	1045.61	2
768	21	768.97	306.47	891.95	399.72	2
768	22	1756.18	551.65	2193.81	1023.59	2
769	21	765.36	308.14	887.01	403.03	2
769	22	1754.61	546.04	2189.13	990.76	2
770	21	761.03	311.3	880.85	408.72	2
770	22	1751.57	540.31	2184.08	963.44	2
771	21	757.75	313.75	876.23	412.75	2
771	22	1749.36	535.66	2174.14	952.78	2
772	21	754.16	317.22	871.49	418.07	2
772	22	1748.8	530.49	2159.67	936.89	2
773	21	752.45	319.14	868.03	421.95	2
773	22	1746.8	527.26	2150.34	926.03	2
774	21	750.76	323.04	863.71	427.85	2
774	22	1745.57	524.61	2145.53	916.88	2
775	21	749.73	325.78	861.06	432.59	2
775	22	1744.61	522.11	2140.95	911.69	2
776	21	747.55	329.99	858.33	439.46	2
776	22	1744.42	519.59	2135.07	905.78	2
777	21	746.27	332.83	857.55	444.57	2
777	22	1743.14	518.38	2131.39	902.96	2
778	21	745.97	335.79	858.79	452.86	2
778	22	1742.11	515.58	2123.73	894.44	2
779	21	745.34	338.14	860.09	458.5	2
779	22	1741.18	513.54	2118.66	888.52	2
780	21	745.24	343.46	862.71	466.33	2
780	22	1739.6	511.72	2114.49	882.15	2
781	21	744.66	349.32	866.44	476.94	2
781	22	1739.11	508.62	2109.96	872.23	2
782	21	744.53	354.07	869.89	484.76	2
782	22	1739.02	507.06	2105.95	868.39	2
783	21	745.23	360.32	873.9	495.33	2
783	22	1738.4	504.67	2097.41	866.73	2
784	21	745.58	364.58	878.09	503.12	2
784	22	1737.58	502.64	2092.57	855.13	2
785	21	746.44	370.62	883.62	515.58	2
785	22	1736.67	498.07	2086.39	843.82	2
786	21	746.83	376.06	888.35	524.73	2
786	22	1736.4	494.55	2081.73	838.73	2
787	21	747.03	383.2	894.69	538.97	2
787	22	1735.01	491.41	2073.58	838.55	2
788	21	748.44	389.06	899.7	549.43	2
788	22	1733.89	488.4	2067.5	833.47	2
789	21	749.04	396.98	906.14	563.52	2
789	22	1733.53	482.78	2057.47	817.22	2
790	21	749.94	403.14	911.16	577.73	2
790	22	1732.78	478.18	2050.04	808.15	2
791	21	751.61	413.04	918.2	593.22	2
791	22	1732.56	472.62	2040.86	791.05	2
792	21	751.65	420	924.08	605.45	2
792	22	1731.85	468.06	2034.45	782.44	2
793	21	752.32	430.23	932.06	625.26	2
793	22	1731.63	461.85	2023.61	772.25	2
794	21	753.87	444.22	941.47	652.39	2
794	22	1732.28	454.36	2012.5	755.43	2
795	21	753.86	454.02	948.9	672.29	2
795	22	1732.56	449.79	2004.75	740.19	2
796	21	753.86	468.46	957.44	699.44	2
796	22	1733.37	443.58	1992.05	722.86	2
797	21	753.87	480.94	964.5	719.97	2
797	22	1734.38	438.14	1984.45	712.33	2
798	21	751.34	498.35	972.87	749.88	2
798	22	1737.51	432.99	1976.63	696.09	2
799	21	749.72	511.97	979.84	773.31	2
799	22	1739.32	427.95	1970.8	684.6	2
800	21	745.28	530.41	987.53	809.34	2
800	22	1741.33	420.2	1962.2	668.69	2
801	21	741.02	543.77	994.21	840.14	2
801	22	1742.71	414.22	1957.47	657.35	2
802	21	734.93	559.51	1003.66	887.04	2
802	22	1746.62	407.52	1951.31	644.25	2
803	21	729.4	572.41	1011.67	929.47	2
803	22	1748.66	402.62	1948.13	635.99	2
804	21	719.68	597.12	1022.89	996.81	2
804	22	1753.47	396.32	1945.92	621.26	2
805	21	710.87	619.19	1030.96	1053.7	2
805	22	1757.87	391.57	1945.46	611.01	2
806	21	696.74	656.22	1040.92	1139.74	2
806	22	1763.48	386	1946.93	596.92	2
807	21	678.1	703.35	1055.32	1247.37	2
807	22	1770.88	379.44	1949.05	580.72	2
808	21	661.42	740.72	1067.16	1334.2	2
808	22	1775.45	374.61	1950.68	572.8	2
809	21	637.4	799.18	1082.32	1408.05	2
809	22	1781.05	368.32	1954.13	560.87	2
810	21	614.28	846.71	1090.17	1438.14	2
810	22	1784.95	364.95	1956.15	552.34	2
811	21	579.01	921.42	1104.88	1449.19	2
811	22	1789.61	359.87	1959.68	540.9	2
812	21	586.24	985.26	1111.93	1450.32	2
812	22	1793.17	356.93	1963.03	533.9	2
813	21	591.1	1100.52	1098.08	1448.03	2
813	22	1798.37	351.29	1966.97	525.03	2
814	21	597.96	1202.14	1090.83	1444.56	2
814	22	1803.48	347.43	1970.45	517.52	2
815	22	1809.23	343.53	1975.08	508.44	2
816	22	1814.54	340.98	1978.09	502.22	2
817	22	1822.37	336.84	1981.84	494.25	2
818	22	1827.76	334.18	1983.84	489.06	2
819	22	1834.26	331.35	1985.85	480.07	2
820	22	1841.84	327.1	1985.83	471.07	2
821	22	1846.4	323.7	1984.36	465.5	2
822	22	1851.23	319.92	1972.75	457.71	2
823	22	1853.99	326.27	1967.03	453.23	2
824	22	1856.11	328.82	1964.48	448.63	2
825	22	1855.22	321.38	1965.81	445.29	2
826	22	1850.02	316.88	1963.54	437.49	2
827	22	1843.99	310.56	1962.09	432.23	2
828	22	1833.74	305.71	1959.6	426.53	2
829	22	1827.3	302.72	1956.76	422.01	2
830	22	1816.31	299.75	1953.1	419.28	2
831	22	1807.66	296.77	1949.17	417.17	2
832	22	1794.68	293.8	1942.54	411.25	2
833	22	1778.19	289.48	1933.62	407.28	2
834	22	1766.13	286.68	1926.39	401.33	2
835	22	1749.37	283.1	1914.67	395.31	2
836	22	1734.51	280.27	1903.4	390.6	2
837	22	1719.65	277.43	1892.12	385.88	2
838	22	1707.68	275.14	1881.96	381.85	2
839	22	1691.05	272.41	1865.33	377.17	2
840	22	1677.77	270.22	1853.99	372.26	2
841	22	1660.6	269.58	1836.9	368.62	2
842	22	1647.15	268.14	1824.1	364.77	2
843	22	1629.92	265.05	1805.14	358.8	2
844	22	1617.16	262.01	1792.35	355.46	2
845	22	1600.87	259	1773.41	351.04	2
846	22	1581.89	256.67	1752.08	346.9	2
847	22	1569.91	254.59	1738.56	343.54	2
848	22	1553.93	252.6	1722.02	339.11	2
849	22	1543.11	250.64	1705.03	336.32	2
850	22	1528.89	248.01	1686.48	332.76	2
851	22	1518.79	245.8	1674.84	329.6	2
852	22	1505.49	243.75	1657.67	325.91	2
853	22	1496.4	242.43	1644.51	324.04	2
854	22	1485.48	240.02	1628.12	320.81	2
855	22	1477.96	237.89	1618.02	319.1	2
856	22	1467.57	235.85	1602.72	315.92	2
857	22	1460.22	233.85	1592.33	312.87	2
858	22	1451.89	231.86	1578.94	309.19	2
859	22	1442.53	229.88	1564.45	306.63	2
860	22	1436.91	229.24	1555.07	303.8	2
861	22	1429.84	228.42	1544.76	300.87	2
862	22	1424.99	225.5	1537.52	298.59	2
863	22	1418.84	224.5	1526.55	295.85	2
864	22	1415	223.55	1519.07	294.3	2
865	22	1409.85	225.29	1510.03	291.15	2
866	22	1405.61	225.37	1503.19	289.47	2
867	22	1400.97	223.38	1494.33	286.92	2
868	22	1396.89	223.4	1488.22	286.11	2
869	22	1391.58	219.39	1480.96	284.57	2
870	22	1388.58	219.3	1475.35	282.74	2
871	22	1385.03	220.02	1468.25	280.83	2
872	22	1380.58	218.31	1461.3	278.87	2
873	22	1376.35	217.1	1458.89	279.31	2
874	22	1372.12	215.89	1456.48	279.74	2
875	22	1371.91	216.08	1449.02	274.9	2
876	22	1370.23	215.57	1441.73	271.76	2
877	22	1369.2	214.76	1437.34	269.33	2
878	22	1369.05	213.84	1431.89	265.81	2
879	22	1369.97	214.26	1428.88	262.56	2
1308	24	1211	194	1244	222	2
1309	24	1211	195	1244	223	2
1310	24	1211	196	1244	224	2
1310	26	2059	1348	2476	1438	2
1311	24	1211	196	1244	224.8	2
1311	26	1953	1236	2554	1432	2
1312	24	1211	196	1244	225.72	2
1312	26	1935.4	1196.8	2558	1433.6	2
1313	24	1210.22	196	1244	226.79	2
1313	26	1908.43	1126.03	2558.76	1432.44	2
1314	24	1209.98	196.73	1244.74	227.85	2
1314	26	1875.63	1050.04	2559.03	1431.34	2
1315	24	1209.91	196.98	1244.99	228.18	2
1315	26	1862.41	987.4	2552.6	1436.47	2
1316	24	1209.9	198.45	1245.07	229.65	2
1316	26	1839.15	930.78	2497.25	1433.91	2
1317	24	1209.91	198.97	1245.08	230.15	2
1317	26	1825.66	889.83	2450.48	1432.15	2
1318	24	1209.92	199.82	1245.08	231.66	2
1318	26	1810.71	842.42	2384.75	1427.72	2
1319	24	1209.93	200.12	1245.07	232.18	2
1319	26	1802.37	809.27	2340.25	1390.47	2
1320	24	1209.94	201.54	1245.73	233.67	2
1320	26	1792.58	772	2286.78	1313.55	2
1321	24	1209.95	202.05	1245.98	234.2	2
1321	26	1788.05	747.75	2251.79	1252.75	2
1322	24	1210.62	202.89	1246.06	235.69	2
1322	26	1784.38	710.81	2208.93	1176.24	2
1323	24	1210.21	203.84	1246.75	236.22	2
1323	26	1781.75	685.55	2181.48	1124.27	2
1324	24	1210.06	204.17	1247	237.7	2
1324	26	1779.24	657.86	2146.12	1061.48	2
1325	24	1210	204.93	1247.08	238.23	2
1325	26	1778.25	642.4	2124.84	1020.96	2
1326	24	1209.98	205.2	1247.11	239.71	2
1326	26	1775.4	622.86	2100.01	963.72	2
1327	24	1209.98	205.93	1247.11	240.89	2
1327	26	1772.65	599.14	2076.91	906.97	2
1328	24	1209.32	206.84	1247.1	241.96	2
1328	26	1772.07	583.64	2063.69	873.84	2
1329	24	1209.07	207.82	1248.4	242.99	2
1329	26	1771.39	564.91	2043.41	840.32	2
1330	24	1208.98	208.83	1248.89	244	2
1330	26	1770.71	553.56	2030.92	820.84	2
1331	24	1208.3	209.84	1249.07	245.66	2
1331	26	1772.79	541	2015.72	794.7	2
1332	24	1208.04	210.21	1249.78	246.91	2
1332	26	1774.4	533.01	2008.33	776.84	2
1333	24	1207.95	211.62	1250.04	248	2
1333	26	1779.29	519.33	2001.04	752.52	2
1334	24	1207.27	212.14	1250.78	249.03	2
1334	26	1782.45	510.64	1998.86	736.43	2
1335	24	1207.02	212.96	1251.05	250.04	2
1335	26	1785.63	497.98	1990.3	715.37	2
1336	24	1206.28	213.9	1251.14	251.04	2
1336	26	1788.15	490.19	1986.03	703.02	2
1337	24	1206	214.89	1251.17	252.7	2
1337	26	1791.09	482.59	1983.03	686.59	2
1338	24	1205.25	215.24	1250.52	253.94	2
1338	26	1793.46	475.8	1983.23	674.34	2
1339	24	1204.32	216	1250.25	255.68	2
1339	26	1798.39	465	1983.69	657.14	2
1340	24	1203.33	216.91	1250.15	257.61	2
1340	26	1802.84	454.85	1985.64	637.49	2
1341	24	1202.96	217.89	1250.75	258.31	2
1341	26	1806.39	449.13	1986.62	628.13	2
1342	24	1202.83	218.23	1250.98	260.49	2
1342	26	1812.36	439.99	1988.59	614.57	2
1343	24	1202.15	218.99	1251.06	261.93	2
1343	26	1816.44	433.11	1990.9	605.08	2
1344	24	1201.25	220.56	1250.43	263.09	2
1344	26	1822.56	426.31	1993.25	591.46	2
1345	24	1201.57	220.48	1250.18	264.79	2
1345	26	1826.68	420.25	1996.29	583.97	2
1345	27	1969	1316	2437	1438	2
1346	24	1200.4	221.72	1250.08	266.05	2
1346	26	1834.14	413.68	1998.83	570.95	2
1346	27	1924.2	1220	2508.2	1434.8	2
1347	24	1199.32	222.18	1250.05	267.14	2
1347	26	1838.73	409.71	2000.53	562.21	2
1347	27	1901.87	1172.79	2519.51	1434.29	2
1348	24	1198.92	222.33	1249.38	268.81	2
1348	26	1845.67	403.18	2002.56	550.78	2
1348	27	1867.48	1095.09	2548.78	1432.77	2
1349	24	1198.14	224.3	1249.12	270.06	2
1349	26	1850.72	398.47	2004.7	543.21	2
1349	27	1852.16	1045.22	2526.69	1431.53	2
1350	24	1197.2	225.69	1248.37	271.79	2
1350	26	1857.13	392.32	2006.86	532.84	2
1350	27	1827.48	976.2	2459.3	1432.21	2
1351	24	1196.87	226.2	1248.08	273.06	2
1351	26	1861.28	388.4	2007.64	524.21	2
1351	27	1809.05	926	2390.5	1432.51	2
1352	24	1195.45	227.66	1247.98	274.8	2
1352	26	1866.68	382.51	2007.92	514.81	2
1352	27	1792.34	877.05	2318.63	1395.42	2
1353	24	1193.63	228.85	1247.29	276.72	2
1353	26	1871.83	376.59	2008.02	503.73	2
1353	27	1777.69	824.24	2254.28	1316.27	2
1354	24	1192.3	229.92	1246.38	277.41	2
1354	26	1874.83	372.73	2007.36	497.57	2
1354	27	1769.53	792.04	2215.09	1252.45	2
1355	24	1190.51	230.95	1245.39	279.59	2
1355	26	1879.13	367.51	2006.43	489.66	2
1355	27	1761.9	754.35	2172.3	1178.09	2
1356	24	1189.2	231.97	1245.02	281.02	2
1356	26	1881.83	363.85	2004.72	483.18	2
1356	27	1758.11	725.73	2145.72	1128.73	2
1357	24	1186.78	232.97	1244.24	282.82	2
1357	26	1882.59	358.7	2001.36	475.83	2
1357	27	1755.35	695.18	2112.86	1066.45	2
1358	24	1185.24	233.98	1243.3	283.46	2
1358	26	1881.98	355.72	1998.12	469.5	2
1358	27	1754.42	676.9	2092.44	1027.79	2
1359	24	1182.73	234.98	1242.3	285.61	2
1359	26	1879.55	350.8	1994.26	464.23	2
1359	27	1753.14	655.49	2068.63	978.79	2
1360	24	1181.16	235.98	1241.28	287.03	2
1360	26	1875.84	347.87	1991.57	459.26	2
1360	27	1752.46	639.94	2053.12	943.8	2
1361	24	1178.65	236.99	1240.26	288.83	2
1361	26	1869.71	344.32	1987.28	450.36	2
1361	27	1750.39	617.88	2034.32	903.04	2
1362	24	1177.08	237.99	1239.24	289.47	2
1362	26	1864.74	339.16	1983.76	445.48	2
1362	27	1750.01	600.44	2021.59	876.33	2
1363	24	1173.27	238.99	1237.56	290.96	2
1363	26	1856.22	334.77	1978.53	437.22	2
1363	27	1751.55	585.12	2004.98	845.51	2
1364	24	1170.57	239.99	1235.65	291.48	2
1364	26	1849.11	332.05	1974.02	432.54	2
1364	27	1750.88	575.55	1992.82	823.03	2
1365	24	1165.69	240.33	1233.63	292.94	2
1365	26	1838.57	329.21	1967.15	425.71	2
1365	27	1751.52	562.9	1981.93	797.13	2
1366	24	1161.94	241.74	1231.6	294.75	2
1366	26	1826.15	324.28	1958.1	418.8	2
1366	27	1751.87	548.37	1970.71	772.78	2
1367	24	1158.61	242.24	1229.55	295.4	2
1367	26	1816.94	321.33	1950.85	414.57	2
1367	27	1752.11	539.4	1965.03	758.03	2
1368	24	1152.88	243.06	1226.85	297.56	2
1368	26	1802.44	317.72	1940.37	409.94	2
1368	27	1759.31	526.67	1957.46	739.49	2
1369	24	1149.45	243.34	1225.2	298.99	2
1369	26	1792.52	315.23	1932.61	405.15	2
1369	27	1763.32	517.45	1954.38	724.45	2
1370	24	1144.98	244.71	1222.03	300.79	2
1370	26	1777.82	311.1	1920.69	400.97	2
1370	27	1766.76	508.05	1952.48	708.51	2
1371	24	1142.04	245.21	1219.55	302.08	2
1371	26	1766.53	308.4	1910.44	396.99	2
1371	27	1770.01	502.68	1951.65	699.11	2
1372	24	1137.11	246.02	1216.69	303.83	2
1372	26	1750.69	304.2	1896.93	390.38	2
1372	27	1774.58	492.44	1953.9	681.56	2
1373	24	1133.37	246.96	1215	305.1	2
1373	26	1739.02	302.84	1886.76	386.87	2
1373	27	1778.18	485.31	1956.42	671.46	2
1374	24	1128.16	248.59	1211.82	307.5	2
1374	26	1721.79	299.1	1870.73	382.44	2
1374	27	1784.87	475.05	1961.03	652.88	2
1375	24	1123.01	249.84	1209.35	308.36	2
1375	26	1710.26	297.21	1858.97	379.02	2
1375	27	1789.91	467.16	1964.29	639.56	2
1376	24	1116.62	250.93	1204.6	310.6	2
1376	26	1693.09	292.6	1842.97	373.94	2
1376	27	1796.38	457.28	1969.73	624.61	2
1376	28	1969	1266	2478	1436	2
1377	24	1112.31	251.97	1201.51	312.05	2
1377	26	1680.35	290.38	1830.65	370.27	2
1377	27	1801.98	450.84	1973.85	615.28	2
1377	28	1953.8	1222.8	2481.2	1434.4	2
1378	24	1104.95	252.99	1197.16	313.86	2
1378	26	1664.07	287.01	1813.84	365.76	2
1378	27	1811.32	440.77	1980.19	601	2
1378	28	1925.76	1149.16	2477.24	1434.11	2
1379	24	1096.44	254.64	1191.69	315.15	2
1379	26	1646.43	284.57	1794.64	360.27	2
1379	27	1822.03	431.46	1986.63	586.32	2
1379	28	1895.62	1067.84	2446.4	1433.36	2
1380	24	1090.04	256.55	1187.71	316.24	2
1380	26	1634.24	282.47	1781.17	357.13	2
1380	27	1829.11	425.86	1990.35	577	2
1380	28	1876.84	1009.7	2425.78	1433.03	2
1381	24	1081.27	258.56	1181.75	318.57	2
1381	26	1618.18	279.8	1763.29	352.79	2
1381	27	1838.94	418.11	1995.76	564.04	2
1381	28	1857.92	945.79	2370.65	1433.5	2
1382	24	1074.14	259.93	1176.94	320.05	2
1382	26	1607.3	278.28	1750.38	350.06	2
1382	27	1846.34	413.73	1999.05	555.29	2
1382	28	1846.21	902.13	2328.63	1421.15	2
1383	24	1063.18	261.06	1170.03	322.53	2
1383	26	1592.41	275.82	1732.72	346.55	2
1383	27	1855.58	407.06	2003.59	544.55	2
1383	28	1833.24	854.22	2274.91	1349.84	2
1384	24	1053.31	261.45	1164.24	323.42	2
1384	26	1582	274.36	1721.29	344.77	2
1384	27	1861.36	403.01	2006.52	536.52	2
1384	28	1825.62	822.11	2240.45	1288.26	2
1385	24	1042.6	262.86	1155.7	325.66	2
1385	26	1567.94	271.24	1704.87	342.27	2
1385	27	1869.99	397.11	2007.49	523.24	2
1385	28	1817.42	781.79	2197.61	1207.46	2
1386	24	1034.09	264.67	1149.25	327.11	2
1386	26	1558.52	270.19	1692.58	339.48	2
1386	27	1875.53	393.34	2008.43	517.09	2
1386	28	1813.41	752.64	2170.83	1151.78	2
1387	24	1020.71	266.63	1139.16	330.23	2
1387	26	1546.16	268.58	1677.17	335.93	2
1387	27	1882.04	387.47	2007.99	508.51	2
1387	28	1808.4	716.96	2137.04	1086.27	2
1388	24	1010.58	267.33	1131.52	332.01	2
1388	26	1536.04	266.74	1665.97	334.11	2
1388	27	1885.4	382.24	2004.96	502.53	2
1388	28	1805.98	695.77	2116.22	1041.09	2
1389	24	995.94	269.51	1120.35	334.58	2
1389	26	1524.06	264.81	1650.29	330.22	2
1389	27	1887.66	375.19	2001.75	493.32	2
1389	28	1802.77	674.44	2090.76	982.85	2
1390	24	984.06	270.3	1111.67	336.81	2
1390	26	1515.44	262.17	1639.68	327.58	2
1390	27	1887.47	370.88	1999.2	486.36	2
1390	28	1801.49	659.61	2076.14	940.37	2
1391	24	970.05	271.86	1098.83	339.55	2
1391	26	1504.67	259.95	1625.54	325.4	2
1391	27	1884.44	365.52	1994.86	477.48	2
1391	28	1801.4	637.35	2056.12	887.86	2
1392	24	952.62	273.71	1084.34	343.14	2
1392	26	1493.09	257.22	1610.76	322.05	2
1392	27	1877.7	358.4	1989.9	467.88	2
1392	28	1801.76	613.86	2037.26	845.47	2
1393	24	941	275.03	1073.14	345.75	2
1393	26	1485.29	255.62	1601.2	319.6	2
1393	27	1873.18	354.74	1986.82	461.43	2
1393	28	1802.17	599.76	2026.7	820.48	2
1394	24	924.53	278.08	1058.68	349.28	2
1394	26	1476.14	253.79	1588.1	316.14	2
1394	27	1864.74	349.6	1981.05	452.7	2
1394	28	1802.47	582.86	2014.21	791.82	2
1395	24	912.68	279.21	1048.18	351.86	2
1395	26	1469.91	251.86	1579.15	313.66	2
1395	27	1858.94	348.03	1976.32	447.93	2
1395	28	1803.47	572.85	2007.61	772.61	2
1396	24	897.45	280.9	1033.39	355.37	2
1396	26	1461.29	250.57	1567.6	310.85	2
1396	27	1849.46	342.91	1968.65	440.45	2
1396	28	1808.19	557.88	2000.55	745.76	2
1396	29	1211	197	1248	234	2
1397	24	885.45	282.14	1022.13	357.3	2
1397	26	1455.2	248.84	1559.87	309.28	2
1397	27	1841.98	338.56	1962.57	432.66	2
1397	28	1810.62	549.01	1996.27	728.38	2
1397	29	1211	197.8	1248.8	234.8	2
1398	24	869.51	284.52	1007.71	361.2	2
1398	26	1447.96	246.27	1549.41	306.8	2
1398	27	1830.65	334.5	1953.13	426.14	2
1398	28	1813.58	535.63	1990.52	711.18	2
1398	29	1211	198.72	1249.72	235.72	2
1399	24	857.93	285.38	996.65	363.91	2
1399	26	1442.35	244.72	1542.06	304.65	2
1399	27	1822.52	331.21	1945.75	422.11	2
1399	28	1816.03	525.53	1987.84	698.76	2
1399	29	1211	199.03	1250.03	236.03	2
1400	24	842.82	288.25	982.31	368.11	2
1400	26	1435.93	242.9	1531.7	301.96	2
1400	27	1809.69	326.82	1935.2	414.84	2
1400	28	1818.95	513.74	1987.44	680.27	2
1400	29	1211.74	199.85	1250.85	237.6	2
1401	24	831.57	289.96	971.31	370.94	2
1401	26	1431.29	241.64	1525.05	299.74	2
1401	27	1799.74	323.4	1926.79	411.2	2
1401	28	1822.03	505.56	1988.44	667.33	2
1401	29	1211.99	200.82	1251.82	238.82	2
1402	24	817.25	292.51	957.67	375.18	2
1402	26	1425.17	239.24	1516.27	297.69	2
1402	27	1785.64	318.95	1913.93	404.73	2
1402	28	1825.14	494.36	1991.91	649.92	2
1402	29	1212.07	201.83	1252.13	239.9	2
1403	24	807.63	294.73	946.95	378.02	2
1403	26	1420.58	237.75	1510.15	295.03	2
1403	27	1775.22	316.17	1904	399.97	2
1403	28	1830.29	486.95	1994.77	638.59	2
1403	29	1211.4	202.17	1252.9	241.63	2
1404	24	794.58	298.13	933.42	382.27	2
1404	26	1415.83	237.29	1502.22	292.81	2
1404	27	1760.33	311.27	1889.28	393.77	2
1404	28	1838.24	475.95	1999.49	620.96	2
1404	29	1211.15	202.94	1253.17	243.57	2
1405	24	782.18	300.02	919.48	387.05	2
1405	26	1409.66	236.53	1492.95	290.08	2
1405	27	1742.43	306.96	1872.76	387.73	2
1405	28	1847.16	465.06	2006.86	605.98	2
1405	29	1211.05	203.86	1253.9	244.92	2
1406	24	773.34	302.63	910.01	391.37	2
1406	26	1405.7	236.33	1487.31	288.51	2
1406	27	1729.36	303.55	1860.22	383.78	2
1406	28	1853.63	458.34	2011.66	596.02	2
1406	29	1211.01	204.85	1254.82	246.04	2
1407	24	761.86	306.16	897.62	396.17	2
1407	26	1402.51	237	1480.19	287.38	2
1407	27	1712.89	299.77	1843.27	377.18	2
1407	28	1863.29	449.6	2020.27	583.63	2
1407	29	1211	205.2	1254.49	248.4	2
1408	24	754.69	308.11	889.41	400.51	2
1408	26	1398.92	237.31	1476.02	285.71	2
1408	27	1701.05	296.55	1830.59	373.02	2
1408	28	1870.69	444.26	2027.49	574.5	2
1408	29	1211	205.96	1255	249.26	2
1409	24	746.48	310.73	878.81	407.24	2
1409	26	1394.45	236.1	1469.37	284.53	2
1409	27	1684.4	292.83	1813.61	367.01	2
1409	28	1881.96	437.35	2040.21	563.03	2
1409	29	1210.34	207.54	1255.83	250.84	2
1410	24	741.2	312.96	871.96	411.66	2
1410	26	1391.04	233.68	1465.28	283.5	2
1410	27	1671.25	289.62	1800.33	363.73	2
1410	28	1890.58	432.62	2048.83	554.85	2
1410	29	1210.09	208.11	1256.13	252.06	2
1411	24	734.33	316.98	863.17	417.77	2
1411	26	1387.3	232.83	1459.35	281.85	2
1411	27	1654.8	286.58	1782.51	358.7	2
1411	28	1902.91	426.54	2062.64	545.01	2
1411	29	1209.34	208.96	1256.22	253.78	2
1412	24	730.18	321.05	857.64	420.66	2
1412	26	1389.61	232.56	1454.8	280.66	2
1412	27	1643.07	284.29	1769.6	355.08	2
1412	28	1913.24	423.42	2073.61	538.71	2
1412	29	1209.06	209.26	1256.24	255.04	2
1413	24	726.35	323.84	850.65	428.79	2
1413	26	1382.34	231.84	1448.71	278.95	2
1413	27	1626.51	281.57	1751.94	351.28	2
1413	28	1926.8	418.55	2088.84	530.16	2
1413	29	1208.3	210.64	1256.23	256.78	2
1414	24	723.99	326.77	846.46	434.34	2
1414	26	1379.3	230.95	1444.72	277.72	2
1414	27	1614.78	280.06	1738.48	346.73	2
1414	28	1936.89	415.8	2100.29	524.93	2
1414	29	1207.37	211.15	1256.21	258.06	2
1415	24	721.43	330.41	841.26	441.51	2
1415	27	1599.55	276.94	1721.29	342.58	2
1415	28	1952.95	412.39	2116.92	518.75	2
1415	29	1206.37	212.62	1256.84	260.45	2
1416	24	720.15	333.67	839.04	447.37	2
1416	27	1587.7	274.59	1708.05	339.25	2
1416	28	1964.64	410.09	2130.2	514.28	2
1416	29	1205.35	213.81	1258.36	261.32	2
1417	24	718.6	338.07	836.51	455.93	2
1417	27	1573.09	271.83	1690.96	335.52	2
1417	28	1981.89	406.8	2140.84	507.63	2
1417	29	1202.41	214.89	1257.03	264.22	2
1418	24	718.28	344.17	837.22	465.51	2
1418	27	1557.46	269.6	1672.41	330.98	2
1418	28	2002.09	403.83	2145.8	501.56	2
1418	29	1201.26	215.92	1255.84	266.57	2
1419	24	718.36	349.04	839.71	473.59	2
1419	27	1547.51	268.25	1660.09	328.17	2
1419	28	2016.58	401.63	2175.5	497.74	2
1419	29	1200.84	216.94	1255.36	268.08	2
1420	24	719.87	354.05	844.79	482.34	2
1420	27	1534.28	264.48	1644.69	325.3	2
1420	28	2036.51	399.68	2201.04	491.93	2
1420	29	1200.05	218.6	1255.81	269.9	2
1421	24	720.59	357.83	848.17	489.42	2
1421	27	1525.91	262.54	1634.9	323.06	2
1421	28	2051	398.53	2217.78	488.17	2
1421	29	1199.77	219.2	1255.34	271.19	2
1422	24	722.96	364.32	854.84	500.97	2
1422	27	1513.24	259.25	1620.42	319.72	2
1422	28	2071.8	397.61	2240.1	485.1	2
1422	29	1198.38	220.05	1255.15	272.93	2
1423	24	723.97	368.03	860.06	509.77	2
1423	27	1504.37	256.81	1610.27	317.3	2
1423	28	2085.81	396.76	2255.34	482.93	2
1423	29	1197.23	220.35	1255.07	274.84	2
1424	24	725.74	375.75	867.32	518.13	2
1424	27	1494.2	255.34	1597	313.87	2
1424	28	2108.35	395.23	2279.65	481.05	2
1424	29	1194.86	221.08	1254.39	276.82	2
1425	24	727.78	380.59	873.38	529.54	2
1425	27	1486.93	253.58	1588.66	311.42	2
1425	28	2143.93	394.12	2294.28	479.24	2
1425	29	1192.69	222.63	1253.48	278.18	2
1426	24	730.57	387.46	882.2	539.51	2
1426	27	1477.98	251.02	1576.67	308.65	2
1426	28	2167.83	393.16	2317.43	478.13	2
1426	29	1189.29	224.5	1252.49	280.59	2
1427	24	732.34	393.23	888.81	547.68	2
1427	27	1471.13	250.17	1568.78	306.42	2
1427	28	2175.72	392.91	2333.84	477.91	2
1427	29	1187.36	225.83	1251.46	282.11	2
1428	24	735	401.77	896.51	563.47	2
1428	27	1462.29	247.95	1557.61	303.72	2
1428	28	2192.04	393.58	2355.86	475.98	2
1428	29	1184.07	227.61	1249.13	283.94	2
1429	24	737.35	408.15	902.03	577.04	2
1429	27	1456.12	246.55	1549.98	302.19	2
1429	28	2206.2	394.62	2372.23	474.11	2
1429	29	1182.19	228.91	1247.59	285.88	2
1430	24	738.93	416.88	909.91	595.48	2
1430	27	1448.19	244.78	1539.56	299.06	2
1430	28	2229.98	396.44	2396.19	476.33	2
1430	29	1178.93	230.02	1245.71	287.87	2
1431	24	739.56	427.13	918.02	614.53	2
1431	27	1439.61	243.56	1529.47	296.01	2
1431	28	2255.52	396.46	2421.78	475.19	2
1431	29	1173.84	231.06	1243.71	289.87	2
1432	24	738.53	436.12	923.66	632.57	2
1432	27	1434.16	242.52	1522.19	294.36	2
1432	28	2274.45	396.51	2440.05	475.57	2
1432	29	1170.01	232.06	1242.32	291.23	2
1433	24	739.4	448.36	930.24	651.44	2
1433	27	1427.83	241.55	1513.22	291.84	2
1433	28	2300.06	398.57	2463.41	475.12	2
1433	29	1164.73	233.72	1240.52	292.99	2
1434	24	739.75	457.49	934.64	666.86	2
1434	27	1423.19	241.28	1507.03	290.37	2
1434	28	2317.62	401.42	2479.45	471	2
1434	29	1160.18	234.96	1239.2	294.26	2
1435	24	738.61	470.43	942.01	692.28	2
1435	27	1417.1	239.9	1497.74	288.59	2
1435	28	2342.73	401.1	2501.99	473.81	2
1435	29	1154	236.05	1236.17	295.33	2
1436	24	736.9	481.02	946.68	712.06	2
1436	27	1413.9	239.45	1492.1	287.37	2
1436	28	2361.37	402.33	2516.34	474.74	2
1436	29	1149.1	237.07	1233.73	296.99	2
1437	24	734.31	497.04	952.22	741.05	2
1437	27	1408.97	238.68	1484.33	286.35	2
1437	28	2385.58	404.14	2536.28	471.81	2
1437	29	1141.52	238.73	1229.62	299.52	2
1438	24	730.76	508.23	956.19	765.4	2
1438	27	1406.16	239.13	1478.52	285.4	2
1438	28	2405.15	406.89	2542.86	471.48	2
1438	29	1135.46	239.33	1226.77	301.74	2
1439	24	723.64	525.66	961.44	788.54	2
1439	27	1401.33	237.32	1472.04	283.79	2
1439	28	2430.54	412.67	2559.33	466.6	2
1439	29	1126.82	240.81	1222.51	304.48	2
1440	24	718.97	538.73	964.66	812.52	2
1440	27	1398.5	235.37	1466.66	282.61	2
1440	28	2448.94	414.72	2564.3	463.48	2
1440	29	1120.98	241.35	1219.61	306.13	2
1441	24	710.8	554.38	967.7	851.88	2
1441	27	1394.33	234.02	1460.3	280.24	2
1441	28	2475.48	418.22	2564.92	458.21	2
1441	29	1111.8	242.16	1214.7	309.29	2
1442	24	704.45	565.37	970.05	878.9	2
1442	27	1392.41	233.58	1455.63	278.77	2
1442	28	2493.85	421.53	2563.37	455.92	2
1442	29	1105.14	242.44	1211.55	311.1	2
1443	24	693.11	584.53	977.83	929.98	2
1443	29	1095.02	245.1	1205.93	313.02	2
1444	24	677.43	612.35	983.93	997.46	2
1444	29	1082.93	246.74	1198.71	316.3	2
1445	24	664.99	635.71	989.39	1051.46	2
1445	29	1073.86	247.34	1193.39	318.14	2
1446	24	647.56	670.89	995.85	1130.97	2
1446	29	1060.92	249.47	1185.65	320.72	2
1447	24	632.6	696.59	1000.82	1193.99	2
1447	29	1052.82	252.2	1179.52	322.29	2
1448	24	609.23	739.96	1008.94	1291.65	2
1448	29	1040.26	254.52	1170.82	324.78	2
1449	24	589.48	777.48	1015.19	1371.71	2
1449	29	1030.44	256	1164.33	326.96	2
1450	24	558.04	836.14	1016.98	1423.04	2
1450	29	1016.59	256.52	1155.53	329.68	2
1451	24	530.69	883.93	1016.98	1443.23	2
1451	29	1006.93	257.96	1148.38	331.95	2
1452	24	488.14	957.08	1024.9	1449.45	2
1452	29	992.5	260.43	1137.4	334.7	2
1453	24	500.65	1019.45	1019.44	1448.62	2
1453	29	980.72	261.97	1129.42	336.98	2
1454	24	503.06	1133.55	1014.87	1445.59	2
1454	29	964.86	263.82	1119.42	339.73	2
1455	24	508.86	1232.6	1007.82	1442.6	2
1455	29	953.81	265.12	1109.94	342.01	2
1456	29	937.6	265.57	1098.06	345.41	2
1457	29	921.33	267.64	1083.38	348.58	2
1458	29	910.81	269.69	1073.36	351.02	2
1459	29	894.17	271.08	1060.01	354.48	2
1459	30	2040	1122	2559	1432	2
1460	29	882.28	272.86	1049.96	357.02	2
1460	30	1974.4	1084.4	2559	1432	2
1461	29	866.42	274.79	1036.64	360.51	2
1461	30	1912.59	1027.7	2558.26	1431.26	2
1462	29	855.49	276.13	1025.95	363.06	2
1462	30	1872.98	962.97	2558.71	1430.98	2
1463	29	841.95	276.59	1013.04	367.85	2
1463	30	1836.36	895.85	2538.49	1428.9	2
1464	29	831.31	277.37	1003.19	370.25	2
1464	30	1813.65	846.67	2489.55	1427.43	2
1465	29	817.22	281.49	990.62	374.32	2
1465	30	1793.51	784.7	2533.63	1435.08	2
1466	29	807.67	284.35	980.27	377.09	2
1466	30	1779.38	731.55	2549	1437.61	2
1467	29	794.65	286.04	966.85	381.31	2
1467	30	1770.62	697.99	2555.94	1438.66	2
1468	29	784.88	287.28	957.52	384.13	2
1468	30	1750.1	655.46	2558.04	1439.09	2
1469	29	772.41	289.64	944.5	389	2
1469	30	1743.66	627.02	2558.84	1439.24	2
1470	29	760.22	292.44	931.38	394.65	2
1470	30	1735	581.43	2559.13	1439.29	2
1471	29	752.75	294.11	921.53	398.68	2
1471	30	1729.21	554.21	2559.23	1439.91	2
1472	29	743.13	297.92	908.97	404.64	2
1472	30	1710.16	517.77	2559.9	1439.53	2
1473	29	737.98	300.63	901.36	409.42	2
1473	30	1708.61	498.09	2559.49	1439.36	2
1474	29	731.17	303.55	892.29	415.03	2
1474	30	1698.39	486.03	2558.01	1432.96	2
1475	29	727.05	305.9	885.99	419.65	2
1475	30	1693.75	477.05	2556.77	1428.46	2
1476	29	722.57	306.1	876.71	425.19	2
1476	30	1690.63	467.2	2554.33	1429.25	2
1477	29	720	308.68	870.34	429.14	2
1477	30	1688.7	461.98	2548.16	1428.93	2
1478	29	717.39	314.13	861.66	435.69	2
1478	30	1689.82	448.96	2553.02	1425.61	2
1479	29	716.81	317.47	857.56	440.67	2
1479	30	1690.03	439.81	2556.2	1423.68	2
1480	29	714.85	321.92	852.37	447.63	2
1480	30	1690.53	428.91	2522.69	1363.5	2
1481	29	712.38	324.85	849.49	453.4	2
1481	30	1692.58	423.56	2493.05	1317.2	2
1482	29	710.34	328.47	848.74	460.65	2
1482	30	1691.72	421.33	2446.57	1251.36	2
1483	29	709.78	333.66	851.39	469.1	2
1483	30	1693.83	415.68	2397.68	1182.35	2
1483	31	1206	189	1238	218	2
1484	29	710.4	336.88	854.57	476.09	2
1484	30	1697.02	409.92	2366.07	1182.42	2
1484	31	1206	189	1238	218	2
1485	29	712.11	341.89	859.92	485.06	2
1485	30	1699.77	400.22	2329.38	1141.18	2
1485	31	1204.46	189	1237.23	218.77	2
1486	29	713.54	345.03	864.05	491.6	2
1486	30	1700.97	394.18	2304.05	1107.09	2
1486	31	1203.94	189	1236.97	219.03	2
1487	29	716.17	350.01	870.33	501.67	2
1487	30	1705.01	387.27	2271.1	1059.54	2
1487	31	1203.08	190.49	1236.91	219.83	2
1488	29	717.9	353.77	874.76	510.54	2
1488	30	1707.29	382.81	2250.12	1033.3	2
1488	31	1202.11	190.98	1236.9	221.54	2
1489	29	721.26	359.62	882.38	519.57	2
1489	30	1710.24	374.91	2223.62	989.38	2
1489	31	1201.79	192.52	1236.91	222.79	2
1490	29	723.89	364.37	889.22	528.68	2
1490	30	1712.03	368.58	2207.13	967.49	2
1490	31	1201.72	193.06	1236.93	223.89	2
1491	29	728.18	369.95	898.33	537.79	2
1491	30	1715.46	366.82	2187.06	936.16	2
1491	31	1201.05	193.91	1236.94	225.61	2
1492	29	731.16	374.58	905.06	545.62	2
1492	30	1717.36	366.08	2173.47	914.67	2
1492	31	1200.53	194.5	1237.31	226.75	2
1493	29	734.91	380.76	915.38	552.94	2
1493	30	1720.79	359.99	2152.95	889.68	2
1493	31	1200.02	195.09	1237.68	227.89	2
1494	29	737.64	386.27	922.52	565.23	2
1494	30	1724.76	355.45	2140.54	873.83	2
1494	31	1200.56	195.29	1237.83	228.94	2
1495	29	741.28	394.04	932.3	575.53	2
1495	30	1729.58	349.35	2125.25	861.09	2
1495	31	1200.1	196.01	1237.89	230.61	2
1496	29	745.24	402.1	943.7	586.39	2
1496	30	1733.28	345.43	2110.37	843.21	2
1496	31	1199.94	197.56	1237.92	232.52	2
1497	29	748.04	407.65	951.23	594.21	2
1497	30	1734.45	341.61	2099.8	826.21	2
1497	31	1199.23	198.79	1237.93	233.22	2
1498	29	751.03	416.1	961.1	622.18	2
1498	30	1738.96	338.49	2088.53	810.85	2
1498	31	1198.97	199.22	1237.94	234.75	2
1499	29	753.44	423.03	968.65	637.09	2
1499	30	1742.53	335.59	2079.13	791.22	2
1499	31	1198.23	199.36	1237.95	235.95	2
1500	29	756.9	431.98	979.13	659.25	2
1500	30	1747.14	330.01	2068.9	808.61	2
1500	31	1197.96	200.69	1237.96	237.03	2
1501	29	758.84	439.79	986.9	672.78	2
1501	30	1751.42	326.81	2061.17	780.28	2
1501	31	1197.87	201.17	1237.96	238.05	2
1502	29	761.47	450.34	996.8	694.32	2
1502	30	1755.56	322.54	2051.43	758.84	2
1502	31	1197.19	202.63	1237.97	239.71	2
1503	29	762.45	458.13	1005.61	710.07	2
1503	30	1757.55	319.87	2044.49	751.95	2
1503	31	1196.94	202.51	1237.97	240.96	2
1504	29	764.06	468.64	1016.53	732.43	2
1504	30	1759.49	318.41	2036.34	735.83	2
1504	31	1196.21	203.74	1237.97	242.69	2
1505	29	764.64	478.3	1025.08	741.55	2
1505	30	1760.73	316.06	2031.96	726.65	2
1505	31	1195.94	204.84	1237.98	243.97	2
1506	29	765.45	492.17	1037.8	773.52	2
1506	30	1760.35	314.71	2023.95	715.14	2
1506	31	1195.85	206.53	1237.98	245.72	2
1507	29	765.72	501.17	1046.4	796.91	2
1507	30	1760.1	313.03	2018.13	705.51	2
1507	31	1195.83	207.15	1237.98	247	2
1508	29	763.87	514.62	1057.21	827.89	2
1508	30	1760.61	311.9	2013.04	692.44	2
1508	31	1195.18	208.01	1237.98	248.75	2
1509	29	761.83	529.83	1070.12	865.58	2
1509	30	1762.09	310.28	2008.19	682.89	2
1509	31	1194.29	208.96	1237.98	250.68	2
1510	29	759.73	540.08	1079.44	888.98	2
1510	30	1763.24	309.15	2004.79	674.58	2
1510	31	1193.96	209.3	1238.64	252.02	2
1511	29	755.7	552.11	1094.29	936.23	2
1511	30	1764.26	308.18	2001.16	663.96	2
1511	31	1193.2	210.69	1238.89	253.79	2
1512	29	751.57	560.46	1104.98	970.03	2
1512	30	1765.24	307.26	1998.82	655.91	2
1512	31	1192.92	211.85	1238.98	255.08	2
1513	29	744.23	575.39	1118.44	1031.7	2
1513	30	1765.54	305.67	2009.16	635.81	2
1513	31	1192.17	212.92	1239.02	256.82	2
1514	29	737.55	590.44	1128.59	1074.49	2
1514	30	1770.41	307.64	2013.19	629.43	2
1514	31	1191.9	213.95	1239.03	258.74	2
1515	29	725.45	615.57	1142.44	1145.93	2
1515	30	1775.27	309.61	2017.21	623.06	2
1515	31	1191.16	214.96	1239.68	260.73	2
1516	29	716.29	634.73	1154.6	1206.19	2
1516	30	1773.63	301.16	2021.83	620.98	2
1516	31	1190.89	215.32	1239.93	262.1	2
1517	29	701.36	662.02	1170.5	1294.22	2
1517	30	1776.33	297.66	2027.41	616.99	2
1517	31	1190.16	216.72	1239.37	263.86	2
1518	29	689.23	685.12	1183.48	1357.53	2
1518	30	1779.35	296.6	2032.13	613.08	2
1518	31	1189.89	217.23	1239.8	265.14	2
1519	29	664.41	721.47	1200.92	1415.47	2
1519	30	1783.78	295.79	2039.14	606.52	2
1519	31	1189.15	218.69	1239.97	266.88	2
1520	29	639.11	751.57	1214.5	1438.66	2
1520	30	1786.77	294.38	2043.72	600.96	2
1520	31	1188.89	219.23	1240.03	268.8	2
1521	29	606.36	800.65	1236.17	1443.79	2
1521	30	1790.51	293.37	2048.01	593.09	2
1521	31	1187.5	220.05	1240.04	270.78	2
1522	29	573.6	849.73	1257.84	1448.91	2
1522	30	1795.19	292.52	2056.12	585.04	2
1522	31	1186.33	221.63	1240.05	272.79	2
1523	29	618.86	896.24	1212.49	1441.33	2
1523	30	1798.23	291.69	2060.41	580.31	2
1523	31	1185.9	222.21	1240.05	274.16	2
1524	29	628.72	973.06	1193.62	1445.68	2
1524	30	1803.26	290.18	2069.15	574.77	2
1524	31	1184.46	224.35	1239.39	275.92	2
1525	29	635.48	1025.74	1181.01	1445.93	2
1525	30	1806.42	289.08	2074.31	570.29	2
1525	31	1183.27	225.14	1239.14	277.2	2
1526	29	626.53	1130.14	1188.46	1445.84	2
1526	30	1812.79	288.13	2080.73	564.18	2
1526	31	1181.54	226.71	1238.39	279.58	2
1527	29	637.01	1201.32	1184.63	1443.11	2
1527	30	1816.45	287.89	2086.96	560.14	2
1527	31	1180.25	227.92	1237.46	281.09	2
1528	29	613.03	1329.79	1225.83	1441.45	2
1528	30	1821.03	287.9	2095.73	555.53	2
1528	31	1178.48	229.01	1236.45	282.92	2
1529	30	1824.64	288	2102.83	552.04	2
1529	31	1176.53	229.38	1236.07	284.21	2
1530	30	1829.18	288.12	2111.25	547.62	2
1530	31	1173.87	230.79	1234.64	286.6	2
1531	30	1833.42	288.23	2118.21	544.86	2
1531	31	1172.23	231.95	1234.09	288.11	2
1532	30	1840.15	286.98	2127.21	540.01	2
1532	31	1168.4	233	1232.6	289.93	2
1533	30	1844.57	286.57	2133.06	536.41	2
1533	31	1165.04	234.02	1231.39	291.22	2
1534	30	1850.71	286.48	2138.35	532.58	2
1534	31	1161.2	235.68	1229.65	292.31	2
1535	30	1857.51	286.49	2146.71	528.68	2
1535	31	1155.27	237.59	1227.07	293.97	2
1536	30	1862.57	287.21	2154.26	526.08	2
1536	31	1151.1	238.27	1224.81	295.2	2
1537	30	1870.9	288.86	2164.78	521.94	2
1537	31	1146.32	239.8	1222.02	296.92	2
1538	30	1876.53	289.49	2178.38	519.25	2
1538	31	1141.33	241	1219.68	298.83	2
1539	30	1885.03	291.09	2195.69	516.42	2
1539	31	1135.63	242.06	1216.24	300.16	2
1540	30	1890.74	288.98	2206.65	513.52	2
1540	31	1130.92	241.77	1213.01	301.91	2
1541	30	1899.89	290.24	2220.32	509.92	2
1541	31	1123.4	241.63	1209.23	304.48	2
1542	30	1907.14	289.36	2229.83	508.08	2
1542	31	1117.38	242.19	1206.52	306.71	2
1543	30	1916.24	289.72	2242.93	504.86	2
1543	31	1108.75	244.31	1201.69	309.46	2
1544	30	1924.08	289.19	2254.14	502.47	2
1544	31	1102.28	245.11	1197.3	311.76	2
1545	30	1935.34	286.98	2267.23	499.04	2
1545	31	1092.2	247.32	1191.16	313.88	2
1545	32	2102	1358	2526	1438	2
1546	30	1944.01	287.52	2277.12	497.24	2
1546	31	1085.2	248.79	1185.65	315.28	2
1546	32	2042	1304.4	2532.4	1434.8	2
1547	30	1956.88	285.72	2295.57	486.64	2
1547	31	1074.27	248.67	1179.07	318.36	2
1547	32	1968.55	1219.13	2551.94	1434.93	2
1548	30	1964.81	285.07	2312.04	491.03	2
1548	31	1061.25	250.52	1170.86	320.77	2
1548	32	1907.49	1129.71	2559.37	1433.88	2
1549	30	1976.04	291.5	2327.08	490.66	2
1549	31	1051.84	253.81	1165.81	322.93	2
1549	32	1869.02	1061.53	2558.38	1432.78	2
1550	30	1989.21	288.56	2338.98	487.31	2
1550	31	1038.78	256.35	1156.94	324.99	2
1550	32	1833.65	986.16	2557.47	1432.81	2
1551	30	1994.63	290.17	2347.67	482.84	2
1551	31	1028.09	257.92	1149.74	327.01	2
1551	32	1811.8	933.26	2509.14	1432.26	2
1552	30	2021.87	294.83	2365.6	475.89	2
1552	31	1013.9	259.78	1138.11	329.67	2
1552	32	1788.43	874.55	2524.73	1432.6	2
1553	30	2048.56	285.53	2375.94	483.14	2
1553	31	1003.43	261.09	1131.1	331.92	2
1553	32	1772.62	833.48	2499.52	1432.17	2
1554	30	2060.15	283.67	2390.67	489.48	2
1554	31	988.08	262.85	1120.85	335.32	2
1554	32	1759.11	787.75	2433.58	1428.4	2
1555	30	2072.66	274.5	2403.65	477.71	2
1555	31	976.56	264.12	1113.16	337.2	2
1555	32	1751.97	756.83	2380.92	1394.9	2
1556	30	2078.25	286.85	2420.64	475.82	2
1556	31	960.82	265.86	1100.11	339.8	2
1556	32	1744.72	718.42	2317.05	1316.14	2
1557	30	2086.55	288.94	2432.54	475.23	2
1557	31	947.24	267.12	1089.39	342.02	2
1557	32	1742.35	691.37	2271.78	1248.37	2
1558	30	2100.56	291.71	2447.78	475.54	2
1558	31	930.7	268.86	1075.15	345.4	2
1558	32	1739.94	656.56	2219.98	1170.65	2
1559	30	2114.58	294.48	2463.02	475.85	2
1559	31	918.77	270.13	1064.67	347.92	2
1559	32	1740.42	635.85	2185.68	1117.38	2
1560	30	2128.6	297.25	2478.26	476.16	2
1560	31	902.23	271.86	1049.87	351.4	2
1560	32	1742.19	615.82	2144.97	1047.99	2
1561	30	2146.5	295.03	2497.13	475.91	2
1561	31	883.91	274.42	1032.77	355.26	2
1561	32	1741.58	594.29	2107.77	980.47	2
1561	33	277	400	359	483	2
1562	30	2159.21	296.29	2508.84	475.17	2
1562	31	870.72	276.01	1021.25	357.96	2
1562	32	1742.79	581.05	2085.79	934.03	2
1562	33	272.2	409.6	356.6	479.8	2
1563	30	2174.48	296.16	2522.33	475.42	2
1563	31	853.07	277.87	1005.45	361.5	2
1563	32	1743.62	558.46	2060.67	887.17	2
1563	33	268.99	401.81	358.43	479.96	2
1564	30	2189.76	296.02	2535.81	475.68	2
1564	31	841.48	279.82	993.19	364.08	2
1564	32	1744.35	544.5	2044	858.01	2
1564	33	270.13	403.99	357.57	483.02	2
1565	30	2208.53	296.61	2553.07	476.55	2
1565	31	825.74	282.47	977.09	368.23	2
1565	32	1746.31	528.41	2024.07	821.54	2
1565	33	279.1	405.61	358.19	479.21	2
1566	30	2225.55	298.15	2560.92	474.87	2
1566	31	814.95	284.73	966.08	371.67	2
1566	32	1748.69	520.12	2012.52	808.77	2
1566	33	288.06	407.24	358.81	475.41	2
1567	30	2244.68	296.07	2563.94	469.56	2
1567	31	800.82	287.49	950.48	375.5	2
1567	32	1755.38	509.09	1999.81	779.85	2
1567	33	290.45	410.42	364.55	477.75	2
1568	30	2261.23	299.51	2564.62	470.78	2
1568	31	790	289.14	939.04	378.82	2
1568	32	1759.92	500.2	1991.87	763.76	2
1568	33	286.28	405.49	361.04	477.61	2
1569	30	2277.77	302.94	2565.3	472	2
1569	31	777.16	291	924.59	383.89	2
1569	32	1765.02	486.08	1981.57	738.52	2
1569	33	289.51	407.26	359.05	476.89	2
1570	30	2300.42	307.89	2563.95	472.66	2
1570	31	767.51	292.31	914.28	387.69	2
1570	32	1767.42	477.16	1975.58	719.21	2
1570	33	290.52	407.91	359	476.69	2
1571	30	2311.64	310.28	2563.19	472.9	2
1571	31	756.41	294.69	900.26	392.28	2
1571	32	1771.02	465.8	1972.16	699.83	2
1571	33	290.09	407.44	360.38	477.34	2
1572	30	2322.57	311.79	2562.62	472.31	2
1572	31	748.76	297.49	890.81	396.53	2
1572	32	1775.01	459.1	1972.4	684.52	2
1572	33	289.12	406.5	362.74	477.14	2
1573	30	2344.53	315.65	2562.05	474.1	2
1573	31	738.38	299.16	878.42	402.59	2
1573	32	1781.21	449.81	1975.09	665.71	2
1573	33	288.14	405.55	365.1	476.93	2
1574	30	2363.43	320.37	2562.61	469.84	2
1574	31	728.97	302.95	866.25	409.95	2
1574	32	1786.74	438.16	1977.86	643.53	2
1574	33	287.83	404.08	368.04	476.53	2
1575	30	2382.33	325.08	2563.17	465.57	2
1575	31	723.94	305.66	858.2	415.29	2
1575	32	1790.63	430.57	1979.87	629.24	2
1575	33	287.51	402.62	370.98	476.13	2
1576	31	717.18	309.22	849.66	421.73	2
1576	32	1798.07	421.53	1983.6	612.71	2
1576	33	286.75	398.68	375.37	476.62	2
1577	31	713.08	312.46	843.6	426.68	2
1577	32	1802.64	414.76	1986.56	600.98	2
1577	33	288.38	397.28	379.54	476.15	2
1577	34	2059	1285	2558	1433	2
1578	31	709.29	316.87	837.11	432.97	2
1578	32	1811.63	407.35	1991.19	586.66	2
1578	33	292.86	396.77	384.98	476.62	2
1578	34	1999.8	1189	2489.2	1430.6	2
1579	31	706.95	319.8	833.13	439.14	2
1579	32	1818.11	402.48	1994.38	576.29	2
1579	33	293.3	396.61	390.28	478.77	2
1579	34	1971.26	1139.98	2543.34	1431.51	2
1580	31	704.4	324.07	828.03	447.17	2
1580	32	1826.39	396.38	1997.66	560.98	2
1580	33	292.17	393.99	397.36	482.83	2
1580	34	1933.63	1056.67	2561.07	1430.63	2
1581	31	703.13	326.29	825.86	454.64	2
1581	32	1832.57	391.94	2000.28	551.61	2
1581	33	290.46	392.36	402.59	485.01	2
1581	34	1909.07	998.65	2566.58	1430.25	2
1582	31	701.58	331.55	823.37	462.52	2
1582	32	1840.03	385.2	2002.63	538.62	2
1582	33	289.74	391.11	410.26	486.5	2
1582	34	1882.02	930.47	2566.58	1429.48	2
1583	31	699.93	335.45	822.76	466.73	2
1583	32	1845.9	380.46	2004.18	530.65	2
1583	33	289.44	390.02	415.75	486.43	2
1583	34	1864.12	881.78	2566.4	1429.14	2
1584	31	699.51	342.69	824.11	481.1	2
1584	32	1853.92	373.59	2005.43	519.49	2
1584	33	290.56	389.62	424.14	486.38	2
1584	34	1848.4	826.42	2534.68	1430.82	2
1585	31	698.88	347.94	826.16	490.3	2
1585	32	1858.59	370.14	2005.87	512.05	2
1585	33	291	388.86	429.91	485.69	2
1585	34	1838.91	788.94	2494.14	1430.93	2
1586	31	698.15	354.38	829.74	502.68	2
1586	32	1864.12	365.1	2005.33	502.43	2
1586	33	291.16	387.96	435.25	486.05	2
1586	34	1830.43	747	2425.75	1371.78	2
1587	31	698	362.53	835.14	517.53	2
1587	32	1869.97	359.48	2003.06	492.7	2
1587	33	291.21	386.99	437.26	485.53	2
1587	34	1822.38	701.77	2355.75	1279.57	2
1588	31	697.41	368.81	838.61	525.72	2
1588	32	1873.13	355.03	2000.15	484.29	2
1588	33	291.22	386.65	448.74	485.31	2
1588	34	1818.55	672.04	2313.78	1217.62	2
1589	31	696.66	376.92	843.93	536.37	2
1589	32	1874.67	350.3	1995.67	476.32	2
1589	33	292.47	387.21	459.38	484.56	2
1589	34	1815.19	639.28	2261.55	1134.65	2
1590	31	695.81	383.15	847.97	546.7	2
1590	32	1873.55	347.51	1992.75	471.24	2
1590	33	292.96	386.81	466.67	484.91	2
1590	34	1812.85	618.24	2227.65	1082.65	2
1591	31	694.94	391.84	854.1	566.5	2
1591	32	1870.24	341.96	1990.41	462.34	2
1591	33	293.15	387.34	474.48	485.04	2
1591	34	1808.38	594.6	2187.61	1022.61	2
1592	31	694.04	398.28	858.41	579.69	2
1592	32	1867.6	338.85	1988.27	456.87	2
1592	33	291.95	387.57	479.34	484.43	2
1592	34	1806.1	579.74	2163.59	970.24	2
1593	31	693.13	408.29	863.96	597.35	2
1593	32	1860.43	333.86	1984.17	449.85	2
1593	33	292.09	387.02	486.16	484.84	2
1593	34	1805.08	557.59	2135.54	909.1	2
1594	31	692.21	416.53	868.68	613.57	2
1594	32	1855.78	331.61	1981.4	444.99	2
1594	33	292.13	386.17	491.88	485	2
1594	34	1805.23	543.31	2117.75	876.23	2
1595	31	690.64	427.86	875.63	638.06	2
1595	32	1846.69	327.61	1975.78	437.49	2
1595	33	292.14	386.53	500.32	485.71	2
1595	34	1805.59	526.35	2094.54	827.21	2
1596	31	689.45	437.22	881.49	658.77	2
1596	32	1840.01	324.33	1971.13	432.44	2
1596	33	292.77	386.02	508.56	485.31	2
1596	34	1806.78	517.35	2080.41	806.91	2
1597	31	687.14	450.21	888.85	688.1	2
1597	32	1828.95	320.61	1964.84	425.5	2
1597	33	293.02	385.19	517.36	485.81	2
1597	34	1810.96	503.96	2064.01	778.94	2
1598	31	686.29	460.86	894.86	715.73	2
1598	32	1820.93	318.11	1959.3	420.62	2
1598	33	291.84	384.24	523.2	486	2
1598	34	1814	494.2	2054.15	761.27	2
1599	31	683.48	477.42	903.53	746.43	2
1599	32	1810.11	313.98	1951.41	415.78	2
1599	33	294.54	383.24	532.31	487.37	2
1599	34	1817.23	480.54	2042.56	732.8	2
1600	31	679.9	496.41	914.45	781.56	2
1600	32	1796.96	310.62	1940.69	411.6	2
1600	33	293.69	382.23	540.8	488.54	2
1600	34	1821.97	466.96	2031.85	705.53	2
1601	31	676.02	508.83	922.47	809.62	2
1601	32	1786.2	306.85	1932.16	406.98	2
1601	33	295.88	381.21	547.14	488.98	2
1601	34	1825	458.99	2026.43	689.25	2
1602	31	670.75	526.09	929.98	851.05	2
1602	32	1771.82	302.94	1921.88	399.49	2
1602	33	301.22	380.84	555.81	489.13	2
1602	34	1830.97	447.88	2022.48	668.11	2
1603	31	666.19	537.77	937.27	883.38	2
1603	32	1761.96	300.34	1912.92	395.01	2
1603	33	307.8	380.72	561.56	488.52	2
1603	34	1834.34	440.61	2021.19	653.03	2
1604	31	659.41	554.06	951.38	940.71	2
1604	32	1747.3	296.84	1899.88	390.94	2
1604	33	316.17	380.7	570.02	488.28	2
1604	34	1838.93	430.37	2019.83	635.71	2
1605	31	653.04	567.79	961.87	989.05	2
1605	32	1736.06	294.37	1889.89	388.34	2
1605	33	321.95	380.71	576.29	488.17	2
1605	34	1842.51	422.56	2019.88	622.44	2
1606	31	642.42	596.49	976.58	1063.63	2
1606	32	1720.92	290.24	1876.5	381.57	2
1606	33	330.61	381.4	585.62	488.12	2
1606	34	1847.13	414.15	2018.87	605.62	2
1607	31	632.04	620.23	985.46	1122.33	2
1607	32	1709.54	287.54	1865.75	376.62	2
1607	33	337.76	381.67	592.22	487.44	2
1607	34	1850.71	408.34	2018.9	593.14	2
1608	31	618.58	659.23	1003.83	1215.3	2
1608	32	1693.07	285.35	1850.79	370.99	2
1608	33	346.94	380.47	602.99	487.17	2
1608	34	1854.6	399.17	2018.49	577.19	2
1609	31	608.32	690.11	1017.25	1290.38	2
1609	32	1681.22	283.35	1839.48	367.84	2
1609	33	354.89	379.37	611.43	487.07	2
1609	34	1857.92	394.38	2017.91	566.27	2
1610	31	586.89	737.47	1039.9	1390.48	2
1610	32	1665.25	280.05	1823.69	364.2	2
1610	33	366.95	378.31	624.86	487.69	2
1610	34	1861.71	387.62	2016.54	552.18	2
1611	31	560.62	778.58	1056.22	1430.76	2
1611	32	1652.32	278.29	1811.43	359.7	2
1611	33	376.63	377.27	635.6	487.27	2
1611	34	1864.29	383.63	2015.57	543.94	2
1611	35	1208	188	1243	218	2
1612	31	540.75	842.27	1068.26	1445.71	2
1612	32	1635.97	275.08	1794.66	356.94	2
1612	33	389.96	376.89	651.85	487.1	2
1612	34	1866.45	376.38	2011.95	531.36	2
1612	35	1208	189.6	1242.2	219.6	2
1613	31	545.08	924.56	1084.68	1449.39	2
1613	32	1618.32	272.68	1774.83	351.39	2
1613	33	408.57	376.11	672.13	484.41	2
1613	34	1867.75	368.67	2008.07	519.36	2
1613	35	1207.22	189.91	1242.04	221.45	2
1614	31	549.08	992.33	1072.91	1448.96	2
1614	32	1604.8	270.59	1761.12	348.22	2
1614	33	421.34	375.18	686.75	483.38	2
1614	34	1867.39	364.94	2004.79	510.97	2
1614	35	1206.97	190.77	1241.99	222.83	2
1615	31	554.28	1115.48	1072.78	1447.56	2
1615	32	1588.27	268.59	1743.18	344.54	2
1615	33	440.34	373.53	708.32	483.67	2
1615	34	1866.47	359.15	2000.35	498.99	2
1615	35	1206.91	191.79	1241.98	223.97	2
1616	31	560.36	1226.06	1063.46	1443.66	2
1616	32	1577.21	266.62	1731.58	342.05	2
1616	33	454.48	372.27	724.66	484.44	2
1616	34	1864.67	354.7	1997.55	491.98	2
1616	35	1206.19	192.11	1241.98	225.02	2
1617	32	1561.62	264.67	1718.42	337.26	2
1617	33	473.28	373.13	747.48	484.75	2
1617	34	1860.55	349.28	1993.29	481.08	2
1617	35	1205.95	191.5	1242.68	226.03	2
1618	32	1550.91	262.03	1702.05	335.03	2
1618	33	489.91	372.83	764.9	484.87	2
1618	34	1857.67	346.32	1990.54	474.38	2
1618	35	1205.88	191.94	1242.93	227.03	2
1619	32	1536.11	258.48	1683.04	331.66	2
1619	33	511.59	371.43	789.4	486.9	2
1619	34	1852.56	340.02	1986.3	466.32	2
1619	35	1205.87	192.76	1243.02	228.03	2
1620	32	1525.78	256.6	1669.83	328.57	2
1620	33	527.94	369.61	807.4	487.66	2
1620	34	1848	335.99	1982.87	461.19	2
1620	35	1205.2	193.72	1243.05	229.02	2
1621	32	1512.42	254.67	1653.42	325.58	2
1621	33	548.79	368.29	832.71	488.6	2
1621	34	1839.67	332.06	1977.07	452.96	2
1621	35	1204.97	194.73	1243.06	230.02	2
1622	32	1502.62	252.72	1640.53	321.94	2
1622	33	566.09	367.81	851.63	488.95	2
1622	34	1833.31	329.56	1973.06	448.44	2
1622	35	1204.23	195.09	1243.05	231.02	2
1623	32	1490.11	250.09	1624.23	318.06	2
1623	33	587.9	368.3	877.89	489.73	2
1623	34	1823.73	325.46	1965.09	439.01	2
1623	35	1203.96	195.87	1243.71	232.67	2
1624	32	1482.68	248.55	1612.76	315.45	2
1624	33	605.53	368.52	897.12	490.68	2
1624	34	1816.25	322.18	1959.59	433.33	2
1624	35	1203.87	196.14	1243.95	233.92	2
1625	32	1471.67	245.39	1597.65	311.95	2
1625	33	630.04	369.29	926.07	491.68	2
1625	34	1804.33	318.48	1951.09	426.19	2
1625	35	1203.19	197.53	1243.38	235.01	2
1626	32	1461.39	242.31	1581.87	308.11	2
1626	33	657.13	368.94	958.68	493.36	2
1626	34	1790.79	313.93	1940.18	420.61	2
1626	35	1202.94	198.71	1243.82	236.7	2
1627	32	1454.79	241.27	1571.34	305.5	2
1627	33	676.08	368.83	981.6	493.33	2
1627	34	1780.56	310.44	1932.27	416.89	2
1627	35	1202.86	199.78	1243.98	237.96	2
1628	32	1446.06	239.65	1558.58	303.35	2
1628	33	703.59	368.8	1014.43	493.95	2
1628	34	1767.05	307.33	1920.95	410.43	2
1628	35	1202.84	200.83	1243.38	239.05	2
1629	32	1439.98	238.47	1549.82	300.68	2
1629	33	724.6	368.81	1038.03	494.82	2
1629	34	1757.52	305.05	1912.26	405.72	2
1629	35	1202.19	201.2	1243.81	240.08	2
1630	32	1432.77	236.79	1537.66	296.46	2
1630	33	753.52	368.82	1071.08	496.44	2
1630	34	1743	301.67	1900	399.55	2
1630	35	1201.95	201.97	1244.62	241.73	2
1631	32	1428.6	235.59	1529.8	294.39	2
1631	33	775.03	368.84	1095.36	497.69	2
1631	34	1731.84	299.27	1890.34	395.59	2
1631	35	1201.87	202.89	1244.92	242.98	2
1632	32	1422.01	234.56	1519.29	291.06	2
1632	33	804.75	369.51	1129.93	499.46	2
1632	34	1716.74	295.84	1877.1	388.99	2
1632	35	1201.2	203.87	1245.04	244.07	2
1633	32	1418.01	233.59	1513.35	289.32	2
1633	33	827.82	369.77	1156.05	501.41	2
1633	34	1705.38	292.72	1866.43	387.6	2
1633	35	1200.31	204.87	1245.07	245.75	2
1634	32	1414.17	231.96	1502.78	287.45	2
1634	33	858.75	369.23	1191.93	502.78	2
1634	34	1688.92	288.35	1850.86	382.57	2
1634	35	1199.97	205.88	1245.08	247	2
1635	32	1409.77	230.75	1496.15	286.21	2
1635	33	882.24	369.67	1218.51	503.92	2
1635	34	1677.74	286.22	1839.34	378.94	2
1635	35	1199.86	206.24	1245.08	248.09	2
1636	32	1405.74	229.71	1488.02	284.52	2
1636	33	915.24	370.51	1255.17	505.63	2
1636	34	1662.68	282.89	1822.8	373.8	2
1636	35	1199.83	207.65	1245.07	249.76	2
1637	32	1402.58	228.72	1482.19	283.34	2
1637	33	939.5	370.83	1282.66	506.25	2
1637	34	1650.09	280.48	1810.29	368.78	2
1637	35	1199.17	208.17	1245.07	251.01	2
1638	32	1398.96	227.07	1475.02	280.99	2
1638	33	974.05	370.3	1320.29	507.1	2
1638	34	1634.53	279.07	1793.41	363.79	2
1638	35	1198.94	208.99	1245.06	252.75	2
1639	32	1395.19	225.18	1468.07	277.53	2
1639	33	1013.21	370.75	1362.45	508.04	2
1639	34	1617.82	275.98	1774.87	358.13	2
1639	35	1198.21	209.93	1244.4	254.03	2
1640	32	1392.05	223.88	1463.28	275.68	2
1640	33	1041.04	370.26	1392.62	508.36	2
1640	34	1606	273.64	1761.69	356.33	2
1640	35	1197.94	210.26	1244.14	255.12	2
1641	32	1388.39	222.11	1457.11	273.08	2
1641	33	1079.49	370.74	1431.85	507.79	2
1641	34	1590.74	270.87	1743.93	351.8	2
1641	35	1197.85	211.01	1244.7	257.44	2
1642	32	1385.95	220.85	1453.23	271.56	2
1642	33	1107.64	372.23	1460.81	508.85	2
1642	34	1580.18	269.32	1731.77	348.33	2
1642	35	1197.18	211.92	1245.57	258.3	2
1643	32	1385.98	219.78	1448.05	268.4	2
1643	33	1146.85	372.14	1498.92	507.91	2
1643	34	1566.72	266.84	1718.4	343.88	2
1643	35	1196.28	212.89	1245.89	259.88	2
1644	32	1382.74	218.1	1445.25	267.35	2
1644	33	1174.55	373.42	1526.74	507.52	2
1644	34	1556.84	265.39	1703.26	341.11	2
1644	35	1195.3	213.89	1246.02	261.09	2
1645	32	1380.37	217.54	1439.64	265.7	2
1645	33	1213.58	373.9	1563.76	507.35	2
1645	34	1544.3	262.25	1686.74	336.9	2
1645	35	1194.94	214.25	1246.06	262.8	2
1646	32	1381.13	216.73	1436.6	263.84	2
1646	33	1241.79	374.06	1590.46	507.26	2
1646	34	1534.8	260.54	1675.14	334.87	2
1646	35	1195.46	215.01	1246.07	264.07	2
1646	36	1219	195	1257	225	2
1647	32	1376.64	215.81	1432.34	261.22	2
1647	33	1279.05	373.45	1627.08	507.22	2
1647	34	1523.04	258	1659.31	331.6	2
1647	35	1194.37	216.57	1246.07	266.46	2
1647	36	1219	195.8	1257.8	226.6	2
1648	32	1381.39	214.86	1429.67	259.01	2
1648	33	1307.84	373.88	1652.28	507.19	2
1648	34	1515.17	256.5	1648.65	328.54	2
1648	35	1193.33	217.15	1246.06	267.98	2
1648	36	1219	196.72	1257.95	228.43	2
1649	32	1377.64	213.88	1427.04	256.94	2
1649	33	1345.98	372.04	1686.37	505.84	2
1649	34	1504.66	254.7	1633.82	324.89	2
1649	35	1192.94	217.99	1246.06	269.81	2
1649	36	1219.77	197.03	1258.78	230.59	2
1650	32	1375.79	212.9	1422.77	255.6	2
1650	33	1371.05	372.01	1709.89	504.66	2
1650	34	1497.25	252.8	1623.55	323.05	2
1650	35	1192.81	219.58	1246.05	271.11	2
1650	36	1220.02	197.84	1259.04	231.98	2
1651	32	1374.57	211.91	1418.72	252.49	2
1651	33	1405.81	372	1740.75	502.88	2
1651	34	1486.19	250.84	1610.19	319.82	2
1651	35	1191.47	220.17	1246.05	272.21	2
1651	36	1220.08	198.8	1259.1	233.1	2
1652	33	1444.23	371.99	1773.05	502.22	2
1652	34	1475.84	247.52	1595.71	316.09	2
1652	35	1190.32	221.01	1246.04	274.54	2
1652	36	1219.39	199.82	1259.81	234.12	2
1653	33	1471.33	371.99	1795.21	500.65	2
1653	34	1468.47	245.72	1586.26	313.51	2
1653	35	1189.25	221.31	1246.04	276.03	2
1653	36	1219.82	200.16	1260.05	235.8	2
1654	33	1504.19	371.99	1822.28	499.41	2
1654	34	1460.11	242.46	1573.86	310.02	2
1654	35	1188.21	222.04	1245.39	277.2	2
1654	36	1219.98	200.93	1260.81	235.71	2
1655	33	1528.5	371.33	1839.81	497.63	2
1655	34	1454.83	240.68	1566.53	306.85	2
1655	35	1187.83	223.6	1245.13	278.25	2
1655	36	1220.03	201.86	1261.07	235.59	2
1656	33	1560.37	370.41	1861.86	495.65	2
1656	34	1447.19	239.46	1554.86	304.49	2
1656	35	1186.41	224.82	1244.38	279.9	2
1656	36	1220.05	202.85	1261.15	237.53	2
1657	33	1581.56	370.08	1876.85	494.28	2
1657	34	1441.44	238.43	1547.78	302.41	2
1657	35	1185.23	225.91	1244.1	281.13	2
1657	36	1220.05	203.2	1261.83	238.87	2
1658	33	1610.36	369.29	1895.42	492.46	2
1658	34	1434.28	236.12	1537.52	298.41	2
1658	35	1183.51	226.94	1243.99	282.86	2
1658	36	1220.7	203.96	1262.07	240.65	2
1659	33	1631.1	368.34	1907.15	491.16	2
1659	34	1430.03	234.68	1530.22	296.41	2
1659	35	1182.87	227.31	1243.31	284.12	2
1659	36	1220.95	204.88	1262.81	241.29	2
1660	33	1658.46	366.66	1921.91	488.05	2
1660	34	1422.72	232.89	1520.55	293.77	2
1660	35	1180.7	228.72	1242.39	285.85	2
1660	36	1221.04	205.86	1263.74	242.8	2
1661	33	1676.59	365.39	1930.92	486.26	2
1661	34	1418.38	232.32	1514.11	292.26	2
1661	35	1179.25	229.23	1242.05	287.12	2
1661	36	1221.07	206.86	1264.73	243.99	2
1662	33	1700.39	363.6	1941.45	482.98	2
1662	34	1413.05	231.51	1506.09	289.13	2
1662	35	1176.78	229.39	1240.63	288.2	2
1662	36	1221.07	207.22	1265.09	245.71	2
1663	33	1716.55	362.95	1948.33	479.8	2
1663	34	1409.4	231.31	1498.17	287.44	2
1663	35	1175.21	230.07	1240.09	289.22	2
1663	36	1221.07	207.33	1265.21	246.98	2
1664	33	1737.01	360.73	1954.1	476.68	2
1664	34	1403.61	230.62	1488.91	285.59	2
1664	35	1172.7	230.96	1239.24	290.21	2
1664	36	1221.06	208	1265.23	247.43	2
1665	33	1759	358.61	1959.4	473.58	2
1665	34	1397.03	228.39	1479.83	284.35	2
1665	35	1169.84	231.92	1238.29	291.19	2
1665	36	1220.4	208.88	1265.22	248.86	2
1666	33	1771.64	356.52	1961.79	470.51	2
1666	34	1392.91	227.63	1474.27	282.64	2
1666	35	1167.48	232.26	1237.28	291.52	2
1666	36	1220.14	209.85	1265.86	250.01	2
1667	33	1787.61	352.44	1963.42	466.1	2
1667	34	1388.83	226.19	1468.7	280.49	2
1667	35	1165.32	232.35	1236.26	292.9	2
1667	36	1220.05	210.85	1266.09	251.07	2
1668	33	1797.51	350.97	1963.27	463.22	2
1668	34	1384.76	224.74	1463.13	278.35	2
1668	35	1163.89	232.37	1235.89	293.39	2
1668	36	1220.01	211.2	1266.17	252.08	2
1669	33	1809.84	349.15	1962.76	458.9	2
1669	34	1380.68	223.29	1457.55	276.21	2
1669	35	1162.1	233	1234.47	294.19	2
1669	36	1219.34	212.62	1266.83	254.38	2
1670	33	1817.2	348.54	1961.36	456.74	2
1670	34	1376.61	221.85	1451.98	274.07	2
1670	35	1160.17	233.22	1233.94	294.45	2
1670	36	1218.44	213.79	1266.43	255.88	2
1671	33	1825.99	345.69	1959.87	451.35	2
1671	35	1158.18	233.28	1233.11	295.16	2
1671	36	1218.09	214.86	1266.26	257.06	2
1672	33	1830.18	342.68	1959.07	450.14	2
1672	35	1156.17	234.59	1232.16	295.4	2
1672	36	1217.31	215.9	1265.52	257.46	2
1673	33	1835.27	340.3	1955.07	445.14	2
1673	35	1154.81	235.73	1231.17	296.77	2
1673	36	1217.02	216.92	1265.89	258.88	2
1674	33	1839.1	338.82	1952.79	440.02	2
1674	35	1153.69	236.14	1230.81	297.91	2
1674	36	1216.27	217.27	1266.02	260.03	2
1675	33	1840.56	335.65	1947.65	436.24	2
1675	35	1152.02	237.58	1230.05	298.3	2
1675	36	1214.69	217.38	1266.07	261.74	2
1676	33	1838.37	333.89	1943.72	433.64	2
1676	35	1150.14	238.1	1229.78	299.07	2
1676	36	1214.09	218.05	1266.08	261.71	2
1677	33	1833.15	329.97	1938.19	427.44	2
1677	35	1148.82	237.62	1229.05	299.33	2
1677	36	1213.22	218.27	1266.08	262.94	2
1678	33	1824.88	327.25	1934.24	421.25	2
1678	35	1147.07	238.07	1228.14	300.71	2
1678	36	1212.91	218.98	1265.43	264.68	2
1679	33	1819.21	325.68	1932.22	417.1	2
1679	35	1145.8	238.22	1227.16	301.21	2
1679	36	1212.15	219.89	1265.17	265.31	2
1680	33	1810.34	322.48	1928.2	413.73	2
1680	35	1143.42	238.25	1226.16	302.02	2
1680	36	1211.22	220.21	1265.07	267.47	2
1681	33	1803.05	319.39	1924.78	412.65	2
1681	35	1142.56	238.25	1225.8	302.3	2
1681	36	1210.24	220.96	1263.72	269.54	2
1682	33	1792.4	317.66	1918.95	409.04	2
1682	35	1140.99	238.23	1225.03	302.37	2
1682	36	1209.88	222.52	1263.21	270.96	2
1683	33	1784.48	315.11	1913.56	405.17	2
1683	35	1139.91	238.24	1224.42	302.76	2
1683	36	1209.11	223.1	1263.01	272.1	2
1684	33	1773	310.91	1905.05	401.19	2
1684	35	1138.83	238.26	1223.81	303.14	2
1684	36	1208.83	223.95	1262.95	273.15	2
1685	33	1764.79	308.11	1899.29	397.86	2
1685	35	1137.91	238.9	1223.58	303.88	2
1685	36	1208.1	224.24	1262.93	273.5	2
1686	33	1752.63	305.84	1890.04	392.75	2
1686	35	1136.94	239.13	1222.86	304.13	2
1686	36	1207.83	224.98	1260.96	274.24	2
1687	33	1744.85	304.44	1882.72	389.67	2
1687	35	1136.62	239.2	1222.62	304.21	2
1687	36	1207.1	225.9	1260.21	275.79	2
1688	33	1732.87	302.01	1872.22	385.32	2
1688	35	1135.87	239.86	1221.9	304.22	2
1688	36	1206.18	226.87	1259.94	276.99	2
1689	33	1724.56	300.54	1863.8	383.21	2
1689	35	1135.63	240.1	1221.67	304.21	2
1689	36	1205.86	227.22	1259.85	277.41	2
1690	33	1712.4	298.08	1852.25	379.21	2
1690	35	1134.25	240.17	1221.61	304.85	2
1690	36	1205.1	228.63	1258.52	278.18	2
1691	33	1698.82	294.57	1839.54	374.52	2
1691	35	1133.11	240.19	1220.96	305.74	2
1691	36	1204.17	229.14	1258.03	279.75	2
1692	33	1689.29	292.03	1830.34	371.6	2
1692	35	1132.71	240.18	1220.08	306.06	2
1692	36	1203.19	229.97	1257.85	279.65	2
1693	33	1676.74	289.18	1817.23	367.31	2
1693	35	1131.93	240.82	1219.12	306.17	2
1693	36	1202.83	230.25	1257.15	280.22	2
1694	33	1666.98	287.56	1807.91	365.21	2
1694	35	1131.02	241.05	1218.78	306.85	2
1694	36	1202.07	230.33	1256.9	281.06	2
1695	33	1655.03	285.72	1795.45	361.23	2
1695	35	1129.38	241.13	1218.02	307.75	2
1695	36	1201.14	230.99	1256.16	282	2
1696	33	1645.53	284.47	1785.75	358.56	2
1696	35	1128.14	241.15	1217.1	308.08	2
1696	36	1200.82	231.22	1255.9	282.32	2
1697	33	1633.02	282.09	1772.5	355.71	2
1697	35	1125.73	241.8	1216.78	308.84	2
1697	36	1199.4	231.28	1255.81	283.07	2
1698	33	1623.34	279.95	1763.19	352.77	2
1698	35	1124.2	242.04	1216.68	309.77	2
1698	36	1198.89	231.29	1255.14	283.32	2
1699	33	1610.79	277.91	1749.46	349.82	2
1699	35	1122.35	242.12	1216.02	310.11	2
1699	36	1198.06	231.92	1254.24	282.73	2
1700	33	1601.11	276.58	1739.33	346.85	2
1700	35	1121.03	242.13	1215.13	310.87	2
1700	36	1197.78	232.14	1253.92	282.46	2
1701	33	1589.23	274.83	1725.95	343.87	2
1701	35	1118.61	242.79	1214.82	311.14	2
1701	36	1197.04	232.21	1253.81	283.67	2
1702	33	1580.49	273.61	1717.98	342.24	2
1702	35	1117.08	243.03	1214.07	311.22	2
1702	36	1196.78	232.22	1253.79	284.1	2
1703	33	1569.63	272.56	1703.45	339.07	2
1703	35	1114.58	243.11	1212.5	311.9	2
1703	36	1195.39	232.21	1253.8	284.24	2
1704	33	1557.28	270.23	1688.37	336.01	2
1704	35	1111.07	243.78	1210.61	313.45	2
1704	36	1194.89	232.84	1253.16	284.27	2
1705	33	1549.08	268.78	1678.51	334.34	2
1705	35	1107.82	244.03	1209.92	314.02	2
1705	36	1193.41	233.07	1252.93	284.26	2
1706	33	1539.08	266.98	1666.59	331.15	2
1706	35	1104.04	244.77	1207.73	314.87	2
1706	36	1192.87	233.15	1252.2	284.9	2
1707	33	1532.42	265.72	1657.25	329.43	2
1707	35	1101.34	245.04	1205.62	315.17	2
1707	36	1192.04	233.16	1251.93	285.12	2
1708	33	1522.98	263.99	1646.18	326.89	2
1708	35	1097.12	245.13	1202.88	316.58	2
1708	36	1191.75	233.81	1251.84	285.85	2
1709	33	1516.52	262.07	1637.83	324.72	2
1709	35	1092.33	245.15	1201.22	317.09	2
1709	36	1191.02	234.05	1251.83	286.11	2
1710	33	1507.13	260.1	1626.46	322.02	2
1710	35	1087.33	246.46	1198.04	318.57	2
1710	36	1190.11	234.13	1251.83	286.85	2
1711	33	1501.36	259.44	1619.33	320.46	2
1711	35	1082.89	248.26	1194.9	319.77	2
1711	36	1189.78	234.14	1251.84	287.77	2
1712	33	1492.21	257.93	1609.06	318.65	2
1712	35	1075.42	249.59	1191.8	321.51	2
1712	36	1187.72	234.14	1251.86	288.1	2
1713	33	1485.82	256.76	1600.98	316.06	2
1713	35	1071.36	250.73	1189.36	322.14	2
1713	36	1186.31	234.13	1251.87	288.21	2
1714	33	1477.11	254.38	1591.03	313.87	2
1714	35	1064.08	251.8	1184.6	323.66	2
1714	36	1185.8	234.77	1251.88	288.89	2
1715	33	1470.88	252.9	1583.73	311.81	2
1715	35	1056.86	252.84	1180.88	324.86	2
1715	36	1185.63	235.01	1251.9	289.13	2
1716	33	1462.88	251.08	1574.04	309.81	2
1716	35	1047.74	253.86	1175	326.6	2
1716	36	1184.95	235.09	1251.26	289.2	2
1717	33	1454.22	249.8	1563.47	307.16	2
1717	35	1037.89	255.53	1167.63	328.54	2
1717	36	1184.71	235.11	1251.02	289.87	2
1718	33	1448	248.73	1555.94	305.6	2
1718	35	1029.7	256.14	1162.92	330.55	2
1718	36	1184	235.11	1250.93	290.11	2
1719	33	1441.34	246.38	1546.83	303.78	2
1719	35	1018.96	257	1156.04	332.58	2
1719	36	1183.75	235.1	1250.91	290.18	2
1720	33	1436.53	245.57	1539.84	301.85	2
1720	35	1010.46	257.95	1150.25	333.97	2
1720	36	1183.68	235.75	1250.25	290.19	2
1721	33	1430.37	243.33	1530.91	299.89	2
1721	35	999.61	260.24	1141.02	336.41	2
1721	36	1183.03	235.99	1250.01	290.18	2
1722	33	1425.73	242.56	1524.65	298.57	2
1722	35	991.08	260.43	1134.33	338.61	2
1722	36	1182.14	236.07	1249.92	290.17	2
1723	33	1420.27	241.68	1516.65	295.5	2
1723	35	978.29	261.77	1125.42	340.7	2
1723	36	1181.17	236.09	1249.9	290.15	2
1724	33	1415.87	241.42	1511.4	294.46	2
1724	35	969.06	263.56	1118.89	342.75	2
1724	36	1180.83	236.76	1249.24	290.13	2
1725	33	1411.15	240.03	1503.06	292.13	2
1725	35	954.74	265.52	1108.13	344.78	2
1725	36	1178.75	237	1248.34	290.78	2
1726	33	1407.01	238.9	1496.99	290.02	2
1726	35	944.28	266.23	1100.9	346.81	2
1726	36	1177.33	237.74	1248.01	291.01	2
1727	33	1403.05	238.55	1489.69	288.65	2
1727	35	930.17	267.11	1089.9	350.14	2
1727	36	1174.86	238.01	1247.24	291.75	2
1728	33	1399.15	237.79	1484.68	287.56	2
1728	35	919.16	267.42	1081.3	352.65	2
1728	36	1173.29	238.1	1246.31	292.02	2
1729	33	1393.21	237.56	1478.42	286.57	2
1729	35	904.2	269.44	1069.12	354.86	2
1729	36	1171.42	238.79	1245.31	293.43	2
1730	33	1389.24	236.85	1470.35	285.61	2
1730	35	887.73	271.49	1055.58	358.24	2
1730	36	1168.14	239.04	1244.29	293.95	2
1731	33	1386.03	235.96	1465.04	284.65	2
1731	35	875.86	273.54	1046.04	360.77	2
1731	36	1165.62	239.78	1243.27	294.79	2
1732	33	1382.36	235.66	1458.65	283.02	2
1732	35	859.96	275.59	1033.55	364.28	2
1732	36	1162.1	240.04	1241.59	296.41	2
1733	33	1380.58	234.25	1454.62	282.49	2
1733	35	848.35	276.33	1024.46	366.85	2
1733	36	1160.15	240.79	1240.32	297	2
1734	35	833.87	277.22	1010.86	369.7	2
1734	36	1155.55	241.06	1237.9	298.52	2
1735	35	823.48	278.17	1002	372.67	2
1735	36	1152.55	241.8	1235.71	299.08	2
1736	35	810.12	279.78	988.5	376.33	2
1736	36	1147.57	241.42	1233.59	300.58	2
1737	35	800.18	282.96	977.76	378.31	2
1737	36	1144.43	241.91	1232.16	301.77	2
1738	35	786.33	284.79	964.83	382.89	2
1738	36	1138.77	242.74	1228.42	303.51	2
1739	35	778.18	285.45	955.66	385.21	2
1739	36	1134.72	243.05	1226.36	304.14	2
1740	35	768.3	287.6	943.34	388.6	2
1740	36	1128.08	244.46	1222.38	305.66	2
1741	35	761.7	289.03	934.43	392.42	2
1741	36	1123.02	244.98	1218.95	307.52	2
1742	35	751.03	292.12	923.52	396.38	2
1742	36	1115.35	245.82	1214.45	308.84	2
1743	35	741.47	294.56	911.85	400.42	2
1743	36	1106.7	247.42	1208.91	311.27	2
1744	35	735.64	296.74	903.88	403.81	2
1744	36	1100.24	248.02	1204.89	312.82	2
1745	35	729.22	299.47	893.98	408.92	2
1745	36	1092.07	248.23	1198.26	314.67	2
1746	35	724.57	300.47	886.69	412.72	2
1746	36	1085.81	248.29	1193.82	315.99	2
1747	35	719.21	302.73	877.02	417.31	2
1747	36	1075.8	248.94	1187.04	317.75	2
1748	35	716.27	303.55	870.49	420.92	2
1748	36	1068.22	251.77	1181.93	319.03	2
1749	35	712.17	303.8	862.42	426.72	2
1749	36	1056.43	254.16	1173.62	320.79	2
1750	35	710.33	304.5	857.16	430.15	2
1750	36	1048.17	256.35	1167.29	322.06	2
1751	35	708.61	309.21	850.88	435.86	2
1751	36	1036.13	257.8	1159.16	324.47	2
1752	35	708.97	314.24	847.61	439.9	2
1752	36	1026.52	259.63	1151.64	325.98	2
1753	35	709.35	318.07	843.38	445.88	2
1753	36	1013.34	261.6	1140.48	328.48	2
1754	35	709.04	321.41	840.14	449.34	2
1754	36	1003.94	262.95	1133.08	330.68	2
1755	35	709.11	325.23	840.63	455.73	2
1755	36	989.58	263.43	1122.64	332.77	2
1756	35	709.94	329.2	844.39	464.53	2
1756	36	973.97	265.52	1109.14	336.12	2
1757	35	711.01	331.95	847.93	471.02	2
1757	36	962.36	266.93	1100.2	338	2
1758	35	713.5	336.79	854.72	479.18	2
1758	36	947.84	268.08	1087.92	340.61	2
1759	35	715.82	339.88	859.34	486.71	2
1759	36	937.35	269.78	1078.22	342.85	2
1760	35	718.75	344.85	865.79	495.9	2
1760	36	923.26	269.73	1065	345.59	2
1761	35	720.55	347.98	870.9	503.16	2
1761	36	911.68	270.33	1054.33	347.88	2
1762	35	722.58	352.95	878.09	512.23	2
1762	36	897.83	272.45	1041.4	350.63	2
1763	35	724.66	356.72	883.42	519.43	2
1763	36	887.02	273.89	1031.52	352.92	2
1764	35	727.43	363.87	892.6	532.33	2
1764	36	872.17	277	1017.62	356.33	2
1765	35	729.78	367.83	898.67	540.36	2
1765	36	861.65	278.15	1006.74	358.87	2
1766	35	733.92	374.39	908.72	553.54	2
1766	36	846.9	279.84	992.45	361.71	2
1767	35	736.15	379.4	915.74	562.95	2
1767	36	836.45	281.1	982.77	364.03	2
1768	35	740.21	387.64	925.46	572.8	2
1768	36	823.06	284.13	968.96	368.08	2
1769	35	743.05	397.18	936.84	591.86	2
1769	36	809.18	286.55	954.23	372.16	2
1770	35	746.04	403.29	944.35	602.19	2
1770	36	799.75	288.07	943.76	374.3	2
1771	35	748.45	413.23	954.84	624.54	2
1771	36	788.72	289.9	930.98	378.28	2
1772	35	749.99	421.4	961.98	640.61	2
1772	36	781.04	291.2	921.96	381.66	2
1773	35	752.47	432.74	972.29	665.73	2
1773	36	771.31	293.59	910.37	386.11	2
1774	35	753.39	441.48	979.99	683.55	2
1774	36	765.45	295.1	902.47	389.03	2
1775	35	753.7	454.9	990.5	709.28	2
1775	36	756.36	298.22	891.96	393.3	2
1776	35	754.42	465.72	998.26	728.6	2
1776	36	750.05	300.01	884.46	397.44	2
1777	35	754.02	479.95	1009.4	756.78	2
1777	36	742.77	302.59	875.42	402.16	2
1778	35	753.19	491.06	1018.04	781.41	2
1778	36	738.45	304.82	869.79	406.47	2
1779	35	749.64	507.23	1029.5	814.74	2
1779	36	733.2	306.91	862.08	411.91	2
1780	35	746.33	521	1037.62	845.8	2
1780	36	730.96	308.3	856.94	415.83	2
1781	35	739.92	543.2	1048.85	892.25	2
1781	36	727.8	312	851.4	421.75	2
1782	35	730.47	563.07	1062.53	955.84	2
1782	36	725.6	316.6	846.35	427.8	2
1783	35	721.72	578.85	1072.18	1006.07	2
1783	36	723.75	320.25	843.51	432.6	2
1784	35	706.92	606.58	1084.6	1087.69	2
1784	36	722.64	324.18	840.08	440.15	2
1785	35	694.21	630.45	1093.11	1156.34	2
1785	36	721.81	326.91	839.13	445.5	2
1786	35	672.89	668.76	1108.78	1261.72	2
1786	36	721.02	331.11	841.03	453.24	2
1787	35	655.17	698.17	1122.92	1349.75	2
1787	36	720.88	333.94	842.57	458.67	2
1788	35	626.39	747.16	1142.07	1413.69	2
1788	36	721.64	337.53	846.65	468.36	2
1789	35	600.15	791.47	1156.38	1439.01	2
1789	36	722.7	340.13	850.28	473.89	2
1790	35	559.97	854.09	1180.46	1447.47	2
1790	36	725.19	345.54	856.37	484.22	2
1791	35	572.37	906.26	1191.91	1448.62	2
1791	36	726.88	350.12	861.38	491.29	2
1792	35	575.75	994.61	1164.69	1446.67	2
1792	36	729.55	355.67	868.55	500.29	2
1793	35	580.16	1072.53	1150.53	1443.78	2
1793	36	731.28	360.3	874.57	505.53	2
1794	36	733.93	365.87	882.72	517.69	2
1795	36	736.91	373.03	892.28	531.79	2
1796	36	739.38	378.29	897.89	538.41	2
1797	36	741.65	386.01	907.75	552.97	2
1798	36	743.81	391.44	914.06	561.6	2
1799	36	747.22	399.84	922.86	578.2	2
1800	36	749.19	406.8	929.39	588.89	2
1801	36	751.86	416.43	938.24	607.54	2
1802	36	753.53	423.23	945.41	621.56	2
1803	36	756.07	435.28	956.4	645.24	2
1804	36	757.68	444.31	964.39	664.4	2
1805	36	758.28	457.82	975.67	691.28	2
1806	36	759.12	468.05	983.11	714.21	2
1807	36	759.42	484.52	992.88	743.76	2
1808	36	757.61	504.09	1003.53	770.89	2
1809	36	755.6	518.03	1011.35	800.27	2
1810	36	750.98	534.62	1023.12	846.01	2
1811	36	747.26	547.24	1031.38	884.88	2
1812	36	739.46	565.74	1043.92	947.22	2
1813	36	732.62	584.03	1053.11	998.9	2
1814	36	717.97	617.69	1065.99	1084.72	2
1815	36	707.21	647.01	1077.17	1153.89	2
1816	36	689.81	690.69	1092.69	1264.48	2
1817	36	674.24	726.44	1104.94	1361.07	2
1818	36	641.96	787.69	1123.94	1419.52	2
1819	36	622.96	840.64	1133.29	1442.39	2
1820	36	584.33	924.89	1155.39	1449.7	2
1821	36	599.31	1049.83	1141.66	1449.83	2
1822	36	605.9	1160.57	1134.25	1445.97	2
1846	38	1202	187	1236	215	2
1849	38	1200	190	1235	217	2
1850	38	1200	190	1235	217.8	2
1851	38	1199.23	190.76	1234.23	217.95	2
1852	38	1198.19	191.02	1233.97	218.79	2
1853	38	1197.89	191.83	1233.91	219.04	2
1854	38	1197.88	192.22	1233.9	219.07	2
1855	38	1197.87	192.62	1233.89	219.09	2
1856	38	1197.85	193.01	1233.89	219.12	2
1857	38	1197.91	193.83	1233.19	222.7	2
1858	38	1197.24	194.1	1232.97	223.82	2
1859	38	1197.01	194.84	1232.9	224.87	2
1860	38	1196.26	195.1	1233.55	225.9	2
1861	38	1195.99	195.19	1233.8	226.92	2
1862	38	1195.9	196.51	1233.9	227.93	2
1863	38	1195.88	197	1233.94	228.94	2
1864	38	1195.88	197.83	1233.3	229.95	2
1865	38	1195.89	198.78	1233.06	230.95	2
1866	38	1195.9	199.12	1232.98	231.96	2
1867	38	1195.91	199.24	1232.95	232.96	2
1868	38	1195.26	200.56	1232.94	233.97	2
1869	38	1195.02	201.05	1233.6	234.97	2
1870	38	1194.94	201.87	1233.86	235.97	2
1871	38	1194.91	202.17	1233.95	236.32	2
1872	38	1194.91	202.91	1233.99	237.73	2
1873	38	1194.92	203.83	1234.66	238.89	2
1874	38	1194.92	204.81	1234.91	239.95	2
1875	38	1194.28	205.16	1235.01	240.98	2
1876	38	1194.03	205.93	1235.69	241.99	2
1877	38	1193.3	206.85	1237.25	243.64	2
1878	38	1193.02	207.18	1237.84	244.25	2
1879	38	1190.98	207.94	1238.06	245.74	2
1880	38	1191.48	208.86	1238.78	246.93	2
1881	38	1192.35	209.19	1239.05	248.65	2
1882	38	1192.7	209.94	1239.79	249.93	2
1883	38	1192.19	210.86	1240.06	251.03	2
1884	38	1192	211.19	1240.15	252.06	2
1885	38	1191.93	212.59	1240.83	253.72	2
1886	38	1192.56	213.76	1241.72	255.62	2
1887	38	1192.81	214.83	1242.05	256.96	2
1888	38	1192.91	215.22	1242.82	258.08	2
1889	38	1192.3	215.99	1243.1	259.12	2
1890	38	1192.07	216.91	1243.19	261.42	2
1891	38	1191.33	217.89	1243.86	262.92	2
1892	38	1191.05	218.89	1244.1	264.74	2
1893	38	1190.95	219.25	1244.18	266.05	2
1894	38	1190.27	220.01	1244.19	267.8	2
1895	38	1189.36	220.92	1244.19	269.08	2
1896	38	1188.37	221.25	1244.17	270.82	2
1897	38	1187.35	222.64	1243.51	272.09	2
1898	38	1185.67	224.46	1243.24	274.49	2
1899	38	1185.04	226.43	1242.48	276	2
1900	38	1184.16	227.8	1241.53	277.84	2
1901	38	1181.88	228.95	1240.51	279.79	2
1902	38	1180.39	230	1239.48	281.78	2
1903	38	1176.58	231.67	1237.78	283.8	2
1904	38	1173.86	232.27	1236.49	285.16	2
1905	38	1168.97	233.77	1234.71	287.58	2
1906	38	1165.83	234.96	1232.76	289.11	2
1907	38	1160.15	236.68	1230.72	290.93	2
1908	38	1156.09	237.95	1228.68	291.57	2
1909	38	1150.72	239.05	1225.34	293.72	2
1910	38	1146.12	240.08	1222.14	295.13	2
1911	38	1138.63	242.39	1218.36	296.92	2
1912	38	1130.71	243.89	1213.74	299.51	2
1913	38	1124.49	245.07	1210.06	301.09	2
1914	38	1115.78	245.47	1205.47	304.25	2
1915	38	1108.66	244.95	1201.19	306.05	2
1916	38	1099.61	245.99	1195.11	309.26	2
1917	38	1092.35	247.65	1190.24	311.73	2
1917	39	1216	187	1249	215	2
1918	38	1081.99	250.2	1183.3	313.92	2
1918	39	1215.2	187	1249	215.8	2
1919	38	1073.62	251.8	1178.11	315.99	2
1919	39	1215.05	187	1249	215.95	2
1920	38	1061.57	254.32	1169.8	318.67	2
1920	39	1214.22	188.55	1249.77	216.78	2
1921	38	1051.91	255.9	1163.44	320.93	2
1921	39	1214.69	189.03	1249.29	217.79	2
1922	38	1041.29	259.06	1154.05	323.02	2
1922	39	1214.16	189.89	1249.1	218.1	2
1923	38	1031.55	260.88	1147.27	325.05	2
1923	39	1213.98	190.86	1249.03	218.88	2
1924	38	1017.73	263.48	1136.44	327.72	2
1924	39	1213.96	191.45	1249.41	219.45	2
1925	38	1002.29	265.06	1124.67	330.62	2
1925	39	1213.94	192.04	1249.79	220.01	2
1926	38	991.38	266.26	1117.02	332.96	2
1926	39	1213.96	192.89	1250.63	220.89	2
1927	38	975.85	268.62	1104.61	336.38	2
1927	39	1213.97	193.17	1250.92	221.85	2
1928	38	964.28	268.82	1095.45	338.92	2
1928	39	1213.31	193.92	1251.03	222.85	2
1929	38	947.85	270.78	1083.09	342.4	2
1929	39	1213.06	194.84	1250.4	223.86	2
1930	38	934.06	272.13	1073.36	344.97	2
1930	39	1212.98	195.17	1250.16	224.88	2
1931	38	918.1	273.9	1059.54	348.47	2
1931	39	1212.95	195.27	1250.72	226.55	2
1932	38	905.76	275.82	1049.23	351.03	2
1932	39	1212.94	195.94	1250.94	227.16	2
1933	38	889.73	277.16	1035.18	354.52	2
1933	39	1212.94	196.83	1251.67	228.01	2
1934	38	878.07	278.27	1024.84	357.07	2
1934	39	1212.95	197.15	1251.29	228.96	2
1935	38	862.3	280.58	1009.48	360.56	2
1935	39	1212.29	197.9	1251.14	229.94	2
1936	38	850.12	282.07	999.32	363.11	2
1936	39	1212.05	198.82	1251.08	230.94	2
1937	38	834.16	284.54	984.7	367.24	2
1937	39	1211.96	199.15	1251.05	232.6	2
1938	38	817.38	287.38	969	371.98	2
1938	39	1211.94	199.91	1251.69	233.85	2
1939	38	806.15	289.71	958.11	375.01	2
1939	39	1211.93	200.83	1252.59	234.95	2
1940	38	793.18	291.85	943.88	379.32	2
1940	39	1211.93	201.82	1252.28	235.99	2
1941	38	783.45	292.61	934.25	381.53	2
1941	39	1211.94	202.82	1252.8	237	2
1942	38	772.34	295.43	921.15	386.15	2
1942	39	1211.95	203.84	1252.34	238.66	2
1943	38	764.66	297.75	911.98	389.13	2
1943	39	1211.95	204.2	1252.82	239.91	2
1944	38	754.95	299.89	900.36	394.07	2
1944	39	1211.3	204.97	1252.34	241	2
1945	38	748.45	302.58	892.44	397.8	2
1945	39	1211.06	205.89	1252.8	242.04	2
1946	38	741.81	304.86	881.93	402.37	2
1946	39	1210.31	206.87	1253.63	243.7	2
1947	38	737.14	306.32	875.11	406.6	2
1947	39	1210.04	207.22	1253.94	244.95	2
1948	38	733.14	308.11	866.31	412	2
1948	39	1209.29	208.62	1254.05	246.04	2
1949	38	732.11	309.38	860.14	415.27	2
1949	39	1208.36	209.14	1254.74	247.72	2
1950	38	731.47	314.32	854.26	419.64	2
1950	39	1208.01	209.96	1254.35	249.62	2
1951	38	730.93	318.78	849.15	425.75	2
1951	39	1207.89	210.9	1254.84	251.61	2
1952	38	730.36	321.06	847.03	429.91	2
1952	39	1207.2	211.89	1255.67	252.98	2
1953	38	732.42	323.81	849.97	435.27	2
1953	39	1206.95	213.54	1256.63	254.12	2
1954	38	735.36	326.73	854.65	440.44	2
1954	39	1206.21	214.14	1256.34	255.15	2
1955	38	740.6	329.72	863.25	444.89	2
1955	39	1205.94	215	1256.22	257.46	2
1956	38	744.64	332.08	871.88	448.4	2
1956	39	1205.85	215.95	1256.16	258.95	2
1957	38	748.2	334.21	887	455.45	2
1957	39	1205.18	217.58	1256.78	260.78	2
1958	38	751.47	336.24	899.1	459.97	2
1958	39	1204.93	218.18	1257.01	262.08	2
1959	38	755.36	338.88	918.53	466.09	2
1959	39	1204.2	219.68	1257.74	264.48	2
1960	38	759.39	341.12	933.6	470.26	2
1960	39	1203.28	220.87	1258.02	266	2
1961	38	767.3	345.77	957.82	475.59	2
1961	39	1202.29	223.25	1258.11	268.49	2
1962	38	773.56	348.79	976.7	479.44	2
1962	39	1201.28	223.48	1258.14	270.04	2
1963	38	785.43	351.81	1006.04	485.3	2
1963	39	1200.26	224.18	1257.49	271.88	2
1964	38	801.31	355.48	1039.96	490.65	2
1964	39	1198.58	225.71	1256.58	274.48	2
1965	38	814.52	357.45	1066.54	494.5	2
1965	39	1197.31	226.92	1256.23	276.07	2
1966	38	834.15	360.06	1103.24	499.06	2
1966	39	1194.9	228.64	1254.14	278.58	2
1967	38	850.66	362.27	1131.42	502.61	2
1967	39	1192.69	229.27	1253.33	280.13	2
1968	38	875.99	364.97	1170.62	505.76	2
1968	39	1189.28	230.77	1251.09	282.61	2
1969	38	895.38	367.22	1200.98	508.76	2
1969	39	1186.71	231.96	1249.58	284.16	2
1970	38	925.6	369.29	1244.15	513.66	2
1970	39	1182.51	233.03	1247.72	286.64	2
1971	38	949.39	371.3	1276	516.05	2
1971	39	1179.01	234.7	1245.73	288.18	2
1972	38	984.57	373.28	1321.7	519.41	2
1972	39	1172.55	236.61	1243.04	290.01	2
1973	38	1012.11	374.6	1356.95	521.86	2
1973	39	1168.19	237.95	1240.75	291.3	2
1974	38	1051.91	376.33	1405.22	525.26	2
1974	39	1161.42	239.07	1237.32	293.03	2
1975	38	1083.1	378.21	1441.39	524.47	2
1975	39	1154.39	240.11	1234.73	294.28	2
1976	38	1126.89	380.81	1489.38	520.03	2
1976	39	1147.27	241.12	1230.59	296.66	2
1977	38	1177.52	381.69	1542.65	525.55	2
1977	39	1138.19	242.76	1225.17	299.46	2
1978	38	1214.02	382.62	1579.25	529.46	2
1978	39	1131.53	244	1221.18	301.12	2
1979	38	1263.71	384.87	1627.38	528.89	2
1979	39	1122.03	245.09	1214.57	303.65	2
1980	38	1299.62	385.63	1662.42	528.52	2
1980	39	1114.59	244.82	1210.12	305.86	2
1981	38	1346.4	386.51	1709.3	528.29	2
1981	39	1104.8	245.32	1203.35	308.58	2
1982	38	1381.63	386.77	1741.74	528.11	2
1982	39	1097.27	246.77	1198.22	310.86	2
1983	38	1428.79	387.46	1784.35	526.65	2
1983	39	1086.17	250.52	1191.18	313.62	2
1984	38	1462.04	387.65	1813.72	526.02	2
1984	39	1077.53	251.29	1184.7	315.91	2
1985	38	1505.77	388.34	1851.9	523.74	2
1985	39	1066	253.49	1175.86	318.02	2
1986	38	1537.57	388.53	1878.17	522.16	2
1986	39	1057.2	255.6	1169.32	320.06	2
1987	38	1580.78	388.56	1912.59	520.88	2
1987	39	1044.36	257.66	1159.84	322.06	2
1988	38	1610.24	388.52	1935.37	519.72	2
1988	39	1035.07	259.71	1152.43	324.06	2
1989	38	1650.61	388.47	1965.24	519.28	2
1989	39	1022.69	261.75	1141.98	327.37	2
1990	38	1692.4	388.42	1995.76	517.78	2
1990	39	1008.46	263.77	1130.36	330.51	2
1991	38	1719.73	388.36	2015.67	515.88	2
1991	39	997.39	265.15	1122.15	332.29	2
1992	38	1755.34	387.65	2041.94	513.17	2
1992	39	983.07	266.92	1110.8	334.85	2
1993	38	1779.02	388.03	2058.99	510.84	2
1993	39	973.92	268.19	1102.08	337.05	2
1994	38	1812.01	387.48	2082.29	508.66	2
1994	39	959.69	269.93	1090.51	340.42	2
1995	38	1833.38	386.59	2097.64	506.55	2
1995	39	948.69	271.19	1082.39	342.29	2
1996	38	1862.9	385.58	2119.08	505.14	2
1996	39	933.78	272.92	1069.82	345.52	2
1997	38	1883.77	385.2	2133.87	503.99	2
1997	39	923.8	274.18	1060.02	347.99	2
1998	38	1911.82	384.39	2142.91	502.28	2
1998	39	909.27	276.56	1047.41	351.45	2
1999	38	1930.64	382.75	2143.28	500.35	2
1999	39	898.19	278.07	1038.3	353.99	2
2000	38	1956.79	381.48	2180.44	497.68	2
2000	39	882.61	279.24	1025.35	357.49	2
2001	38	1975.44	381.02	2200.67	496.07	2
2001	39	872.43	281.58	1016.11	360.04	2
2002	38	1999.96	381.54	2222.71	494.19	2
2002	39	856.55	283.08	1002.47	364.19	2
2003	38	2026.06	383.09	2244.07	490.2	2
2003	39	841.09	285.55	987.79	368.28	2
2004	38	2043.95	383	2258.4	486.76	2
2004	39	830.34	287.74	976.62	371.06	2
2005	38	2067.01	383.65	2277.64	488.32	2
2005	39	817.51	290.48	962.89	375.28	2
2006	38	2083.17	383.89	2291.92	488.26	2
2006	39	809.13	292.12	953.45	378.75	2
2007	38	2104.97	383.98	2309.16	487.63	2
2007	39	797.85	293.98	941.04	383.23	2
2008	38	2120.72	383.34	2322.07	485.44	2
2008	39	790.06	296.58	932.13	386.8	2
2009	38	2148.5	382.42	2340.2	484.69	2
2009	39	780.29	299.47	920.58	391.31	2
2010	38	2166.43	382.09	2353.42	484.46	2
2010	39	773.75	300.52	912.66	394.88	2
2011	38	2180.13	381.31	2371.07	483.09	2
2011	39	765.08	303.44	902.14	400.02	2
2012	38	2192.47	381.02	2382.93	482.63	2
2012	39	760.26	305.81	894.61	403.85	2
2013	38	2212.24	382.92	2402.01	483.17	2
2013	39	753.54	308.59	886.22	409.73	2
2014	38	2227.46	384.31	2415.08	484.08	2
2014	39	749.42	310.9	880.16	413.83	2
2015	38	2246.35	384.83	2433.97	481.79	2
2015	39	744.26	314.3	872.95	420.46	2
2016	38	2269.3	385.68	2455.01	480.29	2
2016	39	738	318.12	865.96	428.69	2
2017	38	2288.4	385.99	2468.82	479.1	2
2017	39	735.34	321.47	861.72	433.7	2
2018	38	2306.05	386.09	2486.64	476.02	2
2018	39	732	325.27	857.16	441.94	2
2019	38	2319.85	385.43	2498.59	475.6	2
2019	39	729.72	329.23	854.46	446.93	2
2020	38	2338.24	387.87	2513.7	477.5	2
2020	39	727.13	333.92	853.08	455.8	2
2021	38	2352.98	388.77	2528.01	477.58	2
2021	39	727.04	336.3	854.14	462.29	2
2022	38	2373.11	389.76	2542.71	476.97	2
2022	39	725.9	340.97	856.76	471.07	2
2023	38	2386.48	390.77	2552.81	474.76	2
2023	39	725.63	345.28	859.22	478.18	2
2024	38	2406.83	392.48	2561.27	469.21	2
2024	39	725.7	351.35	864.25	489.76	2
2025	38	2420.87	395.16	2564.15	469.33	2
2025	39	726.49	354.91	867.57	498.57	2
2026	38	2440.26	398.81	2564.44	463.89	2
2026	39	728.25	360.03	874.18	508.86	2
2027	38	2452.97	400.77	2563.55	461.3	2
2027	39	729.66	363.85	878.71	517.8	2
2028	38	2472.94	404.92	2562.69	456.25	2
2028	39	731.61	370.98	885.7	528.76	2
2029	38	2496.3	405.46	2561.54	451.71	2
2029	39	735.65	378.78	895.5	543.71	2
2030	38	2511.68	408.52	2560.38	450.46	2
2030	39	737.92	384.27	902.52	553.18	2
2031	38	2533.39	410.11	2559.73	449.48	2
2031	39	741.42	392.05	912.94	567.5	2
2032	39	744.73	398.79	920.79	579.25	2
2033	39	747.99	407.05	931.5	593.81	2
2034	39	749.9	413.33	939.42	610.09	2
2035	39	753.85	422.62	950.74	630.79	2
2036	39	756.66	429.32	958.88	647.56	2
2037	39	760.32	440.66	970.26	669.07	2
2038	39	766.18	450.07	979.67	684.88	2
2039	39	765.91	461.23	990.25	709.19	2
2040	39	765.78	471.14	997.4	728.53	2
2041	39	765.68	486.27	1007.67	753.54	2
2042	39	765.61	503.46	1019.79	782.67	2
2043	39	763.66	515.11	1027.56	805.17	2
2044	39	760.32	530.24	1038.04	843.36	2
2045	39	757.72	539.79	1045.78	873.69	2
2046	39	752.87	553.37	1057.49	923.51	2
2047	39	749.07	564.2	1066.97	959.12	2
2048	39	739.98	583.85	1078.73	1020.85	2
2049	39	733.89	600.19	1086.34	1063.74	2
2050	39	723.28	627.66	1099.85	1135.77	2
2051	39	714.74	650.21	1110.02	1191.97	2
2052	39	701.95	683.85	1125.78	1279.11	2
2053	39	691.31	709.49	1137.49	1348.1	2
2054	39	670.84	751.69	1155.08	1412.58	2
2055	39	648.52	806.01	1172.45	1438.51	2
2056	39	630.29	845.51	1188.54	1447.05	2
2057	39	645.31	903.84	1206.6	1448.82	2
2058	39	648.69	951.38	1190.15	1447.43	2
2059	39	650.32	1033.25	1177.84	1444.65	2
2060	39	650.48	1099.96	1172.14	1441.78	2
2061	39	655.9	1213.18	1165.15	1439.1	2
2062	39	663.42	1308.61	1157.59	1438.33	2
2102	40	1213	200	1249	230	2
2103	40	1213	200	1249	230.8	2
2104	40	1213	201.53	1249	232.48	2
2105	40	1213	202.05	1249	233.83	2
2106	40	1213	202.18	1249	234.95	2
2107	40	1213	203.61	1249.72	236	2
2108	40	1213	204.09	1249.97	236.31	2
2109	40	1213	204.92	1250.74	237.75	2
2110	40	1213	205.2	1251.01	238.92	2
2111	40	1213	205.94	1251.1	240.64	2
2112	40	1213	206.86	1251.12	241.26	2
2113	40	1213	207.84	1251.78	242.77	2
2114	40	1212.34	208.19	1252.02	243.96	2
2115	40	1212.09	208.95	1252.76	245.68	2
2116	40	1211.34	209.22	1252.38	246.3	2
2117	40	1210.41	210.6	1252.87	247.8	2
2118	40	1210.05	211.11	1253.05	248.99	2
2119	40	1209.28	212.58	1253.11	250.7	2
2120	40	1208.99	213.78	1253.13	252.63	2
2121	40	1208.89	214.21	1253.77	253.32	2
2122	40	1208.86	215	1254.01	255.5	2
2123	40	1208.21	215.92	1254.1	256.29	2
2124	40	1207.97	217.55	1254.12	258.5	2
2125	40	1207.88	218.8	1254.12	259.96	2
2126	40	1206.56	219.9	1254.11	261.77	2
2127	40	1206.71	220.94	1254.1	263.72	2
2128	40	1205.48	222.61	1254.09	265.72	2
2129	40	1205.02	223.87	1254.08	267.09	2
2130	40	1203.56	224.32	1254.07	268.86	2
2131	40	1203.01	225.1	1254.07	270.14	2
2132	40	1200.87	226.67	1252.76	271.88	2
2133	40	1198.77	227.89	1251.61	273.8	2
2134	40	1197.33	228.98	1250.51	275.78	2
2135	40	1194.85	230.66	1249.45	277.79	2
2136	40	1192.64	231.27	1248.4	279.15	2
2137	40	1189.23	232.76	1247.36	281.57	2
2138	40	1186.66	233.3	1246.32	283.1	2
2139	40	1182.49	234.77	1244	285.57	2
2140	40	1178.99	235.95	1242.48	287.12	2
2141	40	1173.83	237.02	1239.34	288.95	2
2142	40	1169.95	238.69	1236.85	290.25	2
2143	40	1164	239.94	1233.98	291.98	2
2144	40	1159.21	241.04	1231.62	293.24	2
2145	40	1152.3	242.72	1226.91	294.97	2
2146	40	1143.92	244.63	1221.9	297.53	2
2147	40	1137.56	244.66	1218.08	299.75	2
2148	40	1129.42	245.29	1212.17	301.85	2
2149	40	1123.78	246.14	1207.99	303.89	2
2150	40	1114.66	247.08	1201.94	306.56	2
2151	40	1107.4	247.4	1197.11	308.18	2
2152	40	1097.67	249.43	1190.19	311.32	2
2153	40	1089.54	252.12	1184.37	313.77	2
2154	40	1078.2	254.43	1176.44	315.94	2
2155	40	1070.1	255.92	1170.25	318.01	2
2156	40	1058.15	258.4	1161.54	320.03	2
2157	40	1049.2	259.96	1155.07	322.03	2
2158	40	1035.66	262.46	1144.99	324.03	2
2159	40	1021	264.02	1133.53	327.35	2
2160	40	1009.72	265.21	1125.35	329.84	2
2160	41	1200	192	1238	226	2
2161	40	994.69	266.91	1114.01	332.67	2
2161	41	1199.2	192.8	1238	226.8	2
2162	40	985.22	268.82	1104.64	334.98	2
2162	41	1199.05	193.72	1238	227.72	2
2163	40	969.58	270.14	1092.16	337.75	2
2163	41	1198.99	194.81	1238	229.59	2
2164	40	958.67	271.25	1083.04	340.03	2
2164	41	1198.98	195.13	1238	230.15	2
2165	40	942.51	273.57	1070.07	342.77	2
2165	41	1198.98	195.2	1238	231.72	2
2166	40	930.11	274.41	1060.12	345.05	2
2166	41	1198.98	195.89	1238	232.92	2
2167	40	914.68	275.98	1046.2	349.09	2
2167	41	1198.29	196.81	1238	234	2
2168	40	903.23	277.82	1035.9	351.22	2
2168	41	1198.05	197.8	1238	235.02	2
2169	40	888.17	280.43	1022.5	354.55	2
2169	41	1197.29	198.81	1237.33	236.03	2
2170	40	877.54	282.03	1012.44	357.04	2
2170	41	1197.01	199.17	1237.08	237.03	2
2171	40	862.81	283.89	997.83	360.51	2
2171	41	1196.92	199.94	1236.99	238.02	2
2172	40	846.47	286.5	982.12	365	2
2172	41	1196.23	201.52	1236.29	239.02	2
2173	40	835.41	288.74	971.24	367.3	2
2173	41	1195.98	202.1	1236.04	240.02	2
2174	40	822.47	291.5	958.3	371.33	2
2174	41	1195.23	202.95	1235.95	241.68	2
2175	40	814.04	293.14	948.5	374.08	2
2175	41	1194.96	203.24	1235.92	242.92	2
2176	40	800.78	295.01	935.98	378.29	2
2176	41	1193.56	203.98	1235.92	244.67	2
2177	40	792.23	296.96	927.02	381.11	2
2177	41	1193.04	204.24	1235.92	245.3	2
2178	40	782.21	298.95	914.81	385.34	2
2178	41	1192.85	206.27	1235.93	246.8	2
2179	40	776.24	300.3	906.65	388.16	2
2179	41	1192.8	207.68	1235.93	247.99	2
2180	40	767.14	303.34	896.05	393.68	2
2180	41	1192.14	208.19	1235.94	249.05	2
2181	40	761.5	305.75	889.83	397.65	2
2181	41	1191.25	208.35	1235.95	250.07	2
2182	40	753.82	309.21	880.6	402.95	2
2182	41	1190.27	209.04	1236.6	251.73	2
2183	40	749.35	311.12	874.22	406.83	2
2183	41	1189.91	209.28	1236.86	252.97	2
2184	40	744.07	314.38	866.23	412.73	2
2184	41	1189.14	209.99	1236.96	254.71	2
2185	40	738.48	318.15	858.98	418.77	2
2185	41	1188.22	210.89	1236.99	256.64	2
2186	40	735.41	320.83	855.32	422.28	2
2186	41	1187.23	211.22	1237.01	257.98	2
2187	40	732.58	323.73	849.63	428.68	2
2187	41	1186.87	212.61	1237.01	259.76	2
2188	40	731.21	327.35	846.55	433.6	2
2188	41	1186.1	213.78	1236.36	261.04	2
2189	40	728.96	331.91	843.05	441.83	2
2189	41	1185.82	214.85	1236.11	263.44	2
2190	40	727.04	335.52	841.38	447.46	2
2190	41	1185.09	215.24	1236.67	264.97	2
2191	40	724.54	339.41	840.34	454.65	2
2191	41	1184.82	216	1236.88	266.8	2
2192	40	722.47	343.41	840.17	462.43	2
2192	41	1184.09	216.92	1236.32	268.11	2
2193	40	721.21	348.72	841.62	472.36	2
2193	41	1183.18	217.9	1236.1	269.86	2
2194	40	720.24	353.26	843	479.92	2
2194	41	1182.85	218.25	1236.01	271.13	2
2195	40	720.02	358.14	845.64	491.68	2
2195	41	1182.09	219	1235.98	272.22	2
2196	40	719.41	363.13	847.42	501.19	2
2196	41	1181.17	219.92	1235.98	273.88	2
2197	40	718.66	369.46	850.16	506.66	2
2197	41	1179.54	220.89	1235.32	275.77	2
2198	40	717.82	377.63	854.53	520.83	2
2198	41	1177.63	221.24	1234.42	277.75	2
2199	40	716.94	383.23	858.2	531.2	2
2199	41	1176.92	222	1234.08	279.11	2
2200	40	716.04	390.4	862.25	543.36	2
2200	41	1175.38	222.91	1233.31	280.88	2
2201	40	715.78	396.28	865.78	555.56	2
2201	41	1173.51	223.24	1233.02	282.15	2
2202	40	715.76	404.82	871.68	572.21	2
2202	41	1171.53	225.93	1231.62	283.89	2
2203	40	716.45	412.48	876.52	587.41	2
2203	41	1170.15	228.26	1231.08	285.81	2
2204	40	715.51	422.34	883.55	605.21	2
2204	41	1167.06	229.11	1229.59	287.79	2
2205	40	715.83	429.89	888.8	621.48	2
2205	41	1164.62	228.75	1229.03	289.15	2
2206	40	715.38	441.57	895.94	645.33	2
2206	41	1161.78	229.87	1227.54	290.91	2
2207	40	715.24	451.08	901.87	662.06	2
2207	41	1159.43	230.93	1226.98	291.53	2
2208	40	715.24	464.18	911.78	686.72	2
2208	41	1155.99	231.95	1224.85	292.36	2
2209	40	714.63	475.49	918.77	705.61	2
2209	41	1152.13	232.31	1224.04	293.93	2
2210	40	714.44	491.8	927.8	731.72	2
2210	41	1147.49	234.37	1221.83	295.14	2
2211	40	713.76	511.32	938.86	765.68	2
2211	41	1141.89	236.44	1219.06	297.51	2
2212	40	712.26	525.76	947.55	789.45	2
2212	41	1137.85	237.19	1216.73	298.36	2
2213	40	708.53	543.27	956.56	830.05	2
2213	41	1132.5	238.75	1213.92	300.6	2
2214	40	705.83	555.61	964.42	861.91	2
2214	41	1127.93	239.3	1211.58	302.05	2
2215	40	701.63	572.16	976.24	909.18	2
2215	41	1121.11	238.17	1208.14	304.51	2
2216	40	696.86	586.02	986.43	950.6	2
2216	41	1115.99	237.72	1205.57	306.69	2
2217	40	686.84	613.61	999.14	1016.97	2
2217	41	1108.33	237.51	1202.05	308.78	2
2218	40	678.54	638.68	1009.06	1071.65	2
2218	41	1102.25	239.33	1199.44	310.82	2
2219	40	666.5	677.04	1023.49	1161.88	2
2219	41	1092.97	241.97	1194.66	312.85	2
2220	40	656.77	706.98	1035.33	1236.3	2
2220	41	1086.89	243.61	1190.29	314.22	2
2221	40	639.23	755.07	1049.27	1350.69	2
2221	41	1076.33	244.86	1183.51	316.64	2
2222	40	624.84	795.7	1063.98	1413.38	2
2222	41	1069.15	245.3	1179.02	318.16	2
2223	40	569.6	858.66	1075.96	1439.6	2
2223	41	1058.82	246.74	1172.86	320.63	2
2224	40	548.2	942.47	1092.78	1448.69	2
2224	41	1046.66	249.86	1164.81	322.82	2
2225	40	562.7	1009.79	1082.46	1448.92	2
2225	41	1038.85	252.34	1158.54	324.24	2
2226	40	574.01	1126.87	1078.71	1446.29	2
2226	41	1026.37	254.55	1149.78	327.35	2
2227	40	587.05	1230.71	1073.12	1442.54	2
2227	41	1016.59	255.34	1143.28	329.11	2
2228	41	1003.38	256.24	1134.47	331.67	2
2229	41	993.95	256.55	1127.96	333.24	2
2230	41	980.9	258.57	1118.51	335.72	2
2231	41	971.56	259.95	1111.13	337.26	2
2232	41	959.18	261.74	1101.35	340.39	2
2233	41	949.49	263.03	1093.22	342.17	2
2234	41	936.99	264.13	1081.87	345.38	2
2235	41	927.27	264.51	1073.79	347.2	2
2236	41	913.47	265.26	1061.83	350.42	2
2237	41	899.38	266.8	1050.31	352.88	2
2238	41	890.38	269.3	1040.93	355.05	2
2239	41	877.52	270.88	1029.12	357.76	2
2240	41	867.73	272.08	1020.96	360.02	2
2241	41	857.89	273.57	1011.65	362.8	2
2242	41	848.05	275.06	1002.34	365.58	2
2243	41	835.56	276.95	990.97	369.18	2
2244	41	828.63	279.57	981.8	371.76	2
2245	41	817.12	280.5	970.11	375.29	2
2246	41	810.5	282.11	961.44	377.21	2
2247	41	801.09	284.61	951.27	381.13	2
2248	41	794.6	286.16	942.52	383.85	2
2249	41	785.22	287.99	932.98	387.41	2
2250	41	776.74	289.94	922.47	392.6	2
2251	41	771.94	290.63	914.93	395.15	2
2252	41	765.84	292.77	906.5	400.58	2
2253	41	762.58	294.19	901.08	403.87	2
2254	41	757.68	297.27	893.41	408.92	2
2255	41	754.84	299.04	888.94	412.07	2
2256	41	750.72	300.31	882.93	417.06	2
2257	41	748.8	303.33	879.03	420.17	2
2258	41	747.01	305.73	874.55	426.45	2
2259	41	745.25	305.96	872.55	430.69	2
2260	41	743.46	310.48	868.71	438	2
2261	41	740.99	311.54	866.22	442.67	2
2262	41	736.9	317.68	864.19	450.14	2
2263	41	734.86	329.7	862.95	458.08	2
2264	41	734.26	336.93	863.35	463.6	2
2265	41	732.86	332.95	866.32	472.76	2
2266	41	732.43	333.4	868.2	478.64	2
2267	41	731.74	336.01	871.01	489.1	2
2268	41	730.93	338.86	873.47	496.87	2
2269	41	730.06	343.73	877.09	508.04	2
2270	41	729.81	347.48	880.47	516.08	2
2271	41	729.79	353.33	884.41	528.61	2
2272	41	729.86	358.72	888.54	535.89	2
2273	41	729.95	365.24	894.03	550.05	2
2274	41	729.39	370.22	897.43	561.09	2
2275	41	729.23	377.81	903.89	575.41	2
2276	41	729.21	387.05	910.85	593.53	2
2277	41	729.25	393.75	916.73	606.77	2
2278	41	728.03	402.62	922.81	626.35	2
2279	41	726.95	409.15	927.68	642.65	2
2280	41	725.92	420.45	934.63	665.9	2
2281	41	724.91	428.57	939.18	683.02	2
2282	41	722	441.13	946.62	708.46	2
2283	41	719.62	450.99	951.99	728.29	2
2284	41	715.54	466.11	959.09	756.65	2
2285	41	712.07	476.96	964.31	776.97	2
2286	41	706.3	493.1	971.97	808.67	2
2287	41	701.55	504.31	976.78	838.43	2
2288	41	693.38	518.6	985.52	883.11	2
2289	41	683.3	533.43	995.15	942.09	2
2290	41	674.97	547.84	1003.26	985.77	2
2291	41	661.04	572.05	1013.89	1053.85	2
2292	41	648.73	593.32	1023	1109.17	2
2292	43	2144	1362	2541	1438	2
2293	41	630.76	627.69	1031.52	1195.97	2
2293	43	2048	1228	2559	1435	2
2294	41	615.57	656.09	1041.01	1266.71	2
2294	43	2026.4	1181.6	2559	1435	2
2295	41	590.91	698.22	1054.65	1378.68	2
2295	43	1988.83	1101.2	2559	1432.12	2
2296	41	570.03	732.74	1066.17	1426.04	2
2296	43	1961.52	1038.43	2559	1430.98	2
2297	41	536.33	787.86	1078.74	1444.84	2
2297	43	1931.58	961.01	2510.11	1432.47	2
2298	41	509.35	833.45	1091.67	1449.01	2
2298	43	1913.11	905.14	2460.9	1430.1	2
2299	41	520.72	904.79	1080.14	1448.27	2
2299	43	1894.56	845.7	2388.13	1353.37	2
2300	41	518.56	964.84	1076.69	1446.32	2
2300	43	1882.51	807.38	2339.94	1284.16	2
2301	41	515.42	1076.11	1074.56	1443.86	2
2301	43	1869.5	759.49	2283.86	1185.43	2
2302	41	518.35	1238.2	1060.04	1443.34	2
2302	43	1859.85	708.22	2228.73	1093.68	2
2303	41	522.54	1369.62	1033.82	1441.05	2
2303	43	1854.96	676.85	2196.46	1031.72	2
2304	43	1849.76	641.81	2159.69	966.14	2
2305	43	1847.48	619.39	2138.56	918.11	2
2306	43	1844.37	591.46	2113.17	864.76	2
2307	43	1843.22	575.69	2097.49	830.25	2
2308	43	1841.05	555.93	2077.25	795.86	2
2309	43	1840.75	544.58	2064.32	770.68	2
2310	43	1842.38	528.85	2049.83	740.74	2
2311	43	1844.67	517.9	2040.68	720.48	2
2312	43	1847.74	504.03	2032.25	699.69	2
2313	43	1849.59	494.71	2026.91	687.07	2
2314	43	1853.13	481.93	2019.47	665.86	2
2315	43	1856.54	467.26	2014.99	643.77	2
2316	43	1858.37	458.85	2012.72	628.99	2
2317	43	1860.38	447.65	2010.33	611.07	2
2318	43	1862.45	440.34	2008.59	599.7	2
2319	43	1864.52	430.8	2005.6	584.9	2
2320	43	1866.6	424.64	2004.96	573.75	2
2321	43	1868.65	415.45	2003.64	558.96	2
2322	43	1870.01	410.03	2002.07	549.8	2
2323	43	1872.5	402.4	2000.38	536.98	2
2324	43	1874.01	396.77	1998.64	527.72	2
2325	43	1875.17	389.01	1996.84	516.86	2
2326	43	1875.51	384.62	1995.01	508.17	2
2327	43	1874.89	379.36	1991.08	498.17	2
2328	43	1872.54	371.67	1987.79	488.35	2
2329	43	1871	367.24	1985.39	481.3	2
2330	43	1868.38	361.89	1981.28	472.47	2
2331	43	1865.39	358.27	1978.57	466.43	2
2332	43	1859.6	352.48	1974.35	457.89	2
2333	43	1856.16	348.65	1971.59	452.58	2
2334	43	1849.6	344.14	1966.04	446.31	2
2335	43	1843.89	340.73	1961.44	441.74	2
2336	43	1835.87	335.67	1954.56	435.02	2
2337	43	1828.98	332.71	1948.81	430.24	2
2338	43	1819.91	327.8	1940.86	422.74	2
2339	43	1812	324.89	1934.07	419.02	2
2340	43	1801.27	322.68	1923.78	413.9	2
2341	43	1788.8	318.7	1912.82	406.92	2
2341	44	2032	1279	2558	1435	2
2342	43	1779.69	316.79	1904.28	402.68	2
2342	44	2007.2	1228.6	2558.8	1434.2	2
2343	43	1766.58	310.82	1892.72	397.35	2
2343	44	1958.48	1146.7	2558.95	1433.36	2
2344	43	1757.91	308.82	1883.98	392.95	2
2344	44	1924.33	1083.06	2558.27	1432.4	2
2345	43	1745	305.58	1871.7	388.26	2
2345	44	1885.15	1004.12	2550.17	1431.97	2
2346	43	1734.46	303.22	1862.05	384.09	2
2346	44	1861.29	948.1	2469.44	1432.39	2
2347	43	1720.89	299.13	1848.82	378.76	2
2347	44	1835.06	884.96	2375.9	1394.32	2
2348	43	1711.44	297.13	1838.83	375.03	2
2348	44	1819.34	839.94	2315.27	1341.37	2
2349	43	1697.63	293.17	1824.81	369.85	2
2349	44	1801.86	790.09	2250.13	1246.62	2
2350	43	1686.81	290.52	1814.56	366.83	2
2350	44	1791.83	755.69	2206.85	1176.41	2
2351	43	1671.86	287.67	1800.49	361.89	2
2351	44	1781.78	712.26	2155.05	1094.52	2
2352	43	1661.95	286.11	1789.58	359.64	2
2352	44	1775.47	685.52	2123.27	1039.47	2
2353	43	1647.35	284.32	1774.6	354.96	2
2353	44	1767.02	658.21	2084.59	973.54	2
2354	43	1631.66	281.09	1757.43	351.43	2
2354	44	1761.6	628.09	2049.59	900.17	2
2355	43	1620.2	279.36	1745.42	347.62	2
2355	44	1759.27	611.21	2029.85	860.38	2
2356	43	1605.71	276.83	1730.06	344.4	2
2356	44	1757.62	588.06	2005.61	816.2	2
2357	43	1596.07	274.67	1718.77	342.73	2
2357	44	1752.56	574.44	1989.66	794.42	2
2358	43	1582.26	272.64	1703.03	338.91	2
2358	44	1749.87	557.02	1972.13	759	2
2359	43	1572.23	270.67	1692.96	335.65	2
2359	44	1754.54	545.08	1962.24	737.07	2
2360	43	1559.62	268.71	1677.69	331.92	2
2360	44	1757.13	528.73	1950.25	713.59	2
2361	43	1550.71	266.74	1667.14	330.06	2
2361	44	1758.22	519.38	1943.29	698.74	2
2362	43	1537.82	264.1	1651.67	327.49	2
2362	44	1761.59	505.94	1934.71	678.22	2
2363	43	1530.16	262.55	1641.07	324	2
2363	44	1764.3	496.69	1931.5	662.73	2
2364	43	1517.71	258.71	1626.91	320.84	2
2364	44	1768.81	483.16	1930.39	641.83	2
2365	43	1509.55	256.73	1617.5	319.13	2
2365	44	1771.77	474.43	1930.66	626.02	2
2366	43	1498.92	254.75	1604.45	315.3	2
2366	44	1775.57	462.38	1931.22	609.11	2
2367	43	1486.7	252.79	1590.05	312	2
2367	44	1781.04	450.52	1933.95	591.02	2
2368	43	1479.3	250.81	1579.88	308.9	2
2368	44	1784.98	443.64	1935.94	579.52	2
2369	43	1468.94	248.84	1567.89	305.88	2
2369	44	1791.81	434.21	1940.36	565.31	2
2370	43	1461.53	247.54	1559.29	304.23	2
2370	44	1796.2	428.75	1943.53	555.71	2
2371	43	1453.17	245.13	1547.86	301.06	2
2371	44	1803.12	420.45	1947.55	541.38	2
2372	43	1446.49	243.66	1539.45	298.67	2
2372	44	1808.9	415.34	1950.5	533.77	2
2373	43	1439.04	242.53	1528.74	295.22	2
2373	44	1817.66	407.75	1955.07	522.77	2
2374	43	1433.36	241.54	1521.27	294.1	2
2374	44	1823.38	402.08	1957.47	515.46	2
2375	43	1425.55	240.57	1510.86	291.1	2
2375	44	1830.71	395.65	1960.41	505.22	2
2376	43	1421.07	239.63	1504.15	290.13	2
2376	44	1835.88	391.05	1962.17	497.4	2
2377	43	1415.73	238.67	1494.68	287.85	2
2377	44	1842.32	384.28	1963.49	486.94	2
2378	43	1412.14	237.72	1488.33	286.45	2
2378	44	1845.76	380.19	1962.56	478.98	2
2379	43	1406.37	236.08	1479.62	285.37	2
2379	44	1850.21	372.88	1960.15	470.5	2
2380	43	1401.89	234.19	1471.44	282.37	2
2380	44	1850.82	367.16	1955.09	462.46	2
2381	43	1399.95	233.56	1466.23	280.69	2
2381	44	1850.11	362.7	1952.66	455.29	2
2382	43	1396.79	232.72	1459.25	278.82	2
2382	44	1844.9	356.62	1947.71	449.77	2
2383	43	1393.18	231.79	1454.46	277.55	2
2383	44	1840.9	353.33	1944.65	444.75	2
2384	43	1386.59	229.49	1447.56	275.15	2
2384	44	1831.95	348.36	1938.87	437.92	2
2385	43	1382.41	228.02	1443.37	273.01	2
2385	44	1825.33	344.78	1934.84	432.43	2
2386	43	1378.29	226.88	1439.06	270.62	2
2386	44	1814.92	338.3	1927.45	423.32	2
2387	43	1374.16	225.75	1434.75	268.23	2
2387	44	1806.43	335.54	1921.48	418.36	2
2388	43	1370.13	224.71	1429.71	264.72	2
2388	44	1794.1	331.38	1912.11	412.83	2
2389	44	1784.29	328.74	1904.75	406.4	2
2390	44	1770.23	323.92	1892.95	400.33	2
2391	44	1759.78	320.35	1884.02	396.41	2
2392	44	1743.57	316.54	1871	388.49	2
2393	44	1725.89	311.97	1854.53	383.21	2
2394	44	1713.45	308.47	1842.53	378.86	2
2395	44	1695.9	303.99	1826.44	373.48	2
2396	44	1682.32	301.88	1814.05	368.41	2
2397	44	1665.05	297.22	1796.55	364.13	2
2398	44	1651.6	294.34	1782.98	359.42	2
2399	44	1633.73	290.77	1764.39	354.57	2
2400	44	1618.79	288.28	1751.14	351.69	2
2401	44	1601.09	286.86	1732.09	347.48	2
2402	44	1589.54	285.16	1718.01	344.16	2
2403	44	1573.74	281.96	1698.59	339.07	2
2404	44	1561.67	279.59	1685.16	336.78	2
2405	44	1546.33	276.14	1666.67	333.41	2
2406	44	1531.1	272.99	1646.92	328.99	2
2407	44	1520.67	271.29	1633.5	326.21	2
2408	44	1507.25	268.09	1616.34	322.67	2
2409	44	1498.85	265.7	1605.29	320.2	2
2410	44	1486.83	263.59	1590.34	316.09	2
2411	44	1478.25	261.6	1580.09	313.4	2
2412	44	1466.81	258.28	1566.1	310.55	2
2413	44	1459.77	255.82	1556.17	308.29	2
2414	44	1450.24	253.69	1542.96	304.93	2
2415	44	1443.89	251.67	1534.7	302.49	2
2416	44	1435.91	249.69	1522.71	298.37	2
2417	44	1430.1	248.41	1514.19	294.97	2
2418	44	1422.95	247.38	1504.12	292.53	2
2419	44	1416.01	245.05	1493.5	289.75	2
2420	44	1411.22	244.3	1486.83	288.2	2
2421	44	1406.43	243.44	1478.05	286.41	2
2422	44	1402.38	242.54	1472.02	285.21	2
2423	44	1398.5	240.25	1464.79	282.86	2
2424	44	1395.41	238.81	1459.25	281.42	2
2425	44	1392.53	237.68	1452.87	279.66	2
2426	44	1390.44	236	1448.99	277.76	2
2427	44	1387.16	234.77	1443.12	275.14	2
2428	44	1384.17	233.72	1439.35	272.93	2
2429	44	1381.24	232.05	1434.86	270.87	2
2457	45	2511	396	2559	447	2
2458	45	2490.2	388	2559	447.8	2
2459	45	2477.78	385.81	2559	446.48	2
2460	45	2455.69	381.96	2559	445.23	2
2461	45	2438.21	378.57	2559	445.56	2
2462	45	2415.05	375.38	2554.72	445.71	2
2463	45	2398.77	372.29	2545.65	443.77	2
2464	45	2381.8	369.22	2527.49	440.38	2
2465	45	2374.02	366.85	2512.28	436.44	2
2466	45	2341.17	365.41	2490.7	433.66	2
2467	45	2321.95	364.99	2475.74	431.34	2
2468	45	2303.28	361.58	2454.03	426.51	2
2469	45	2282.27	357.72	2437.1	424.8	2
2470	45	2257.3	352.42	2424.36	420.93	2
2471	45	2231.53	348.52	2388.91	417.56	2
2472	45	2212.09	344.51	2371.3	416.37	2
2473	45	2190.95	341.14	2350.73	413.38	2
2474	45	2173	338.65	2334.09	411.01	2
2475	45	2147.25	335.85	2311.9	407.57	2
2476	45	2129.47	333.59	2292.12	405.03	2
2477	45	2105.07	330.87	2271.27	400.87	2
2478	45	2089.17	329.3	2255.33	398.74	2
2479	45	2069.45	326.84	2231.51	386.76	2
2479	46	1215	192	1249	223	2
2480	45	2048.18	324.73	2213.76	377.41	2
2480	46	1215	192.8	1249	223.8	2
2481	45	2021.82	322.02	2189.96	373.72	2
2481	46	1214.23	192.95	1248.23	225.5	2
2482	45	2001.94	321.19	2172.91	373.3	2
2482	46	1213.97	193.76	1247.19	226.83	2
2483	45	1978.09	318.94	2148.75	374.65	2
2483	46	1213.92	194.77	1248.41	227.95	2
2484	45	1952.02	316.85	2122.44	373.22	2
2484	46	1213.19	195.8	1249.53	229.71	2
2485	45	1933.64	315.5	2103.23	372.15	2
2485	46	1212.95	196.84	1249.93	230.97	2
2486	45	1908.38	312.43	2078.22	371.2	2
2486	46	1212.2	197.86	1250.74	232.74	2
2487	45	1890.35	309.39	2060.88	373.52	2
2487	46	1211.93	198.88	1250.37	234.02	2
2488	45	1866.55	305.72	2036.62	373.8	2
2488	46	1211.85	199.23	1250.21	235.78	2
2489	45	1849.08	303.71	2018.91	372.7	2
2489	46	1211.83	200.65	1250.14	236.39	2
2490	45	1824.82	302.37	1994.51	369.11	2
2490	46	1211.18	201.16	1250.1	237.89	2
2491	45	1807.18	300	1976.78	366.46	2
2491	46	1210.94	201.99	1250.08	239.07	2
2492	45	1783.51	297.22	1952.36	362.9	2
2492	46	1210.21	202.93	1250.73	240.78	2
2493	45	1766.77	295.59	1933.99	360.96	2
2493	46	1209.94	203.91	1250.97	242.04	2
2494	45	1744.07	292.43	1909.32	358.32	2
2494	46	1209.2	204.91	1251.05	243.78	2
2495	45	1727.06	290	1891.55	355.43	2
2495	46	1208.93	205.92	1251.08	245.05	2
2496	45	1704.23	287.2	1867.1	352.43	2
2496	46	1208.19	206.93	1251.08	246.8	2
2497	45	1680.53	284.25	1840.79	350.06	2
2497	46	1207.92	208.58	1251.08	249.37	2
2498	45	1664.51	281.91	1823.13	347.93	2
2498	46	1206.52	209.19	1251.72	250.96	2
2499	45	1644.69	279.14	1799.38	345.23	2
2499	46	1206	210.69	1251.32	252.82	2
2500	45	1630.15	277.53	1782.73	342.98	2
2500	46	1205.17	211.24	1251.81	254.13	2
2501	45	1612.17	275.7	1759.98	339.57	2
2501	46	1204.22	212.71	1251.34	255.88	2
2502	45	1597.63	273.11	1744.4	337.72	2
2502	46	1203.22	213.25	1251.16	257.15	2
2503	45	1580.27	270.91	1722.68	334.46	2
2503	46	1201.56	214.07	1251.08	259.54	2
2504	45	1567.96	269.51	1711.53	331.34	2
2504	46	1200.3	215	1250.41	261.05	2
2505	45	1551.36	265.74	1689.4	328.94	2
2505	46	1198.54	216.63	1249.49	263.53	2
2506	45	1540.67	263.11	1674.66	326.8	2
2506	46	1197.88	217.87	1249.14	264.43	2
2507	45	1525.3	260.22	1655.19	324.11	2
2507	46	1196.36	218.96	1248.36	266.67	2
2508	45	1514.33	258.56	1641.47	321.87	2
2508	46	1195.16	220.65	1247.41	268.12	2
2509	45	1500.85	256.05	1623.7	319.13	2
2509	46	1192.77	221.26	1246.4	269.92	2
2509	47	1982	1214	2560	1433	2
2510	45	1486.44	253.88	1604.43	315.55	2
2510	46	1189.3	222.11	1245.38	273.15	2
2510	47	1935.6	1122.8	2559.2	1431.4	2
2511	45	1476.49	252.5	1591.49	312.98	2
2511	46	1187.35	223.69	1244.35	274.99	2
2511	47	1911.84	1075.57	2559.05	1430.44	2
2512	45	1465.35	250.74	1575.98	310.79	2
2512	46	1184.7	225.57	1242.67	276.94	2
2512	47	1874.69	997.48	2559.75	1431.39	2
2513	45	1457.23	249.51	1565.06	308.07	2
2513	46	1182.42	226.25	1241.39	278.92	2
2513	47	1853.41	943.6	2559.27	1431.15	2
2514	45	1446.69	247.81	1550.91	305.16	2
2514	46	1179.01	227.78	1239.62	280.92	2
2514	47	1830.17	882.76	2499.09	1431.04	2
2515	45	1439.4	247.26	1541.1	303.52	2
2515	46	1176.45	228.97	1238.31	282.92	2
2515	47	1813.26	838.3	2444.96	1431	2
2516	45	1430.49	245.13	1527.99	300.33	2
2516	46	1171.64	230.69	1235.25	285.58	2
2516	47	1798.64	792.1	2371.68	1382.77	2
2517	45	1424.44	243.75	1519.2	298.59	2
2517	46	1167.91	231.97	1233.44	287.19	2
2517	47	1789.89	761.59	2322.36	1327.95	2
2518	45	1417.27	241.97	1507.77	295.36	2
2518	46	1163.95	233.06	1231.48	289.69	2
2518	47	1780.75	720.34	2265.18	1244.36	2
2519	45	1413.18	241.4	1499.54	292.93	2
2519	46	1159.91	234.1	1229.47	291.24	2
2519	47	1776.58	692.5	2232.09	1184.12	2
2520	45	1406.67	239.91	1488.95	290.12	2
2520	46	1153.92	236.4	1226.16	293.06	2
2520	47	1772.33	659.11	2184.17	1115.38	2
2521	45	1402.05	239.44	1482.37	289.21	2
2521	46	1149.74	237.9	1223.62	293.68	2
2521	47	1769.62	641.93	2154.51	1067.71	2
2522	45	1395.95	238.66	1472.95	286.95	2
2522	46	1143.06	239.73	1219.47	295.82	2
2522	47	1766.38	622.54	2119.21	1005.03	2
2523	45	1390.73	237.76	1463.24	285.55	2
2523	46	1135.44	241.69	1214.7	298.54	2
2523	47	1763.72	600.3	2087.92	935.67	2
2524	45	1387.22	236.81	1456.93	283.78	2
2524	46	1129.99	242.39	1211.6	300.16	2
2524	47	1763.34	584.79	2069.63	894.5	2
2525	45	1381.44	234.49	1448.94	281.87	2
2525	46	1120.94	242.61	1206.62	302.67	2
2525	47	1763.55	564.59	2047.2	862.02	2
2526	45	1379.74	233.69	1443.83	279.91	2
2526	46	1114.33	242.65	1202.19	304.87	2
2526	47	1764.7	551.96	2032.23	834.43	2
2527	45	1373.18	232.11	1438.35	277.93	2
2527	46	1104.83	242.63	1196.68	308.88	2
2527	47	1766.01	539.14	2013.56	804.3	2
2528	45	1370.41	231.59	1433.96	276.62	2
2528	46	1098.06	243.87	1192.05	311.02	2
2528	47	1767.39	531.13	2003.2	781.76	2
2529	45	1345.65	228.75	1428.68	274.2	2
2529	46	1087.24	246.89	1185.2	313.71	2
2529	47	1772.28	517.41	1991.55	759.52	2
2530	45	1337.13	227.1	1424.62	272.71	2
2530	46	1078.7	248.69	1180.06	315.33	2
2530	47	1775.46	507.99	1984.65	746.37	2
2531	46	1066.59	249.98	1171.77	318.47	2
2531	47	1779.39	495.04	1976.08	723.56	2
2532	46	1056.91	251.09	1166.06	320.26	2
2532	47	1781.41	487.9	1972.77	710.72	2
2533	46	1043.11	255.36	1156.94	323.46	2
2533	47	1784.89	478.45	1967.3	691.39	2
2534	46	1033.42	257.63	1149.01	325.27	2
2534	47	1787.45	471.71	1965.47	678.89	2
2535	46	1018.31	259.74	1137.71	328.49	2
2535	47	1791.08	461.61	1964.63	660.25	2
2536	46	1001.16	261.8	1125.14	331.6	2
2536	47	1795.76	450.34	1966.21	641.55	2
2536	48	2101	1334	2556	1438	2
2537	46	989.56	263.18	1118.44	334.01	2
2537	47	1798.69	442.81	1967.82	629.06	2
2537	48	2047.4	1282	2548	1434	2
2538	46	973.18	265.6	1105.18	337.46	2
2538	47	1803.76	433.76	1970.05	612.41	2
2538	48	1992.57	1197.92	2556.22	1433.32	2
2539	46	961.25	267.12	1094.38	339.35	2
2539	47	1807.52	428.37	1972.49	601.96	2
2539	48	1955.24	1136.01	2559.23	1433.04	2
2540	46	944.69	268.3	1080.72	343.24	2
2540	47	1814.22	420.02	1974.91	588.03	2
2540	48	1916.43	1055.03	2560.09	1431.74	2
2541	46	931.5	269.34	1069.85	345.31	2
2541	47	1819.93	414.78	1978.03	578.41	2
2541	48	1892.53	998.34	2560.25	1431.73	2
2542	46	914.48	269.69	1054.93	349.25	2
2542	47	1825.92	407.15	1980.63	564.71	2
2542	48	1865.6	933.63	2522.22	1432.33	2
2543	46	901.77	271.7	1043.58	351.98	2
2543	47	1830.65	402.13	1981.66	555.79	2
2543	48	1848.87	886.25	2479.02	1432.6	2
2544	46	884.94	274.38	1029.76	355.54	2
2544	47	1836.96	396.59	1982.79	544.34	2
2544	48	1831.31	833.62	2410.04	1397.13	2
2545	46	873	276.01	1019.54	358.11	2
2545	47	1841.79	392.27	1984.64	536.15	2
2545	48	1819.64	799.24	2362.08	1347.56	2
2546	46	859.63	277.6	1006.65	361.33	2
2546	47	1848.12	384.87	1985.33	524.2	2
2546	48	1804.95	758.75	2305.05	1264.05	2
2547	46	846.25	279.2	993.76	364.56	2
2547	47	1852.24	380.53	1986.31	517.13	2
2547	48	1798.32	729.11	2263.63	1200.33	2
2548	46	831.03	282.44	977.48	368.29	2
2548	47	1856.95	373.11	1986.67	506.92	2
2548	48	1790.12	691.99	2215.46	1125.08	2
2549	46	815.24	285.55	961.3	372.23	2
2549	47	1861.86	367.34	1985.44	495.58	2
2549	48	1782.77	656.57	2169.9	1051.51	2
2550	46	804.44	287.3	951.04	375.6	2
2550	47	1865.46	363.56	1984.32	487.98	2
2550	48	1778.46	638.12	2142.12	1003.92	2
2551	46	792.23	289.85	937.72	380.05	2
2551	47	1868.6	359.06	1981.17	478.9	2
2551	48	1772.02	613.59	2110.92	944.72	2
2552	46	783.45	290.75	927.86	382.97	2
2552	47	1868.78	355.01	1978.69	472.07	2
2552	48	1767.75	597.31	2090.83	901.95	2
2553	46	773.31	292.97	916.01	387.89	2
2553	47	1864.54	348.32	1976.49	463.22	2
2553	48	1764.74	575.26	2064.94	855.01	2
2554	46	766.65	293.76	907.38	391.63	2
2554	47	1860.26	344.13	1973.72	457.76	2
2554	48	1762.94	561	2047.93	825.13	2
2555	46	758.61	297.86	897.3	396.2	2
2555	47	1853.9	338.78	1970.07	449.39	2
2555	48	1762.05	544.88	2025.75	796.19	2
2556	46	753.38	299.38	890	399.81	2
2556	47	1848.18	336.43	1966.11	444.76	2
2556	48	1762.23	535.1	2012.72	777.43	2
2557	46	747.84	301.84	881.05	404.33	2
2557	47	1838.72	333.09	1960.05	437.34	2
2557	48	1763.3	520.99	1998.84	752.19	2
2558	46	744.88	303.36	875.52	407.91	2
2558	47	1829.94	329.39	1955.88	431.65	2
2558	48	1764.67	511.67	1990.45	733.79	2
2559	46	742.81	306.47	869.2	413.71	2
2559	47	1817.54	324.16	1948.51	423.12	2
2559	48	1766.73	496.83	1978.63	713.43	2
2560	46	742.45	308.24	864.62	417.13	2
2560	47	1808.32	321.14	1942.54	417.69	2
2560	48	1768.33	489.05	1972.16	699.92	2
2561	46	743.34	308.86	859.97	421.56	2
2561	47	1794.48	317.52	1931.9	411.3	2
2561	48	1771.09	478.15	1964.37	681.14	2
2562	46	747.42	312.89	858.03	425.74	2
2562	47	1778.26	311.63	1918.2	403.87	2
2562	48	1774.97	466.1	1958.3	659.73	2
2563	46	751.24	315.04	859.82	429.82	2
2563	47	1765.03	308.34	1908.52	399.48	2
2563	48	1778.46	458.48	1954.84	646.43	2
2564	46	754.78	318.38	868.91	435.8	2
2564	47	1747.84	304.62	1893.96	394.12	2
2564	48	1781.04	447.45	1952.84	626.12	2
2565	46	757.41	320.25	878.84	440.57	2
2565	47	1734.29	302.11	1882.69	389.76	2
2565	48	1783.31	439.42	1951.93	614.52	2
2566	46	760.41	322.83	893.74	445.52	2
2566	47	1716.35	297.98	1866.24	383.72	2
2566	48	1787.54	430.24	1952.03	598.86	2
2567	46	762.23	323.76	907.11	449.24	2
2567	47	1702.57	295.3	1853.64	379.09	2
2567	48	1790.37	424.84	1953.15	588.75	2
2568	46	766.77	326.62	926.95	456.35	2
2568	47	1683.27	290.42	1835.39	373.61	2
2568	48	1794.06	416.56	1954.5	575.65	2
2569	46	771.09	329.59	942.9	460.27	2
2569	47	1669.69	287.46	1821.52	368.48	2
2569	48	1798.04	411.37	1955.93	564.92	2
2570	46	778.48	332.61	966.19	464.86	2
2570	47	1651.13	284.53	1802.14	362.13	2
2570	48	1803.49	402.43	1958.02	551.55	2
2571	46	785.78	335	984.74	468.44	2
2571	47	1637.24	282.28	1787.9	358.07	2
2571	48	1807.4	397.65	1959.63	543.41	2
2572	46	797.48	337.78	1012.11	472.26	2
2572	47	1619.24	278.9	1767.76	354.8	2
2572	48	1813.47	389.48	1963.07	531.55	2
2573	46	807.11	339.42	1034.73	475.53	2
2573	47	1606.28	276.45	1753.95	351.13	2
2573	48	1818.26	386.3	1964.42	523.86	2
2574	46	824.05	342.56	1066.75	479.89	2
2574	47	1589.96	273.68	1734	346.63	2
2574	48	1823.95	380.75	1966.36	514.2	2
2575	46	845.73	345.64	1106.15	484.02	2
2575	47	1571.68	270.79	1715.66	342.51	2
2575	48	1829.94	372.94	1967.8	503.79	2
2576	46	860.6	347.39	1135.45	487.42	2
2576	47	1559.38	269.19	1699.36	339.19	2
2576	48	1833.98	369.12	1968.37	497.88	2
2577	46	886.45	349.28	1175.04	491.18	2
2577	47	1544.66	266.72	1680.46	335.48	2
2577	48	1839.37	364.66	1969.97	488.76	2
2578	46	907.99	351.22	1205.65	493.78	2
2578	47	1533.74	264.59	1667.33	333.65	2
2578	48	1842.49	362.03	1969.88	481.91	2
2579	46	937.86	351.88	1248.34	497.24	2
2579	47	1518.83	261.9	1649.64	329.78	2
2579	48	1846.85	357.26	1969.18	473.78	2
2580	46	962.1	354.01	1281.23	499.09	2
2580	47	1510.52	259.69	1636.99	327.2	2
2580	48	1849.6	353.78	1968.26	468.6	2
2581	46	998.7	356.05	1326.69	501.61	2
2581	47	1497.91	256.97	1620.8	323.72	2
2581	48	1851.09	350.04	1966.57	462.37	2
2582	46	1026.22	358.72	1361.26	503.09	2
2582	47	1489.8	255.41	1610.11	321.26	2
2582	48	1852.15	346.9	1964.61	457.82	2
2583	46	1067.27	360.97	1408.63	503.51	2
2583	47	1477.88	252.26	1595.97	318.5	2
2583	48	1851	342.58	1961.2	450.42	2
2584	46	1098.34	362.4	1443.18	504.2	2
2584	47	1469.98	251.19	1585.32	315.61	2
2584	48	1848.41	339.21	1958.65	446.77	2
2585	46	1142.75	363.51	1490.58	506.33	2
2585	47	1460.16	248.9	1571.87	312.01	2
2585	48	1843.33	335.46	1955.07	439.65	2
2586	46	1176.24	365.18	1524.97	507.7	2
2586	47	1453.71	247.49	1562.83	310.16	2
2586	48	1838.75	332.28	1952.47	436.07	2
2587	46	1224.82	366.39	1572.97	504.81	2
2587	47	1445.04	245.05	1550.6	306.93	2
2587	48	1830.36	327.92	1947.58	429.63	2
2588	46	1277.31	366.76	1624.32	504.25	2
2588	47	1435.55	242.9	1537.2	303.86	2
2588	48	1821.31	323.81	1941.2	422.16	2
2589	46	1313.61	366.83	1660.59	503.98	2
2589	47	1429.88	241.53	1528.86	301.52	2
2589	48	1813.31	321.16	1936.23	418.42	2
2590	46	1362.49	366.79	1705.35	502.49	2
2590	47	1422.8	239.1	1518.2	298.78	2
2590	48	1803.14	317.66	1928.55	413.26	2
2591	46	1397.88	366.71	1736.31	501.21	2
2591	47	1417.95	238.3	1511.51	295.88	2
2591	48	1794.77	315.2	1922.46	409.63	2
2591	49	2059	1327	2526	1438	2
2592	46	1444.47	367.3	1777.77	499.35	2
2592	47	1411.81	237.43	1500.72	291.57	2
2592	48	1782.55	311.09	1913.06	403.15	2
2592	49	1999	1236.6	2552.4	1434	2
2593	46	1478.09	367.47	1804.67	498.62	2
2593	47	1407.98	235.85	1493.96	290.16	2
2593	48	1772.8	307.05	1905.7	396.99	2
2593	49	1972.05	1189.79	2557.21	1434	2
2593	50	1202	200	1235	228	2
2594	46	1524.68	367.49	1840.66	497.67	2
2594	47	1402.14	234.67	1485.15	288.4	2
2594	48	1759.46	303.71	1893.91	391.61	2
2594	49	1929.36	1112.16	2559.05	1432.1	2
2594	50	1202	200.8	1235	229.6	2
2595	46	1557.45	367.46	1866.71	496.63	2
2595	47	1399.73	234.31	1479.75	287.2	2
2595	48	1748.65	301.31	1884.98	387.89	2
2595	49	1903.66	1057.36	2559.6	1431.88	2
2595	50	1202	200.95	1235	230.67	2
2596	46	1600.41	366.74	1901.83	495.57	2
2596	48	1733.64	297.88	1871.97	384.75	2
2596	49	1874.1	988.78	2524.75	1431.81	2
2596	50	1202	201.77	1235.78	231.8	2
2597	46	1631.67	365.78	1924.84	494.5	2
2597	48	1722.25	295.42	1861.97	381.11	2
2597	49	1856.15	940.83	2484.09	1432.37	2
2597	50	1202	202.77	1236.02	232.88	2
2598	46	1672.07	366.07	1955.53	492.12	2
2598	48	1706.4	291.97	1846.63	371.92	2
2598	49	1836.46	889.25	2416.42	1426.65	2
2598	50	1202	203.81	1236.09	233.92	2
2599	46	1700.93	366.83	1977.55	490.56	2
2599	48	1695.38	288.84	1835.76	367.44	2
2599	49	1825.18	851.33	2369.29	1395.32	2
2599	50	1201.3	204.14	1236.1	234.94	2
2600	46	1739.81	366.42	2008.66	488.66	2
2600	48	1679.03	285.8	1819.44	364.01	2
2600	49	1810.44	809.55	2315.36	1319.32	2
2600	50	1201.05	204.92	1236.09	235.95	2
2601	46	1782.38	365.58	2041.09	485.97	2
2601	48	1659.35	282.13	1800.4	358.92	2
2601	49	1797.27	766.64	2256.22	1229.27	2
2601	50	1200.96	205.85	1236.76	237.64	2
2602	46	1809.19	365.26	2063.05	484.33	2
2602	48	1646.32	279.58	1786.93	357.29	2
2602	49	1791.81	736.51	2221.18	1174.33	2
2602	50	1200.94	206.18	1237	238.23	2
2603	46	1845.31	364.46	2091.52	482.43	2
2603	48	1629.26	276.76	1769.01	353.5	2
2603	49	1785.84	698.76	2179.71	1102.13	2
2603	50	1200.94	206.93	1237.74	239.73	2
2604	46	1869.81	364.83	2112.79	481.09	2
2604	48	1615.96	275.86	1756.03	350.29	2
2604	49	1782.64	674.25	2153.35	1055.32	2
2604	50	1200.94	207.85	1238.67	240.93	2
2605	46	1903.77	364.97	2136.96	479.3	2
2605	48	1599.5	272.96	1737.03	345.26	2
2605	49	1779.37	645.86	2120.49	997.88	2
2605	50	1200.29	209.5	1239.02	242	2
2606	46	1927.49	365.01	2143.66	478.02	2
2606	48	1587.78	270.68	1723.66	342.95	2
2606	49	1777.57	627.08	2100.67	956.82	2
2606	50	1200.04	210.1	1239.14	243.02	2
2607	46	1959.92	365.7	2180.77	476.93	2
2607	48	1571.9	268.61	1704.51	338.22	2
2607	49	1775.29	601.29	2078.43	906.27	2
2607	50	1199.96	210.95	1239.17	244.69	2
2608	46	1983.27	366.62	2203.76	476.57	2
2608	48	1561.13	265.95	1691.17	335.33	2
2608	49	1775.01	584.82	2064.77	876.78	2
2608	50	1199.93	211.91	1239.17	245.94	2
2609	46	2014.1	367.63	2232.01	475.82	2
2609	48	1546.25	263.06	1673.36	331.73	2
2609	49	1775.26	565.09	2045.11	842.97	2
2609	50	1199.92	212.9	1239.15	247.68	2
2610	46	2036.25	367.99	2251.38	474.92	2
2610	48	1535.89	260.77	1660.6	329.24	2
2610	49	1776.44	554.02	2033.55	818.81	2
2610	50	1199.93	213.9	1239.79	248.96	2
2611	46	2066.72	368.11	2276.98	473.28	2
2611	48	1521.83	258.02	1643.67	325.12	2
2611	49	1777.04	542.39	2015.81	797.34	2
2611	50	1199.28	214.26	1240.03	250.71	2
2612	46	2087.4	368.14	2290.64	473.4	2
2612	48	1512.46	255.77	1631.27	321.74	2
2612	49	1777.49	533.87	2006.14	776.68	2
2612	50	1199.04	214.37	1240.11	252	2
2613	46	2117.43	368.14	2319.68	473.48	2
2613	48	1500.09	253.71	1615.15	317.97	2
2613	49	1781.34	519.43	1996.72	749.99	2
2613	50	1198.95	215.68	1240.13	253.1	2
2614	46	2150.85	369.46	2349.52	472.88	2
2614	48	1486.61	250.36	1598.32	314.04	2
2614	49	1785.64	504.19	1988.15	726	2
2614	50	1198.27	217.46	1240.13	255.43	2
2615	46	2172.67	370.62	2368.86	472.69	2
2615	48	1477.48	248.57	1586.7	311.41	2
2615	49	1788.58	494.9	1984.06	713.4	2
2615	50	1198.02	219.42	1240.77	256.93	2
2616	46	2200.4	371.7	2393.82	469.3	2
2616	48	1466.53	246	1572.22	307.91	2
2616	49	1791.7	486.15	1979.79	696.24	2
2616	50	1197.28	220.14	1240.36	258.1	2
2617	46	2219.49	373.44	2411.39	470.8	2
2617	48	1459.01	244.49	1562.82	305.43	2
2617	49	1792.75	479.75	1978.3	683.79	2
2617	50	1196.35	221.03	1240.84	259.16	2
2618	46	2246.92	375.38	2435.72	472.71	2
2618	48	1449.28	242.01	1549.79	302.64	2
2618	49	1796.58	469.88	1978.24	665.91	2
2618	50	1196	222.65	1241.02	261.48	2
2618	51	1206	198	1241	225	2
2619	46	2265.98	376.07	2453.11	474.77	2
2619	48	1442.86	241.2	1540.91	300.41	2
2619	49	1799.28	462.23	1979.39	652.34	2
2619	50	1195.23	223.23	1240.43	262.97	2
2619	51	1206	198.8	1241	225	2
2620	46	2293.43	376.3	2478.74	470.24	2
2620	48	1434.18	240.34	1528.71	296.36	2
2620	49	1804.31	451.13	1981.51	636.05	2
2620	50	1194.29	224.07	1240.85	265.44	2
2620	51	1206	199.73	1241.77	227.33	2
2621	46	2313.23	377.7	2496.65	467.84	2
2621	48	1428.8	238.77	1520.11	294.37	2
2621	49	1808.79	443.64	1982.59	624.98	2
2621	50	1193.95	225.01	1240.36	266.99	2
2621	51	1206	200.04	1242.03	228.11	2
2622	46	2339.62	380.89	2521.8	470.4	2
2622	48	1420.45	236.24	1509.35	291.05	2
2622	49	1814.42	435.32	1983.23	610.87	2
2622	50	1193.18	226.64	1239.51	268.83	2
2622	51	1206	201.59	1241.35	229.02	2
2623	46	2358.4	382.68	2540.23	473.37	2
2623	48	1415.82	236.08	1501.92	289.98	2
2623	49	1817.71	430.15	1984.39	601.89	2
2623	50	1192.25	227.88	1238.52	270.14	2
2623	51	1206	202.09	1242.56	232.9	2
2624	46	2383.76	385.3	2559.55	471.12	2
2624	48	1408.4	235.44	1491.55	287.01	2
2624	49	1823.56	423.29	1985.64	588.44	2
2624	50	1190.6	228.97	1238.15	271.89	2
2624	51	1206	203.59	1242.96	234.86	2
2625	46	2403.49	387.58	2566.32	465.49	2
2625	48	1404.77	234.61	1484.92	285.39	2
2625	49	1827.59	419.27	1986.95	578.92	2
2625	50	1189.34	229.36	1238.01	273.16	2
2625	51	1205.31	204.14	1243.78	236.19	2
2626	46	2430.7	392.53	2567.49	462.76	2
2626	48	1399.72	234.37	1476.17	284.24	2
2626	49	1832.32	411.38	1988.22	565.91	2
2626	50	1187.58	230.77	1237.31	274.89	2
2626	51	1204.4	204.97	1244.06	235.96	2
2627	46	2460.21	397.71	2566.12	460.45	2
2627	48	1395.54	232.99	1467.34	281.89	2
2627	49	1838.66	403.48	1989.46	553.7	2
2627	50	1185.63	231.93	1236.4	276.81	2
2627	51	1204.05	205.25	1244.16	237.12	2
2628	46	2479.71	400.77	2563.93	456.85	2
2628	48	1402.17	233.23	1461.27	279.79	2
2628	49	1842.84	398.31	1990	545.2	2
2628	50	1183.6	232.99	1235.4	278.14	2
2628	51	1203.93	205.99	1244.17	237.51	2
2629	46	2507.99	403.82	2562.32	452.83	2
2629	48	1388.08	230.64	1454.17	277.1	2
2629	49	1847.59	392.04	1990.26	533.86	2
2629	50	1180.26	234.66	1234.38	280.55	2
2629	51	1203.9	207.57	1244.16	238.92	2
2630	48	1383.18	229.09	1449.04	275.55	2
2630	49	1850.5	388.81	1990.41	527.7	2
2630	50	1177.72	235.92	1233.35	282.07	2
2630	51	1203.89	208.13	1244.15	240.72	2
2631	48	1376.96	227.9	1442.89	272.38	2
2631	49	1854.79	383.18	1991.19	518.5	2
2631	50	1173.56	237.01	1231.04	283.9	2
2631	51	1203.24	208.98	1244.13	242.67	2
2632	49	1857.53	380.12	1990.14	510.95	2
2632	50	1170.69	238.05	1229.51	285.19	2
2632	51	1203	209.27	1244.12	244.02	2
2633	49	1861.09	374.53	1989.8	501.92	2
2633	50	1165.77	239.05	1227	287.59	2
2633	51	1202.92	210.01	1244.1	245.79	2
2634	49	1863.57	370.08	1988.34	496.44	2
2634	50	1162.63	240.05	1225.41	289.1	2
2634	51	1202.89	210.27	1244.09	247.08	2
2635	49	1865.66	366	1986.47	488.76	2
2635	50	1156.98	241.05	1222.89	290.92	2
2635	51	1202.9	211.63	1244.74	248.18	2
2636	49	1866.94	362.77	1985.16	483.04	2
2636	50	1152.92	242.69	1220.66	291.57	2
2636	51	1202.9	212.79	1244.98	248.54	2
2637	49	1867.26	357.75	1981.3	475.25	2
2637	50	1148.21	243.94	1217.26	293.05	2
2637	51	1202.91	213.2	1245.06	249.94	2
2638	49	1867.24	354.13	1978.59	470.11	2
2638	50	1144.52	245.03	1214.68	294.22	2
2638	51	1202.26	214.64	1245.74	251.73	2
2639	49	1863.69	349.64	1975.63	463.18	2
2639	50	1138.02	246.71	1210.5	295.26	2
2639	51	1201.37	215.81	1246	253.68	2
2640	49	1858.98	344.84	1973.28	454.92	2
2640	50	1131.11	247.97	1205.72	297.57	2
2640	51	1200.39	216.24	1246.08	255.68	2
2641	49	1855.22	341.97	1970.48	451.63	2
2641	50	1126.58	249.06	1201.98	299.05	2
2641	51	1200.02	217.66	1246.11	257.05	2
2642	49	1849.79	338.4	1965.5	444.64	2
2642	50	1119.77	250.09	1197.36	300.87	2
2642	51	1199.24	218.19	1246.11	258.83	2
2643	49	1844.43	335.29	1961.73	439.04	2
2643	50	1115.31	249.79	1194.36	302.81	2
2643	51	1198.3	219.01	1245.46	260.11	2
2644	49	1837.16	330.26	1956.43	433.94	2
2644	50	1107.92	249	1189.4	305.45	2
2644	51	1197.3	219.3	1245.85	261.85	2
2645	49	1830.52	327.94	1951.9	428.98	2
2645	50	1102.59	248.67	1185.62	307.06	2
2645	51	1197.58	219.39	1245.35	263.77	2
2646	49	1821.5	324.58	1945.02	423.41	2
2646	50	1093.58	251.7	1180.38	310.2	2
2646	51	1197.05	220.68	1245.14	265.75	2
2647	49	1815.55	321.5	1939.25	419.64	2
2647	50	1087.65	254.17	1175.87	312.02	2
2647	51	1196.22	221.81	1245.06	267.12	2
2648	49	1805.5	318.51	1930.59	413.79	2
2648	50	1078.42	255.74	1169.05	314.6	2
2648	51	1194.61	222.22	1245.03	268.89	2
2649	49	1797.88	316.25	1924.18	410.58	2
2649	50	1071.77	256.95	1164.57	316.18	2
2649	51	1193.36	223	1245.02	270.17	2
2650	49	1785.95	312.86	1914.02	405.59	2
2650	50	1062.28	258.68	1157.16	318.02	2
2650	51	1191.6	224.56	1244.37	271.9	2
2651	49	1777.65	310.43	1906.39	401.3	2
2651	50	1053.61	260.61	1151.81	319.97	2
2651	51	1190.94	226.44	1244.11	273.81	2
2652	49	1764.84	306.98	1895.14	395.92	2
2652	50	1043.37	263.92	1143.44	321.95	2
2652	51	1189.42	227.79	1243.37	275.8	2
2653	49	1749.7	303.16	1881.89	390.12	2
2653	50	1030.56	266.46	1134.51	324.61	2
2653	51	1187.56	228.92	1242.43	277.8	2
2654	49	1739.57	300.56	1871.82	386.21	2
2654	50	1022.57	268.02	1127.97	326.86	2
2654	51	1186.22	229.97	1242.08	279.17	2
2655	49	1725.47	296.37	1858.38	381.63	2
2655	50	1010.67	269.86	1119.78	328.95	2
2655	51	1184.44	231.64	1241.3	280.93	2
2656	49	1713.83	292.96	1848.28	377.47	2
2656	50	1001.77	270.51	1112.26	330.99	2
2656	51	1183.14	232.25	1240.36	282.21	2
2657	49	1698.57	290.5	1834.24	372.11	2
2657	50	987.61	271.35	1101.77	333.65	2
2657	51	1180.07	233.75	1239.36	283.94	2
2658	49	1687.81	288.4	1823.28	368.35	2
2658	50	978.49	272.28	1093.38	335.91	2
2658	51	1177.64	234.94	1238.34	285.2	2
2659	49	1672.24	285.06	1808.25	363.8	2
2659	50	963.6	273.88	1081.91	338.65	2
2659	51	1174.16	236.01	1236.66	287.58	2
2660	49	1661.42	283.98	1796.96	360.31	2
2660	50	954.24	275.1	1073.17	340.94	2
2660	51	1171.56	237.68	1235.39	289.09	2
2661	49	1646.5	281.01	1781.18	355.18	2
2661	50	940.57	276.82	1060.94	343.69	2
2661	51	1166.74	238.28	1233.62	290.91	2
2662	49	1634.64	279.38	1768.98	352.85	2
2662	50	929.11	277.44	1051.91	345.97	2
2662	51	1164.28	239.78	1231.68	291.56	2
2663	49	1619.34	277.55	1752.88	349.48	2
2663	50	914.66	280.22	1039.62	348.72	2
2663	51	1160.16	240.97	1229	293.04	2
2664	49	1609.36	274.96	1740.6	347.08	2
2664	50	903.56	281.24	1029.94	351	2
2664	51	1157.34	242.04	1227.35	294.21	2
2665	49	1594.76	273.45	1724.46	343.67	2
2665	50	889.9	284.19	1018.04	354.4	2
2665	51	1152.45	243.06	1224.8	295.25	2
2666	49	1579.76	270.3	1706.23	339.22	2
2666	50	873.96	287.22	1003.36	358.23	2
2666	51	1146.77	244.72	1221.28	297.56	2
2667	49	1569.29	268.58	1693.9	337.08	2
2667	50	862.97	288.33	992.79	360.92	2
2667	51	1142.71	245.31	1218.66	299.04	2
2668	49	1555.18	266.71	1678.45	334.43	2
2668	50	849.37	290.65	979.28	364.46	2
2668	51	1136.71	245.49	1215.11	300.21	2
2669	49	1546.4	264.1	1667.21	330.92	2
2669	50	839.34	292.13	969.87	367.04	2
2669	51	1132.54	246.18	1212.5	301.9	2
2670	49	1533.58	261.22	1651.49	328.44	2
2670	50	826.76	295.24	956.81	370.54	2
2670	51	1125.88	246.41	1208.32	304.45	2
2671	49	1525.31	259.58	1640.85	326.31	2
2671	50	818.43	297.68	947.59	373.09	2
2671	51	1120.18	247.11	1205.46	306.67	2
2672	49	1513.31	257.06	1626.69	322.99	2
2672	50	807.15	299.2	935.92	375.93	2
2672	51	1113.58	249.29	1200.57	309.42	2
2673	49	1504.66	254.89	1616.63	319.89	2
2673	50	798.68	300.37	927.25	378.88	2
2673	51	1107.27	250.75	1196.8	311.72	2
2674	49	1494.54	253.51	1602.68	316.19	2
2674	50	789.29	303.36	916.45	383.17	2
2674	51	1099.16	251.93	1191.55	313.2	2
2675	49	1486.58	252.44	1593.38	314.3	2
2675	50	782.87	304.45	908.79	386.67	2
2675	51	1092.93	254.3	1186.38	315	2
2676	49	1476.68	249.43	1580.35	311.04	2
2676	50	774.9	306.74	898.34	391.16	2
2676	51	1083.56	256.48	1180.58	316.93	2
2677	49	1469.46	247.07	1572.06	309.29	2
2677	50	769	309.51	891.5	394.1	2
2677	51	1076.23	257.92	1175.86	318.26	2
2678	49	1459.8	245.61	1560.06	306.09	2
2678	50	762.51	312.47	883.33	399.02	2
2678	51	1065.83	260.39	1168.34	320.67	2
2679	49	1449.93	243.15	1547.38	303.69	2
2679	50	754.47	315.48	874.66	404.04	2
2679	51	1052.97	262.6	1159.74	323.49	2
2680	49	1443.38	242.33	1538.53	300.91	2
2680	50	750.49	317.87	869.12	408.46	2
2680	51	1044.28	262.73	1153.3	325.15	2
2681	49	1435.3	240.78	1528.34	297.32	2
2681	50	746.71	320.66	862.1	414.58	2
2681	51	1032.1	264.03	1143.21	327.67	2
2682	49	1430.06	240.3	1521.06	296.13	2
2682	50	744.33	322.96	857.86	418.13	2
2682	51	1023.06	265.14	1135.56	329.23	2
2683	49	1422.43	238.84	1511.42	292.44	2
2683	50	741.75	326.36	853.28	423.9	2
2683	51	1010.12	266.82	1126.29	332.36	2
2684	49	1418	237.03	1504.31	291.22	2
2684	50	739.74	328.9	850.58	427.94	2
2684	51	999.55	268.71	1119.01	334.15	2
2685	49	1413.38	235.77	1494.7	288.85	2
2685	50	737.24	333.68	847.19	434.55	2
2685	51	985.4	270.7	1107.36	337.37	2
2686	49	1407.99	234.7	1488.32	287.42	2
2686	50	736.56	336.1	844.88	440.2	2
2686	51	974.35	271.41	1098.49	339.83	2
2687	49	1402.93	234.38	1479.58	286.32	2
2687	50	734.53	340.17	843.63	448.05	2
2687	51	959.39	272.93	1086.22	342.65	2
2688	49	1400.11	233.65	1474.16	284.67	2
2688	50	733.94	342.32	844.03	454.18	2
2688	51	948.07	274.12	1077.16	344.31	2
2689	49	1393.89	232.09	1466.44	282.82	2
2689	50	733.23	346.91	845.04	462.19	2
2689	51	932.37	275.83	1064.84	347.48	2
2690	49	1389.89	231.58	1461.32	281.55	2
2690	50	732.45	351.83	846.24	467.74	2
2690	51	921.44	277.09	1055.14	349.92	2
2691	49	1385.3	230.1	1454.38	279.83	2
2691	50	731.63	358.82	848.15	477.47	2
2691	51	906.55	279.47	1041.93	352.72	2
2692	49	1380.5	228.93	1447.46	277.26	2
2692	50	730.77	364.65	851.61	489.44	2
2692	51	890.14	280.99	1028.03	356.33	2
2693	49	1376.99	227.89	1443.29	275.73	2
2693	50	729.89	368.73	853.66	499.03	2
2693	51	878.33	282.82	1017.76	358.93	2
2694	49	1372.54	226.88	1437.32	273.23	2
2694	50	729.66	376.59	857.13	510.26	2
2694	51	864.43	284.77	1004.38	361.79	2
2695	50	729.65	381.5	860.46	518.96	2
2695	51	852.97	286.12	993.68	364.11	2
2696	50	728.44	389.05	864.38	530.47	2
2696	51	840.51	288.54	980.79	367.51	2
2697	50	728.03	395.72	867.2	536.68	2
2697	51	830.93	290.06	971.62	370.69	2
2698	50	727.31	403.34	870.89	554.35	2
2698	51	818.53	291.89	959.32	373.77	2
2699	50	726.44	409.98	874.26	563.48	2
2699	51	810.94	293.19	950.39	376.16	2
2700	50	725.52	420.12	880.05	583.46	2
2700	51	799.29	296.23	938.83	380.24	2
2701	50	725.21	427.12	884.21	594.19	2
2701	51	791.99	297.99	930.22	382.36	2
2702	50	724.51	438	890.93	616	2
2702	51	782.41	299.91	919.43	386.34	2
2703	50	724.28	447.8	896.06	632.49	2
2703	51	776.56	300.59	911.77	389.72	2
2704	50	722.96	461.02	902.5	655.85	2
2704	51	768.15	304.03	902	393.51	2
2705	50	721.21	476.8	909.42	686.21	2
2705	51	760.08	305.95	892.07	398.13	2
2706	50	719.29	487.91	915.24	709.88	2
2706	51	756.13	308.57	886.75	401.75	2
2707	50	717.31	504.68	923.18	739.69	2
2707	51	751.03	310.82	879.16	406.93	2
2708	50	715.3	519.97	928.13	766.3	2
2708	51	748.18	312.27	874.04	410.76	2
2709	50	709.47	540.93	936.33	796.64	2
2709	51	744.79	315.35	866.48	415.36	2
2710	50	705.96	555.99	942.62	825.94	2
2710	51	742.55	317.78	863.4	418.96	2
2711	50	700.2	575.52	950.06	871.63	2
2711	51	739.3	321.24	857.87	424.12	2
2712	50	695.45	589.3	958.57	909.88	2
2712	51	737.71	323.8	855.5	427.94	2
2713	50	686.07	614.4	970.64	979.95	2
2713	51	735.35	327.95	852.22	434.47	2
2714	50	677.42	638.34	979.7	1034.02	2
2714	51	734.04	330.77	850.61	439.45	2
2715	50	665.89	679.27	991.95	1124.59	2
2715	51	732.41	335.02	848.92	447.07	2
2716	50	655.75	712.72	1002.34	1195.03	2
2716	51	731.99	337.87	848.52	453.1	2
2717	50	637.44	762.97	1016.96	1307.36	2
2717	51	733.34	340.83	851.9	460.46	2
2718	50	608.63	830.34	1032.57	1397.43	2
2718	51	733.3	346.38	855.94	469.59	2
2719	50	578.72	884.87	1037.59	1434.22	2
2719	51	733.38	350.4	858.88	477.5	2
2720	50	550.49	970.17	1044.98	1447.39	2
2720	51	734.82	355.71	863.38	488.11	2
2721	50	558.14	1043.92	1039.84	1448.32	2
2721	51	735.47	360.26	867.78	495.93	2
2722	50	564.48	1177.1	1037.88	1447.67	2
2722	51	737.08	366.42	874.7	507.13	2
2723	50	573.66	1296.78	1027.91	1445.99	2
2723	51	739.04	370.65	880.61	515.8	2
2724	51	741.15	378.58	888.08	528.57	2
2725	51	743.29	383.49	893.53	534.66	2
2726	51	745.45	391.72	902.07	549.02	2
2727	51	746.94	397.98	907.89	559.48	2
2728	51	749.46	407.34	916.52	572.3	2
2729	51	751.09	414.7	923.01	582.84	2
2730	51	753.65	425.12	932.5	603.38	2
2731	51	755.92	437.91	943.76	631.41	2
2732	51	758.07	447.85	951.89	652.9	2
2733	51	759.54	462.96	963.24	681.32	2
2734	51	760.74	474.47	971.37	699.91	2
2735	51	760.55	492.13	983.33	732.2	2
2736	51	759.83	506.45	991.05	753.42	2
2737	51	756.99	526.48	1000.9	784.84	2
2737	52	1207	199	1244	233	2
2738	51	753.33	541.11	1007.78	815.13	2
2738	52	1207	199	1244	233.8	2
2739	51	746.18	560.47	1017.91	873.11	2
2739	52	1207	199.76	1244	234.72	2
2740	51	739.59	574.76	1026.15	922.69	2
2740	52	1207	200.8	1244	235.8	2
2741	51	728.18	602.98	1038.68	998.27	2
2741	52	1206.25	201.85	1243.25	236.87	2
2742	51	717.44	627.72	1047.26	1061.05	2
2742	52	1206.01	202.17	1243.01	237.18	2
2743	51	700.66	671.85	1058	1159.74	2
2743	52	1205.93	202.94	1242.93	238.66	2
2744	51	677.27	726.6	1071.45	1285.56	2
2744	52	1205.22	203.88	1243.61	240.53	2
2745	51	655.6	771.29	1083.5	1385.27	2
2745	52	1204.98	204.19	1243.86	241.85	2
2746	51	622.83	838.8	1096.85	1430.22	2
2746	52	1204.9	204.95	1243.95	242.97	2
2747	51	594.93	895.3	1105.81	1445.72	2
2747	52	1204.21	205.87	1244.66	244.02	2
2748	51	592.13	989.62	1098.86	1450.56	2
2748	52	1203.97	206.86	1244.92	245.69	2
2749	51	592.69	1075.01	1095.47	1448.62	2
2749	52	1203.88	207.86	1245.02	246.94	2
2750	51	598.3	1233.95	1082.39	1448.85	2
2750	52	1203.87	208.87	1245.05	248.69	2
2751	52	1203.21	209.23	1245.71	249.97	2
2752	52	1202.97	209.99	1246.61	251.72	2
2753	52	1202.89	210.91	1246.95	253	2
2754	52	1202.87	212.54	1247.07	254.1	2
2754	53	2073	1232	2559	1435	2
2755	52	1202.22	213.13	1247.11	255.13	2
2755	53	2048.2	1184	2559	1433.4	2
2756	52	1201.98	214.64	1247.12	257.43	2
2756	53	2006.34	1099.82	2559	1433.11	2
2757	52	1201.24	215.84	1247.76	259.58	2
2757	53	1963.45	1010.35	2558.26	1432.36	2
2758	52	1200.97	216.92	1248	261	2
2758	53	1935.97	947.68	2521.96	1433.25	2
2759	52	1200.23	218.6	1248.09	263.46	2
2759	53	1910.25	879.63	2447.59	1396.43	2
2760	52	1199.95	219.22	1247.46	265	2
2760	53	1895.29	832.86	2393.6	1338.63	2
2761	52	1199.86	220.07	1247.87	266.84	2
2761	53	1877.36	782.58	2327.92	1243.28	2
2762	52	1199.19	220.36	1248.67	268.14	2
2762	53	1867.09	748.54	2285.17	1172.48	2
2763	52	1198.94	221.09	1248.97	269.89	2
2763	53	1855.49	705.4	2233.27	1091.58	2
2764	52	1198.86	221.99	1249.07	271.81	2
2764	53	1849.32	677.78	2202.41	1037.4	2
2765	52	1198.18	224.25	1249.1	273.79	2
2765	53	1840.94	646.87	2161.71	966.47	2
2766	52	1197.29	225.74	1249.76	275.15	2
2766	53	1835.56	626.22	2137.6	921.8	2
2767	52	1196.31	226.93	1248.71	276.91	2
2767	53	1828.68	598.67	2107.65	865.4	2
2768	52	1194.64	228	1248.29	278.84	2
2768	53	1825.72	581.71	2089	832.71	2
2769	52	1192.72	229.68	1248.13	280.82	2
2769	53	1821.67	561.36	2064.28	798.13	2
2770	52	1190.07	230.94	1246.77	283.48	2
2770	53	1820.21	541.98	2042.69	757.92	2
2771	52	1187.77	232.68	1245.6	285.09	2
2771	53	1820.23	529.48	2032.33	738.87	2
2772	52	1184.32	233.96	1244.5	286.95	2
2772	53	1821.25	512.92	2018.56	712.03	2
2773	52	1181.74	234.41	1243.44	288.25	2
2773	53	1821.19	502.97	2010.37	699.09	2
2774	52	1177.55	236.49	1241.75	289.99	2
2774	53	1824.96	489.31	2001.45	675.69	2
2775	52	1174.05	237.91	1240.46	291.25	2
2775	53	1827.88	480.12	1996.75	655.82	2
2776	52	1168.25	238.4	1237.41	292.98	2
2776	53	1831.08	466.7	1992.37	639.21	2
2777	52	1164.12	239.2	1235.6	294.23	2
2777	53	1832.92	457.94	1990.94	626.88	2
2778	52	1157.45	240.77	1232.99	296.61	2
2778	53	1835.67	446.63	1988.85	608.44	2
2779	52	1153.01	241.33	1230.73	298.11	2
2779	53	1838.04	437.91	1987.97	594.79	2
2780	52	1144.32	242.81	1226.68	300.58	2
2780	53	1841.64	428.59	1986.68	578.51	2
2781	52	1137.84	243.99	1223.22	302.78	2
2781	53	1844.26	421.16	1985.24	566.2	2
2782	52	1129.02	245.05	1218.72	304.86	2
2782	53	1847.91	411.51	1984.37	550.29	2
2783	52	1118.68	246.72	1213.19	308.84	2
2783	53	1851.22	402.48	1982.97	534.5	2
2784	52	1110.91	247.97	1209.15	310.96	2
2784	53	1853	397.14	1982.06	526.44	2
2785	52	1099.72	249.71	1202.55	313.66	2
2785	53	1855.62	388.8	1981.25	513.94	2
2786	52	1091	250.99	1196.84	315.27	2
2786	53	1857.16	384.29	1980.47	506.86	2
2787	52	1078.82	252.09	1188.3	317.77	2
2787	53	1859	375.54	1976.92	495.37	2
2788	52	1069.72	253.76	1182.47	319.96	2
2788	53	1860.26	370.11	1974.46	488.5	2
2789	52	1055.51	257.62	1172.64	322.68	2
2789	53	1859.23	365.81	1970.29	478.41	2
2790	52	1045.65	259.71	1165.69	324.29	2
2790	53	1858.11	361.98	1967.59	471.34	2
2791	52	1031.15	261.1	1157.33	326.8	2
2791	53	1856.3	354.75	1962.66	461.1	2
2791	54	1215	181	1247	221	2
2792	52	1020.58	262.23	1149.11	328.99	2
2792	53	1852.85	350.46	1960.37	454.55	2
2792	54	1211	188.2	1250.2	221	2
2793	52	1005.8	264.57	1136.42	331.71	2
2793	53	1846.89	345.13	1955.6	447.22	2
2793	54	1211	188.11	1249.24	220.07	2
2794	52	994.5	265.41	1127.75	334.63	2
2794	53	1842.03	341.48	1951.31	443.71	2
2794	54	1211	188.01	1248.29	219.15	2
2795	52	978.18	267.63	1114.92	337.62	2
2795	53	1833.57	336.34	1944.51	435.35	2
2795	54	1210.24	187.2	1247.16	222.05	2
2796	52	961.19	269.73	1101.13	341.3	2
2796	53	1823.84	331.37	1936.81	427.3	2
2796	54	1210.73	186.27	1247.57	222.17	2
2797	52	947.8	271.13	1090.16	343.93	2
2797	53	1815.67	328.49	1930.77	419.36	2
2797	54	1210.2	188.7	1247.73	222.18	2
2798	52	931.97	271.62	1075.83	347.45	2
2798	53	1804.14	323.62	1921.42	413.52	2
2799	52	919.71	273.69	1065.33	350.02	2
2799	53	1795.97	319.37	1914.11	409.73	2
2800	52	903.7	275.74	1051.84	352.87	2
2800	53	1783.16	315.33	1902.31	401.89	2
2801	52	891.41	277.77	1040.44	355.18	2
2801	53	1773.24	312.09	1893.45	398.08	2
2802	52	874.74	278.5	1026.6	359.22	2
2802	53	1759.17	308.39	1880.46	391.55	2
2798	54	1210.52	189.52	1247.016	222.348	2
2799	54	1210.84	190.34	1246.302	222.516	2
2800	54	1211.16	191.16	1245.588	222.684	2
2801	54	1211.48	191.98	1244.874	222.852	2
2802	54	1211.8	192.8	1244.16	223.02	2
2803	52	862.87	278.09	1016.39	361.99	2
2803	53	1747.5	304.55	1870.51	387.49	2
2803	54	1211.97	193.83	1244.65	223.06	2
2804	52	847.03	279.81	1002.4	365.54	2
2804	53	1732.18	300.63	1855.2	380.86	2
2804	54	1211.33	194.84	1244.77	224.45	2
2805	52	835.5	283.65	991.49	368.77	2
2805	53	1720.7	297.38	1843.72	376.73	2
2805	54	1211.1	195.85	1244.83	224.93	2
2806	52	821.09	287.7	977.23	372.52	2
2806	53	1704.15	293.67	1827.83	370.06	2
2806	54	1210.35	196.87	1244.86	225.77	2
2807	52	811.45	290.5	966.9	375.16	2
2807	53	1692.29	290.48	1815.56	365.9	2
2807	54	1210.07	197.21	1244.88	226.74	2
2808	52	799.06	292.16	953.52	378.68	2
2808	53	1674.3	286.77	1798.73	360.57	2
2808	54	1209.97	197.31	1244.9	227.74	2
2809	52	785.61	294.03	938.96	383.18	2
2809	53	1654.72	283.57	1778.92	354.83	2
2809	54	1209.94	197.98	1244.91	228.76	2
2810	52	777.68	295.34	928.58	386.11	2
2810	53	1641.1	280.55	1764.55	350.98	2
2810	54	1209.27	198.21	1245.58	229.79	2
2811	52	768.57	298.36	916.5	390.37	2
2811	53	1623.18	277.58	1745.68	345.74	2
2811	54	1209.03	198.94	1245.19	230.81	2
2812	52	763.64	298.17	907.76	393.86	2
2812	53	1610.93	275.31	1731.75	342.75	2
2812	54	1208.94	199.84	1245.03	232.49	2
2813	52	756.95	302.55	897.61	398.32	2
2813	53	1594.19	272.6	1713.05	338.48	2
2813	54	1208.26	199.52	1245.64	233.75	2
2814	52	753.57	305.49	890.28	401.24	2
2814	53	1581.78	270.41	1698.58	335.13	2
2814	54	1208.65	200.02	1245.87	234.21	2
2815	52	750.76	307.86	882.65	406.15	2
2815	53	1565.64	267.72	1680.37	331.41	2
2815	54	1208.82	200.85	1245.3	235.66	2
2816	52	749.48	308.05	876.93	410.52	2
2816	53	1554.16	264.84	1666.79	328.23	2
2816	54	1208.89	201.15	1245.75	236.84	2
2817	52	750.07	310	869.85	415.31	2
2817	53	1539.04	261.22	1649.59	324.55	2
2817	54	1208.27	202.54	1245.91	237.91	2
2818	52	751.41	311.98	866.41	417.71	2
2818	53	1528.62	259.34	1637.1	321.37	2
2818	54	1208.03	203.06	1245.98	238.94	2
2819	52	754.9	316.56	863.51	422.39	2
2819	53	1515.91	256.09	1619.63	317.01	2
2819	54	1207.95	203.23	1246.65	240.61	2
2820	52	758.52	318.92	862.91	426.02	2
2820	53	1505.73	253.68	1607.76	313.57	2
2820	54	1207.27	204.57	1246.91	241.86	2
2821	52	761.35	321.69	869.27	431.19	2
2821	53	1493.06	251.57	1592.51	310.47	2
2821	54	1207.02	205.08	1247.66	242.96	2
2822	52	766.41	323.98	879.64	437.59	2
2822	53	1480.16	248.22	1576.02	305.45	2
2822	54	1206.93	207.2	1247.94	244.65	2
2823	52	769	325.45	888.21	441.88	2
2823	53	1470.59	247.13	1565.23	303.12	2
2823	54	1206.9	207.33	1248.69	245.91	2
2823	55	2117	1335	2521	1438	2
2824	52	770.67	327.87	902.63	447.27	2
2824	53	1459.48	244.13	1551.04	299.05	2
2824	54	1206.25	208.02	1249.63	247.01	2
2824	55	2050.6	1237.4	2551.4	1434	2
2825	52	772.58	330.03	913.81	451.17	2
2825	53	1452.59	243.16	1541.76	296.38	2
2825	54	1206	208.25	1249.98	248.04	2
2825	55	2018.61	1189.85	2556.85	1434	2
2826	52	775.9	334.02	930.95	456.42	2
2826	53	1442.43	241.57	1528.77	293.54	2
2826	54	1205.27	208.97	1250.1	249.7	2
2826	55	1976.29	1113.21	2559.01	1432.12	2
2827	52	778.47	336.14	945.18	460.25	2
2827	53	1435.86	241.09	1519.9	291.32	2
2827	54	1204.99	209.87	1250.14	250.95	2
2827	55	1947.06	1055.7	2559.67	1431.9	2
2828	52	785.13	338.82	966.47	464.82	2
2828	53	1427.13	239.67	1507.71	288.63	2
2828	54	1205.55	210.2	1250.79	252.69	2
2828	55	1916.92	986.58	2523.22	1431.83	2
2829	52	790.9	340.42	983.62	469.03	2
2829	53	1421.06	238.56	1499.82	287.13	2
2829	54	1205.77	210.95	1251.69	253.33	2
2829	55	1898.05	940.06	2477.75	1432.98	2
2830	52	800.09	342.9	1009.78	473.1	2
2830	53	1413.83	237.56	1488.61	284.67	2
2830	54	1205.21	212.52	1252.02	254.82	2
2830	55	1877.41	890.24	2411.61	1402.98	2
2831	52	808.07	345.08	1030.03	475.83	2
2831	53	1408.28	236.6	1481.05	283.25	2
2831	54	1205	213.75	1251.48	256.66	2
2831	55	1864.44	854.21	2370.02	1361.8	2
2832	52	821.25	347.79	1060.5	481.28	2
2832	53	1402.57	234.97	1471.98	280.81	2
2832	54	1204.28	214.84	1251.92	258.63	2
2832	55	1851.22	816.86	2318.84	1293.19	2
2833	52	832.06	350.05	1084.32	484.53	2
2833	53	1398.2	233.77	1465.15	278.69	2
2833	54	1203.36	215.89	1252.07	259.99	2
2833	55	1842.91	791.82	2287.33	1240.22	2
2834	52	848.85	352.79	1118.03	488.88	2
2834	53	1392.18	233.4	1456.99	275.99	2
2834	54	1203.01	216.91	1252.12	261.76	2
2834	55	1832.55	757.4	2248.32	1177.55	2
2835	52	872.28	355.06	1158.03	493.01	2
2835	53	1386.95	231.98	1448.35	273.09	2
2835	54	1202.89	218.57	1252.78	264.35	2
2835	55	1824.31	724.54	2211.57	1118.31	2
2836	52	888.5	356.5	1188.21	495.76	2
2836	53	1384.09	232.22	1443.72	271.49	2
2836	54	1202.86	219.18	1253.03	265.95	2
2836	55	1818.86	707.07	2190.69	1080.72	2
2837	52	914.27	358.27	1229.38	497.97	2
2837	53	1379.92	227.54	1437.65	268.97	2
2837	54	1202.2	220.68	1253.11	267.81	2
2837	55	1813.43	692.67	2165.92	1038.08	2
2838	52	935.08	359.52	1260.51	500.63	2
2838	53	1387.06	227.94	1433.14	266.8	2
2838	54	1201.31	221.88	1253.13	269.12	2
2838	55	1810.87	684.39	2150.44	1008.52	2
2839	52	967.14	359.92	1304.61	503.47	2
2839	53	1383.68	225.47	1428.03	264.09	2
2839	54	1200.33	222.3	1253.13	270.88	2
2839	55	1805.62	673.87	2132.36	972.28	2
2840	52	991.01	361.31	1336.79	505.08	2
2840	53	1384.18	223.29	1423.72	261.18	2
2840	54	1199.96	221.79	1252.48	272.15	2
2840	55	1803.61	665.36	2121.75	948.97	2
2841	52	1028.72	363.07	1383.83	506.87	2
2841	54	1197.88	223.5	1251.56	273.88	2
2841	55	1800.54	652.28	2108.68	922.59	2
2842	52	1057.26	363.67	1418.31	507.42	2
2842	54	1196.45	224.13	1250.56	275.15	2
2842	55	1798.47	643.17	2100.98	906.31	2
2843	52	1099.37	366.46	1465.65	504.23	2
2843	54	1194.62	225.65	1250.17	277.53	2
2843	55	1796.67	631.82	2090.16	888.58	2
2844	52	1132.74	368.1	1500.12	504.18	2
2844	54	1193.29	227.5	1249.37	279.05	2
2844	55	1794.97	625.86	2083.07	876.54	2
2845	52	1180.02	368.65	1547.5	506.08	2
2845	54	1190.2	228.83	1248.42	280.87	2
2845	55	1792.56	619.01	2074.4	864.37	2
2846	52	1215.87	369.45	1582.44	506.73	2
2846	54	1188.4	229.96	1247.42	282.17	2
2846	55	1791.25	614.49	2069.97	858.94	2
2847	52	1265.37	368.37	1629.36	506.89	2
2847	54	1185.8	231	1245.09	283.91	2
2847	55	1789.61	608.64	2061.46	845.52	2
2848	52	1321.48	368.57	1680.95	506.22	2
2848	54	1182.88	232.02	1243.55	286.48	2
2848	55	1788.54	602.36	2054.23	830.59	2
2849	52	1359.05	369.25	1715.24	505.9	2
2849	54	1180.51	233.02	1242.33	288.06	2
2849	55	1786.97	599.29	2050.14	824.01	2
2850	52	1405.82	369.46	1757.96	503.73	2
2850	54	1176.4	234.67	1239.94	289.91	2
2850	55	1785.87	593.83	2043.7	814.12	2
2851	52	1438.91	370.16	1788.04	502.86	2
2851	54	1172.93	235.92	1238.39	291.21	2
2851	55	1784.94	589.56	2039.13	808.52	2
2852	52	1485.91	369.05	1827.17	501.84	2
2852	54	1167.14	237.67	1235.88	292.3	2
2852	55	1784.05	584.31	2033.14	802.31	2
2853	52	1519.63	367.93	1853.8	500.78	2
2853	54	1163.66	238.29	1234.3	293.97	2
2853	55	1783.17	580.72	2028	791.82	2
2854	52	1564.25	368.82	1888.39	499.03	2
2854	54	1158.53	239.8	1231.15	295.85	2
2854	55	1782.96	574.36	2022.44	781.1	2
2855	52	1596.87	368.46	1913.22	498.36	2
2855	54	1154.03	240.33	1228.67	297.17	2
2855	55	1782.3	570.33	2019.44	774.35	2
2856	52	1639.1	368.31	1944.55	496.78	2
2856	54	1148.51	241.15	1225.17	299.57	2
2856	55	1782.82	563.07	2013.25	760.19	2
2857	52	1669.35	368.23	1965.43	495.52	2
2857	54	1143.24	241.43	1221.93	301.09	2
2857	55	1783.1	558.03	2008.63	754.89	2
2858	52	1708.05	368.19	1994.06	493.73	2
2858	54	1135.51	241.5	1217.51	303.57	2
2858	55	1783.27	551.73	2002.5	744.6	2
2859	52	1735.55	368.16	2013.98	491.74	2
2859	54	1130.03	242.14	1213.92	305.11	2
2859	55	1784.07	546.34	1996.51	738.61	2
2860	52	1772.61	367.47	2041.68	488.34	2
2860	54	1122.23	243.01	1209.37	308.24	2
2860	55	1784.41	539.24	1988.51	726.73	2
2861	52	1811.14	367.2	2070.89	485.1	2
2861	54	1112.29	245.88	1203.19	311.32	2
2861	55	1785.26	530.83	1981.83	716.05	2
2862	52	1835.77	367.09	2088.31	482.59	2
2862	54	1105.32	247.63	1198.28	313.11	2
2862	55	1786.29	525.33	1977.01	709.21	2
2863	52	1868.44	365.03	2112.5	479.71	2
2863	54	1095.68	248.91	1191.96	315.02	2
2863	55	1788.73	516.18	1971.47	692.97	2
2864	52	1890.3	364.27	2130.23	477.36	2
2864	54	1088.23	250.67	1187.01	316.34	2
2864	55	1790.31	509.73	1968.44	686.12	2
2865	52	1920.02	365.35	2147.79	475.22	2
2865	54	1077.8	251.96	1179.42	318.74	2
2865	55	1792.24	498.89	1964.18	671.2	2
2866	52	1941.51	365.08	2174.2	472.48	2
2866	54	1070.05	253.71	1173.99	320.89	2
2866	55	1794.3	493.18	1961.57	660.09	2
2867	52	1969.89	364.99	2195.65	470.19	2
2867	54	1058.23	256.3	1165.57	323.6	2
2867	55	1797.07	483.95	1960.2	644.96	2
2868	52	1989.04	365.63	2211.16	471.47	2
2868	54	1048.04	257.9	1159.2	325.22	2
2868	55	1798.71	477.52	1959.93	631.78	2
2869	52	2015.83	365.2	2233.45	470.65	2
2869	54	1036.59	259.76	1149.18	327.73	2
2869	55	1801.98	467.99	1960.7	617.96	2
2870	52	2034.53	365.04	2252.11	466.39	2
2870	54	1025.25	261.08	1141.52	329.92	2
2870	55	1804.48	462.17	1962.51	609.42	2
2871	52	2060.53	364.99	2272.87	464.88	2
2871	54	1011.46	262.84	1131.65	332	2
2871	55	1809.39	452.88	1964.65	595.24	2
2872	52	2080.37	366.32	2287.6	463.72	2
2872	54	1001.82	263.46	1124.11	334.02	2
2872	55	1813.15	447.14	1966.23	583.8	2
2873	52	2105.45	367.49	2308.31	464.73	2
2873	54	988.04	264.95	1113.63	337.33	2
2873	55	1819.18	438.54	1968.92	568.55	2
2874	52	2131.8	368.58	2333.26	465.82	2
2874	54	972.03	267.42	1100.76	340.48	2
2874	55	1825.35	428.92	1972	554.69	2
2875	52	2151.85	369.64	2350.28	464.26	2
2875	54	960.28	268.98	1091.43	342.92	2
2875	55	1829.51	423.1	1973.84	545.51	2
2876	52	2175.68	370.02	2372.49	464.4	2
2876	54	945.72	269.52	1078.36	345.08	2
2876	55	1836.31	415.86	1976.57	533.15	2
2877	52	2191.48	370.15	2386.52	459.8	2
2877	54	933.93	270.98	1068.99	347.13	2
2877	55	1842.05	410.88	1978.93	525.87	2
2878	52	2213.78	370.17	2407.64	462.23	2
2878	54	919.37	273.44	1056.58	350.44	2
2878	55	1849.41	402.54	1981.82	514.84	2
2879	52	2229.78	371.5	2424.01	461.77	2
2879	54	909.54	274.99	1046.86	352.93	2
2879	55	1853.25	398.51	1982.17	507.96	2
2880	52	2252.85	373.33	2444.67	465.68	2
2880	54	895.73	276.83	1033.64	356.41	2
2880	55	1857.87	391.2	1982.26	497.76	2
2881	52	2270.52	374.65	2460.88	467.12	2
2881	54	884.94	277.49	1024.3	358.32	2
2881	55	1862.07	385.46	1981.58	489.78	2
2882	52	2294.25	377.78	2480.83	463.69	2
2882	54	869.47	278.34	1011.26	361.56	2
2882	55	1866.13	379.59	1978.55	480.52	2
2883	52	2310.15	378.92	2494.77	461.71	2
2883	54	859.99	279.26	1002	364.03	2
2883	55	1868.04	374.36	1976.06	473.55	2
2884	52	2333.26	379.98	2517.94	463.07	2
2884	54	846.98	282.81	988.34	368.13	2
2884	55	1865.05	368.65	1971.73	465.31	2
2885	52	2348.34	381	2533.8	464.24	2
2885	54	836.53	285.43	978.88	370.28	2
2885	55	1861.14	364.84	1969.55	458.67	2
2886	52	2368.45	380.66	2552.28	465.35	2
2886	54	823.79	288.35	965.8	374.27	2
2886	55	1854.26	359.63	1964.76	448.48	2
2887	52	2395.12	385.82	2563.07	462.45	2
2887	54	810.16	290.05	951.98	378.31	2
2887	55	1844.31	352.53	1957.69	441.84	2
2888	52	2412.07	391.22	2565.83	463.41	2
2888	54	800.81	291.94	942.5	381.71	2
2888	55	1836.63	348.87	1952.48	437.05	2
2889	52	2435.12	395.8	2565.87	462.37	2
2889	54	791.11	292.61	929.43	385.52	2
2889	55	1824.52	343.72	1944.66	427.54	2
2890	52	2450.98	398.72	2564.58	459.91	2
2890	54	783.29	293.46	921.59	387.55	2
2890	55	1814.8	339.4	1937.23	421.08	2
2891	54	775.46	296.97	910.43	392.76	2
2891	55	1800.69	334.66	1926	413.64	2
2892	54	769.65	298.27	903.34	395.96	2
2892	55	1790.22	331.15	1917.28	408.6	2
2893	54	763.22	300.65	893.77	400.98	2
2893	55	1775.27	326.69	1903.65	402.33	2
2894	54	759.25	303.45	887.28	404.11	2
2894	55	1763.2	323.26	1892.74	397.68	2
2895	54	754.14	305.12	879.25	409.75	2
2895	55	1747.7	318.82	1877.01	390.86	2
2896	54	750.61	305.72	874	414.38	2
2896	55	1735.47	316.07	1865.34	386.67	2
2897	54	747.63	309.73	867.73	419.29	2
2897	55	1719.29	311.18	1848.05	380.67	2
2898	54	746.2	313.18	863.78	423.02	2
2898	55	1707.51	306.88	1835.83	374.7	2
2899	54	744.63	317.05	859.31	429.52	2
2899	55	1690.2	302.8	1817.7	368.74	2
2900	54	742.3	321.7	856.67	436.42	2
2900	55	1670.8	298.1	1797.31	363.46	2
2901	54	742.33	324.07	855.96	442.19	2
2901	55	1657.93	293.87	1783.41	359.09	2
2902	54	741.21	326.84	857.33	449.44	2
2902	55	1639.6	290.48	1764.69	353.69	2
2903	54	740.94	329.77	859.33	454.69	2
2903	55	1627.19	288.09	1750.82	349.95	2
2904	54	741.65	334.69	862.24	461.09	2
2904	55	1609.05	286.05	1730.81	345.45	2
2905	54	742.06	337.81	865.47	468.58	2
2905	55	1597.43	284.13	1717.17	342.03	2
2906	54	743.63	343.43	870.74	478.39	2
2906	55	1580.25	280.86	1697.26	336.93	2
2907	54	744.32	346.18	874.13	486.55	2
2907	55	1567.7	278.47	1683.72	334.65	2
2908	54	746.62	351.63	880.06	495.96	2
2908	55	1551.52	274.35	1665.21	329.26	2
2909	54	747.57	355.6	884.97	502.67	2
2909	55	1540.04	271.64	1651.56	326.83	2
2910	54	749.93	361.54	891.4	515.37	2
2910	55	1525.59	269.43	1634.34	322.08	2
2911	54	751.53	365.67	896.48	522.05	2
2911	55	1515.45	266.75	1621.88	319.2	2
2912	54	754.13	371.66	902.95	532.78	2
2912	55	1501.48	263.19	1605.09	314.94	2
2913	54	756.45	379.65	911.23	548.92	2
2913	55	1486.77	260.67	1587.38	310.86	2
2914	54	758	385.21	916.95	558.84	2
2914	55	1477.23	257.85	1575.47	307.53	2
2915	54	759.9	393.02	924.27	574.64	2
2915	55	1466.17	254.93	1560.23	303.78	2
2916	54	761.92	399.13	930.24	586.96	2
2916	55	1457.98	252.63	1550.62	301.23	2
2917	54	764	409.04	938.27	597.92	2
2917	55	1447.35	250.56	1537.52	297.09	2
2918	54	765.44	416.01	945.14	612.19	2
2918	55	1440.63	249.27	1528.63	295.09	2
2919	54	767.91	424.31	952.84	631.51	2
2919	55	1431.88	247.55	1516.47	291.8	2
2920	54	769.5	431.23	959.57	647.7	2
2920	55	1425.82	246.37	1507.9	290.09	2
2921	54	770.74	442.04	968.48	668.39	2
2921	55	1419.31	244.68	1497.17	287.57	2
2922	54	771.84	449.96	975.02	686.4	2
2922	55	1414.04	243.49	1489.81	286.13	2
2923	54	771.61	462.41	983.83	710.27	2
2923	55	1407.05	242.46	1480.13	284.37	2
2923	56	1201	191	1235	218	2
2924	54	770.86	472.86	989.69	728.87	2
2924	55	1402.92	240.83	1473.77	282.51	2
2924	56	1200.2	191	1234.2	218.8	2
2925	54	769.9	488.85	998.2	751.71	2
2925	55	1398.38	238.96	1465.11	279.92	2
2925	56	1200.05	191.76	1234.05	219.72	2
2926	54	767.6	505.77	1007.11	785.76	2
2926	55	1393.02	237.01	1456.32	277.06	2
2926	56	1199.99	192.8	1233.22	221.58	2
2927	54	764.78	517.89	1013.01	804.44	2
2927	55	1389.41	235.7	1450.25	275.45	2
2927	56	1199.22	193.11	1232.96	222.88	2
2928	54	760.48	531.98	1020.87	849.48	2
2928	56	1198.26	194.6	1233.62	224.69	2
2929	54	756.25	542.34	1027.61	879.79	2
2929	56	1197.94	195.11	1233.85	225.98	2
2930	54	748.88	559.36	1037.06	927.77	2
2930	56	1197.85	195.94	1233.26	226.4	2
2931	54	741.59	573.43	1045.05	968.28	2
2931	56	1197.83	196.21	1232.36	227.16	2
2932	54	733.05	599.34	1054.98	1033.79	2
2932	56	1197.16	198.29	1232.72	228.74	2
2933	54	722.79	621.28	1063.17	1085.61	2
2933	56	1196.93	199.05	1232.86	229.96	2
2934	54	708.08	657.17	1073.15	1165.52	2
2934	56	1196.2	199.96	1232.91	231.7	2
2935	54	695.41	684.98	1080.73	1235.39	2
2935	56	1195.27	200.28	1232.94	232.97	2
2936	54	674.15	729.23	1090.45	1335.81	2
2936	56	1194.28	201.02	1232.95	234.72	2
2937	54	655.19	765.33	1099.78	1406.7	2
2937	56	1193.92	201.93	1232.96	236	2
2938	54	624.04	821.82	1105.86	1436.84	2
2938	56	1193.8	202.9	1232.31	237.75	2
2939	54	583.21	896.37	1119.88	1446.46	2
2939	56	1193.11	203.9	1232.06	239.68	2
2940	54	591.8	956.04	1124.84	1447.8	2
2940	56	1192.87	204.26	1232.63	241.02	2
2941	54	594.21	1057.84	1108.79	1447.84	2
2941	56	1192.14	205.66	1232.85	242.79	2
2942	54	594.94	1146.12	1104.61	1442.32	2
2942	56	1191.23	206.18	1232.94	244.08	2
2943	54	598.04	1310.07	1086.06	1443.93	2
2943	56	1190.89	207.64	1233.62	245.82	2
2944	56	1190.13	208.83	1233.24	247.09	2
2945	56	1189.21	209.91	1233.09	249.48	2
2946	56	1188.87	210.94	1233.03	251	2
2947	56	1188.11	212.6	1233.01	253.48	2
2948	56	1187.84	213.22	1233	255.03	2
2949	56	1187.75	214.06	1232.99	256.87	2
2950	56	1187.09	215.01	1233.65	258.82	2
2950	57	1211	195	1243	224	2
2951	56	1186.85	216.63	1233.9	260.82	2
2951	57	1210.2	196.6	1243	225.6	2
2952	56	1186.13	218.52	1233.99	263.48	2
2952	57	1210.05	196.91	1243.76	226.68	2
2952	58	2023	1305	2535	1436	2
2953	56	1185.22	219.22	1234.67	265.09	2
2953	57	1209.23	197.01	1244.03	227.81	2
2953	58	1985.4	1261	2553.4	1432	2
2954	56	1184.24	220.75	1234.29	267.6	2
2954	57	1208.97	197.77	1244.09	228.88	2
2954	58	1939.66	1182.07	2557.57	1433.41	2
2955	56	1183.88	221.95	1234.78	269.8	2
2955	57	1208.9	198.02	1244.1	229.92	2
2955	58	1909.7	1123.68	2559.1	1432.78	2
2956	56	1183.11	223.02	1234.97	271.89	2
2956	57	1208.19	199.48	1244.09	231.63	2
2956	58	1876.14	1050.09	2559.53	1432.42	2
2957	56	1182.18	224.05	1234.39	273.28	2
2957	57	1208.63	200	1244.08	232.22	2
2957	58	1856.2	998.41	2555.48	1431.65	2
2958	56	1180.55	225.7	1233.51	275.69	2
2958	57	1208.81	200.85	1244.06	233.74	2
2958	58	1834.51	937.14	2546.45	1430.7	2
2959	56	1179.29	226.95	1233.82	277.21	2
2959	57	1208.89	201.81	1244.05	234.93	2
2959	58	1820.77	893.24	2457.54	1429.1	2
2960	56	1177.54	228.69	1233.29	279.68	2
2960	57	1208.25	203.47	1243.37	236.66	2
2960	58	1804.32	843.34	2498.28	1430.79	2
2961	56	1176.24	229.97	1233.09	281.86	2
2961	57	1208.69	204.08	1243.79	236.61	2
2961	58	1793.96	808.81	2482.94	1430.91	2
2962	56	1174.47	231.72	1232.36	284.58	2
2962	57	1208.19	205.61	1243.27	238.54	2
2962	58	1782.56	768.94	2426.73	1429.15	2
2963	56	1172.52	233	1232.08	286.21	2
2963	57	1208.01	206.15	1243.08	239.23	2
2963	58	1776.8	741.91	2383.04	1397.98	2
2964	56	1169.87	234.75	1231.34	288.07	2
2964	57	1207.28	206.98	1243.67	240.1	2
2964	58	1770.83	707.01	2326.69	1321.03	2
2965	56	1166.94	236.03	1229.77	290.02	2
2965	57	1206.37	208.59	1245.2	242.37	2
2965	58	1767.61	668.66	2268.97	1235.9	2
2966	56	1164.55	237.12	1229.16	291.34	2
2966	57	1206.02	209.17	1245.78	243.85	2
2966	58	1766.02	644.55	2234.56	1176.68	2
2967	56	1160.46	238.8	1227.65	292.43	2
2967	57	1205.25	210.01	1246.01	245.02	2
2967	58	1762.55	620.62	2191.66	1105.08	2
2968	56	1158.27	239.39	1225.79	294.09	2
2968	57	1204.32	210.96	1246.09	246.74	2
2968	58	1759.2	607.82	2165.11	1057.21	2
2969	56	1153.59	240.23	1223.78	295.31	2
2969	57	1204.61	211.29	1245.46	248.65	2
2969	58	1757.11	589.96	2134.88	999.19	2
2970	56	1150.56	241.15	1223.02	297.02	2
2970	57	1204.09	212.68	1245.21	249.99	2
2970	58	1756.93	578.66	2115.61	962.35	2
2971	56	1145.6	242.12	1220.19	299.57	2
2971	57	1203.91	213.19	1245.11	251.77	2
2971	58	1756.51	558.08	2092.02	907.68	2
2972	56	1141.8	242.45	1217.82	300.49	2
2972	57	1203.19	214.01	1245.06	253.05	2
2972	58	1756.72	543.48	2074.87	874.1	2
2973	56	1135.25	243.18	1214.99	302.73	2
2973	57	1202.28	215.59	1245.7	254.8	2
2973	58	1757.04	527.05	2054.01	835.37	2
2974	56	1130.23	242.79	1212.65	304.18	2
2974	57	1201.95	216.83	1245.29	256.07	2
2974	58	1757.4	518.58	2041.23	811.21	2
2975	56	1123.24	243.24	1209.85	306.62	2
2975	57	1201.18	217.92	1245.78	257.81	2
2975	58	1761.23	508.34	2025.94	784.87	2
2975	59	1212	191	1248	220	2
2976	56	1118.04	244.04	1207.52	308.8	2
2976	57	1200.25	218.96	1245.32	259.08	2
2976	58	1764.85	502.4	2017.75	770.52	2
2976	59	1212	191	1247.2	220	2
2977	56	1109.72	246.25	1202.82	311.52	2
2977	57	1199.26	219.97	1245.78	261.48	2
2977	58	1769.68	490.63	2008.1	749.41	2
2977	59	1212	191.77	1247.82	219.23	2
2978	56	1100.2	247.73	1196.57	313.81	2
2978	57	1197.61	221.62	1244.67	264.29	2
2978	58	1774.92	476.16	1997.98	728.78	2
2978	59	1211.23	192.83	1248.8	220.57	2
2979	56	1092.74	248.27	1192.25	315.27	2
2979	57	1196.33	222.88	1244.23	265.33	2
2979	58	1778.1	467.66	1990.49	714.46	2
2979	59	1210.98	193.11	1249.1	222.48	2
2980	56	1082.3	249.09	1186.79	317.72	2
2980	57	1194.57	223.98	1243.41	267.62	2
2980	58	1782.67	458.45	1985.87	697.44	2
2980	59	1210.91	193.19	1249.17	223.8	2
2981	56	1074.52	250.66	1182.17	319.24	2
2981	57	1193.91	224.37	1243.1	269.1	2
2981	58	1786.99	452.43	1984.28	685.66	2
2981	59	1211.6	193.88	1249.17	224.23	2
2982	56	1063.33	253.85	1174.7	321.71	2
2982	57	1192.39	225.13	1242.33	270.9	2
2982	58	1791.18	444.68	1984.98	668.7	2
2982	59	1211.17	194.8	1249.84	225.03	2
2983	56	1054.63	255.68	1168.65	323.24	2
2983	57	1189.88	226.04	1241.39	272.2	2
2983	58	1793.21	439.78	1986.34	655.43	2
2983	59	1211.69	195.11	1250.07	225.96	2
2984	56	1043.09	257.65	1160.63	325.72	2
2984	57	1188.3	227.65	1240.39	274.58	2
2984	58	1796.58	430.97	1986.45	640.62	2
2984	59	1211.22	195.87	1250.81	230.28	2
2985	56	1034.28	259.01	1154.39	327.24	2
2985	57	1186.43	228.89	1239.37	275.45	2
2985	58	1799.74	424.89	1986.83	630.74	2
2985	59	1211.04	196.79	1251.74	232.5	2
2986	56	1022.07	261.44	1145.02	329.72	2
2986	57	1184.44	229.98	1238.33	277.67	2
2986	58	1804.19	416.29	1988.6	616.33	2
2986	59	1210.98	197.78	1252.07	233.98	2
2987	56	1012.38	262.31	1137.64	331.25	2
2987	57	1182.42	231.01	1237.3	279.12	2
2987	58	1807.03	411.62	1990.82	606.5	2
2987	59	1210.96	198.79	1252.18	234.5	2
2988	56	999.84	263.25	1128.48	334.38	2
2988	57	1179.1	232.67	1234.98	280.92	2
2988	58	1812.69	404.88	1993.81	594.13	2
2988	59	1210.96	199.16	1252.86	235.29	2
2989	56	990.06	264.22	1121.21	336.81	2
2989	57	1177.21	233.93	1234.1	282.2	2
2989	58	1816.66	400.82	1995.73	584.94	2
2989	59	1210.31	199.28	1253.11	236.2	2
2990	56	976.86	266.49	1110.18	339.62	2
2990	57	1173.29	235.02	1232.49	284.6	2
2990	58	1822.72	395.63	1997.89	572.73	2
2990	59	1210.71	200.6	1253.19	237.81	2
2991	56	961.68	268.62	1098.33	342.58	2
2991	57	1168.62	236.7	1229.96	287.4	2
2991	58	1828.17	390.02	2000.13	559.41	2
2991	59	1211.53	201.74	1253.85	239.69	2
2992	56	950.91	269.39	1088.77	344.29	2
2992	57	1164.92	237.96	1228.36	289.08	2
2992	58	1832.7	384.94	2001.69	551.23	2
2992	59	1211.84	202.81	1254.09	240.36	2
2993	56	936.05	270.28	1076.22	347.48	2
2993	57	1160.34	239.05	1225.84	290.96	2
2993	58	1838.26	378.62	2003.65	541.33	2
2993	59	1211.96	203.19	1254.17	242.53	2
2994	56	925.44	271.23	1067.71	349.28	2
2994	57	1156.05	240.08	1223.6	291.62	2
2994	58	1842.82	374.61	2003.72	534.26	2
2994	59	1212.01	203.96	1254.84	243.97	2
2995	56	910.67	273.49	1055.6	352.48	2
2995	57	1151.25	241.74	1219.57	293.76	2
2995	58	1848.38	370.05	2005.81	524.06	2
2995	59	1212.02	204.89	1255.08	245.77	2
2996	56	898.82	274.97	1045.99	354.29	2
2996	57	1147.52	242.98	1217.38	294.52	2
2996	58	1852.25	368.04	2005.9	518.23	2
2996	59	1211.37	205.87	1255.82	247.07	2
2997	56	883.59	277.44	1032.83	357.51	2
2997	57	1141.02	244.07	1213.36	296.71	2
2997	58	1856.87	364.15	2005.25	511.15	2
2997	59	1211.77	206.87	1256.08	248.82	2
2998	56	873.52	278.34	1023.48	359.96	2
2998	57	1136.02	245.09	1210.57	298.14	2
2998	58	1859.7	360.94	2004.34	504.97	2
2998	59	1211.93	207.23	1256.82	250.09	2
2999	56	859.63	278.63	1010.42	363.42	2
2999	57	1129.68	246.1	1206.33	300.59	2
2999	58	1863.27	356.6	2002.66	496.36	2
2999	59	1211.99	207.99	1257.74	251.83	2
3000	56	848.81	280.64	1001.15	365.97	2
3000	57	1123.46	247.09	1202.8	302.12	2
3000	58	1865.74	353.91	2000	491.66	2
3000	59	1211.36	208.26	1258.73	253.1	2
3001	56	835.29	283.32	988.14	370.12	2
3001	57	1116.02	247.43	1198.3	304.6	2
3001	58	1867.81	350.41	1993.57	482.17	2
3001	59	1210.47	208.99	1259.1	254.19	2
3002	56	825.28	284.95	978.25	372.92	2
3002	57	1110.03	248.18	1194.04	306.79	2
3002	58	1868.34	347.32	1989.22	477.82	2
3002	59	1210.12	209.89	1259.22	255.86	2
3003	56	812.71	286.82	965	376.51	2
3003	57	1102.05	249.08	1187.96	310.8	2
3003	58	1865.6	342.98	1987.09	470.46	2
3003	59	1210	210.86	1259.25	257.75	2
3004	56	799.15	290.08	951.76	380.39	2
3004	57	1090.73	251.31	1180.54	313.59	2
3004	58	1861.84	338.19	1985.04	464.08	2
3004	59	1209.95	212.51	1259.24	259.73	2
3005	56	790.47	291.94	941.84	383.09	2
3005	57	1081.99	253.45	1174.54	315.25	2
3005	58	1858.38	335.96	1983.7	460.07	2
3005	59	1209.94	213.12	1259.87	261.09	2
3006	56	779.72	293.89	929.25	387.28	2
3006	57	1072.33	256.19	1167.18	317.77	2
3006	58	1853.05	331.94	1980.6	452.16	2
3006	59	1208.63	213.98	1260.1	262.86	2
3007	56	772.14	295.23	920.92	390.1	2
3007	57	1064.87	257.85	1161.19	319.31	2
3007	58	1848.39	329.3	1978.19	447.59	2
3007	59	1208.14	214.93	1260.18	264.14	2
3008	56	762.43	297.64	910.24	393.67	2
3008	57	1051.87	260.39	1152.55	321.78	2
3008	58	1841.35	326.48	1973.39	439.43	2
3008	59	1207.96	215.91	1260.19	265.88	2
3009	56	755.88	299.8	902.64	398.2	2
3009	57	1041.89	262.62	1146.12	323.3	2
3009	58	1835.43	324.28	1969.68	436.16	2
3009	59	1207.9	216.91	1260.83	267.14	2
3010	56	748.53	302.52	892.89	403.72	2
3010	57	1029.24	264.07	1136.72	326.44	2
3010	58	1826.67	320.9	1964.42	431.15	2
3010	59	1207.23	217.92	1261.07	268.88	2
3011	56	744.2	304.15	886.31	407.69	2
3011	57	1020.65	265.23	1129.97	328.21	2
3011	58	1820.14	319.15	1959.9	427.58	2
3011	59	1206.98	218.93	1261.15	270.14	2
3012	56	738.98	304.08	876.92	411.7	2
3012	57	1007.26	266.92	1120.43	330.77	2
3012	58	1809.89	315.94	1953.04	423.17	2
3012	59	1205.59	220.59	1262.47	271.88	2
3013	56	735.44	304.64	871.16	416.36	2
3013	57	996.52	268.81	1111.75	332.98	2
3013	58	1802.83	312.88	1947.93	421.81	2
3013	59	1204.43	221.19	1262.32	273.14	2
3014	56	732.46	305.45	864.04	421.27	2
3014	57	982.94	270.14	1100.19	335.7	2
3014	58	1793.08	309.87	1940.21	415.48	2
3014	59	1202.7	222.04	1262.24	274.87	2
3015	56	731.06	308.27	859.79	425	2
3015	57	973.42	271.24	1091.37	337.98	2
3015	58	1784.92	307.56	1934.13	412.71	2
3015	59	1201.4	222.34	1261.56	276.14	2
3016	56	729.49	313.84	854.55	432.78	2
3016	57	957.74	272.91	1078.46	341.37	2
3016	58	1773.49	304.14	1924.77	407.18	2
3016	59	1199.62	224.37	1259.98	277.87	2
3017	56	726.51	317.87	850.28	439.53	2
3017	57	940.37	274.8	1064.67	344.55	2
3017	58	1760.81	300.99	1914.16	401.32	2
3017	59	1197.65	226.43	1258.06	280.45	2
3018	56	724.98	319.38	847.67	443.96	2
3018	57	928.13	276.78	1055.03	347.64	2
3018	58	1750.93	299.3	1905.7	398.05	2
3018	59	1195.62	227.18	1257.32	282.03	2
3019	56	725.31	323.75	846.33	450.68	2
3019	57	912.76	278.78	1041.24	350.7	2
3019	58	1738.89	295.43	1895.47	393.68	2
3019	59	1192.92	228.73	1256.4	283.88	2
3020	56	723.63	327.96	846.8	455.09	2
3020	57	901.32	280.15	1031.61	353.09	2
3020	58	1729.95	292.78	1887.84	390.26	2
3020	59	1190.63	229.29	1255.4	285.18	2
3021	56	723.82	330.81	849.14	464.42	2
3021	57	885.62	282.57	1018.48	355.87	2
3021	58	1716.99	289.92	1876	385.16	2
3021	59	1186.54	230.12	1253.73	286.93	2
3022	56	723.37	333.76	850.86	471.07	2
3022	57	874.09	284.09	1007.87	358.8	2
3022	58	1707.72	288.32	1867.11	380.79	2
3022	59	1184.36	231.05	1252.45	288.19	2
3023	56	722.67	338.05	854.3	478.65	2
3023	57	860.3	286.57	993.05	361.79	2
3023	58	1694.65	285.83	1855.46	378.73	2
3023	59	1180.33	232.68	1250.68	289.27	2
3024	56	722.5	339.64	856.36	485.3	2
3024	57	848.24	288.11	983.11	364.8	2
3024	58	1685.38	284.35	1846.69	376.12	2
3024	59	1176.89	233.26	1250.01	290.28	2
3025	56	722.55	346.57	859.88	496.68	2
3025	57	834.9	290.6	968.58	368.46	2
3025	58	1671.67	281.91	1834.44	371.3	2
3025	59	1172.41	234.1	1248.49	291.26	2
3026	56	722.66	349.85	862.59	503.53	2
3026	57	825.65	292.14	958.12	371.08	2
3026	58	1662.83	280.45	1824.16	367.01	2
3026	59	1168.8	234.38	1246.63	292.24	2
3027	56	723.43	356.17	866.95	513.72	2
3027	57	813.37	295.27	944.67	372.64	2
3027	58	1649.95	277.99	1810.68	364.28	2
3027	59	1163.6	235.76	1244.64	294.52	2
3028	56	723.15	361.74	870.61	520.71	2
3028	57	803.23	297.06	936	373.78	2
3028	58	1639.49	277.19	1800.62	360.06	2
3028	59	1160.37	236.26	1243.26	295.35	2
3029	56	723.74	367.68	875.28	529.66	2
3029	57	791.26	298.99	923.9	379.38	2
3029	58	1627.32	273.61	1787.93	356.67	2
3029	59	1154.7	237.72	1240.82	296.92	2
3030	56	724.03	373.73	881.61	543.87	2
3030	57	779.91	301.61	910.48	384.01	2
3030	58	1614.51	271.06	1772.9	352.89	2
3030	59	1148.9	238.85	1237.47	298.79	2
3031	56	724.18	378.53	885.98	554.29	2
3031	57	772.11	303.85	901.19	387.65	2
3031	58	1604.76	269.55	1762.97	351	2
3031	59	1143.1	239.98	1234.12	300.67	2
3032	56	724.93	385.4	892.16	567.75	2
3032	57	762.33	307.25	890.83	393.49	2
3032	58	1592.22	267.75	1749.02	349.11	2
3032	59	1135.57	241.06	1229.3	302.67	2
3033	56	725.26	390.53	896.46	579.17	2
3033	57	755.76	309.78	882.71	398.23	2
3033	58	1583.26	267.17	1739.53	346.54	2
3033	59	1130.26	241.43	1226.27	304.67	2
3034	56	726.06	398.15	903.23	593.62	2
3034	57	748.43	312.63	873.44	406.41	2
3034	58	1572.34	265.04	1725.75	344.4	2
3034	59	1121.22	242.19	1222.6	307.34	2
3035	56	726.4	403.56	908.37	606.69	2
3035	57	743.44	314.95	867.06	412.03	2
3035	58	1564	262.99	1717.01	341.73	2
3035	59	1114.63	243.1	1219.34	309.62	2
3036	56	727.2	412.55	916.08	623.01	2
3036	57	736.65	318.35	859.09	417.95	2
3036	58	1552.64	261.64	1702.85	338.86	2
3036	59	1105.12	244.7	1214.3	312.39	2
3037	56	728.17	419.14	922.21	637.44	2
3037	57	733.15	320.89	853.84	423.35	2
3037	58	1544.8	259.89	1693.32	337.26	2
3037	59	1097.7	245.94	1209.86	314.05	2
3038	56	729.84	429.21	931.57	656.82	2
3038	57	728.89	324.37	847.59	428.53	2
3038	58	1534.94	257.31	1680.18	334.77	2
3038	59	1086.6	247.67	1203.1	315.93	2
3039	56	731.15	435.57	938.31	673.04	2
3039	57	725.65	326.94	843.64	432.98	2
3039	58	1526.34	256.43	1671.74	332.63	2
3039	59	1076.49	249.26	1196.06	318.25	2
3040	56	732.31	446.16	948.52	694.34	2
3040	57	722.07	330.44	839.16	439.72	2
3040	58	1516.85	254.85	1659	329.94	2
3040	59	1066.37	250.85	1189.02	320.58	2
3041	56	734.04	453.99	955.58	710.68	2
3041	57	719.7	333	836.49	446.05	2
3041	58	1510.39	254.34	1650.03	327.72	2
3041	59	1053.83	252.79	1182.75	322.06	2
3042	56	735.36	466.42	965.89	732.64	2
3042	57	717.75	337.12	833.78	453.5	2
3042	58	1501.68	252.21	1637.76	325	2
3042	59	1040.97	254.78	1173.45	324.54	2
3043	56	736.51	481.3	977.42	760.61	2
3043	57	715.28	343.14	831.73	462.03	2
3043	58	1490.78	250.15	1624.93	322.09	2
3043	59	1025.86	258.1	1161.63	327.39	2
3044	56	736.32	492.05	985.62	776.99	2
3044	57	714.57	346.69	831.86	469.7	2
3044	58	1484.46	249.46	1616.62	319.79	2
3044	59	1014.4	259.3	1154.63	329.73	2
3045	56	735.59	505.64	996.32	802.75	2
3045	57	713.18	352.46	832.79	478.92	2
3045	58	1476.47	247.26	1605.27	317.7	2
3045	59	997.99	261.01	1142.47	333.17	2
3046	56	735.3	516.47	1005.43	824.5	2
3046	57	712.82	356.55	834.62	484.93	2
3046	58	1470.55	245.85	1597.51	316.37	2
3046	59	986.69	262.25	1134.07	335.07	2
3047	56	732.64	529.39	1017.1	861.18	2
3047	57	712.18	361.9	838.1	496.08	2
3047	58	1462.67	243.39	1587.01	313.3	2
3047	59	970.98	263.97	1122	338.34	2
3048	56	730.32	536.81	1025.95	892.17	2
3048	57	712.71	365.8	840.84	504.07	2
3048	58	1456.76	241.2	1578.88	310.92	2
3048	59	959.36	265.88	1112.38	340.82	2
3049	56	728.77	549.55	1038.75	940.99	2
3049	57	712.41	371.69	844.62	515.32	2
3049	58	1449.54	240.46	1569.58	308.14	2
3049	59	942.24	267.2	1097.91	343.65	2
3050	56	726.26	560.05	1047.41	979.34	2
3050	57	713.68	376.44	847.43	523.36	2
3050	58	1445.22	239.6	1562.54	306.54	2
3050	59	929.47	268.95	1087.38	346.61	2
3051	56	720.21	580.82	1061.38	1034.12	2
3051	57	713.64	382.67	853.15	533.98	2
3051	58	1438.56	239.34	1552.95	304.71	2
3051	59	912.58	270.22	1071.94	349.63	2
3052	56	715.32	597.68	1072.37	1078.68	2
3052	57	714.33	387.55	856.65	542.39	2
3052	58	1434.43	238.64	1546.48	302.79	2
3052	59	899.93	271.3	1061.07	352.65	2
3053	56	707.09	623.52	1088.49	1145.82	2
3053	57	714.69	395.73	861.93	555.06	2
3053	58	1428.48	237.1	1537.75	300.83	2
3053	59	882.45	273.6	1047.45	356.33	2
3053	60	1213	193	1244	223	2
3054	56	700.73	643.59	1101.58	1200.1	2
3054	57	715.53	400.72	865.9	566.18	2
3054	58	1423.91	234.57	1532.25	299.53	2
3054	59	871.55	276.38	1035.39	358.32	2
3054	60	1213	193	1244	223	2
3055	56	691.94	673.77	1121.01	1282.18	2
3055	57	716.57	409.56	871.31	581.78	2
3055	58	1418.45	234.34	1523.85	297.13	2
3055	59	854.74	277.39	1021.29	362.25	2
3055	60	1212.23	194.54	1244	223.77	2
3056	56	679.13	713.36	1144.76	1382.9	2
3056	57	717.02	418.63	879.18	597.22	2
3056	58	1413.36	234.34	1515.05	293.63	2
3056	59	837.01	279.67	1005.19	367.55	2
3056	60	1211.2	195.84	1244	225.6	2
3057	56	668.47	745.19	1162.14	1427.13	2
3057	57	717.22	425.24	884.75	607.5	2
3057	58	1409.76	233.73	1510.21	292.46	2
3057	59	826.06	281.15	992.84	370.81	2
3057	60	1210.89	196.2	1244	226.89	2
3058	56	651.77	790.46	1175.76	1444.59	2
3058	57	717.98	433.43	892.02	627.23	2
3058	58	1404.62	232.2	1501.33	290.09	2
3058	59	811.21	284.89	978.03	374.56	2
3058	60	1210.82	197.7	1244	227.98	2
3059	56	639.51	826.14	1188.43	1449.06	2
3059	57	718.31	441.55	896.08	641.64	2
3059	58	1400.99	231.68	1495.75	289.31	2
3059	59	801.43	286.93	966.89	377.85	2
3059	60	1210.43	199.23	1244.39	229.41	2
3060	56	622.19	880.41	1213.82	1449.93	2
3060	57	718.48	452.86	904	661.02	2
3060	58	1396.51	230.87	1489.31	287.76	2
3060	59	789.65	288.95	953.22	382.91	2
3060	60	1210.03	200.76	1244.78	230.83	2
3061	56	642.63	923.69	1197.11	1446.99	2
3061	57	718.56	461.6	909.57	679.14	2
3061	58	1393.76	230.61	1484.59	286.61	2
3061	59	781.06	290.31	942.55	386.06	2
3061	60	1209.94	201.99	1244.92	231.99	2
3062	56	651.1	997.06	1188.43	1444.41	2
3062	57	717.98	474.36	917.41	701.8	2
3062	58	1390.27	229.89	1477.76	285.59	2
3062	59	770.35	293.36	929.7	391.04	2
3062	60	1209.24	202.38	1244.97	233.72	2
3063	56	652.49	1057.67	1182.2	1441.95	2
3063	57	717.76	484.3	922.93	718.67	2
3063	58	1387.87	228.99	1473.58	284.61	2
3063	59	764.16	295.12	920.68	395.45	2
3063	60	1208.32	202.49	1244.99	234.98	2
3064	56	655.08	1159.1	1176.94	1441.04	2
3064	57	717.06	499.46	930.1	740.84	2
3064	58	1383.11	228.02	1467.59	282.98	2
3064	59	755.66	298.32	909.79	400.91	2
3064	60	1207.99	202.5	1244.99	236.08	2
3065	56	657.49	1240.8	1172.66	1438.11	2
3065	57	715.53	510.95	935.35	763.18	2
3065	58	1380.22	227.03	1463.67	282.45	2
3065	59	749.6	300.14	902.18	404.86	2
3065	60	1208.53	203.12	1244.34	237.1	2
3066	57	711.76	526.65	943.66	790.59	2
3066	58	1378	226.03	1457.77	280.97	2
3066	59	743.77	303.36	892.44	411.42	2
3066	60	1207.42	203.32	1244.76	238.76	2
3067	57	708.41	538.97	948.71	815.58	2
3067	58	1376.04	225.03	1453.89	279.82	2
3067	59	740.04	305.19	885.27	416.43	2
3067	60	1207.02	204.67	1244.91	239.35	2
3068	57	704.56	553.71	956.28	847.15	2
3068	58	1374.13	224.69	1448.65	277.45	2
3068	59	735.71	308.4	877.69	423.39	2
3068	60	1206.23	207.14	1244.97	241.5	2
3069	57	699.28	568.75	966.1	895.69	2
3069	58	1376.39	223.26	1443.61	275.96	2
3069	59	733.15	314.07	869.26	431.74	2
3069	60	1205.94	208.7	1244.99	242.92	2
3070	57	694.71	581.37	973.65	933.77	2
3070	58	1376.02	222.77	1440.08	274.8	2
3070	59	731.94	318.15	865.29	438.08	2
3070	60	1205.84	209.25	1245	244.07	2
3071	57	685.36	604.81	982.81	990.93	2
3071	58	1370.37	222.63	1435.59	272.42	2
3071	59	731.79	322.87	860.15	446.84	2
3071	60	1205.45	210.17	1245.75	245.48	2
3072	57	676.69	624.57	990.08	1035.82	2
3072	58	1367.15	221.95	1432.82	270.25	2
3072	59	731.39	325.27	858.03	452.65	2
3072	60	1205.07	211.09	1246.51	246.89	2
3073	57	666.37	655.89	999.73	1107.43	2
3073	59	730.78	331.24	860.29	461.81	2
3073	60	1204.95	211.39	1246.83	248.69	2
3074	57	657.31	681.81	1007.83	1162.87	2
3074	59	731.37	335.41	862.64	469.08	2
3074	60	1204.92	211.5	1246.95	249.97	2
3075	57	642.49	721.16	1020.93	1247.92	2
3075	59	732.43	340.15	868.41	479.44	2
3075	60	1204.26	213.44	1246.99	251.72	2
3076	57	629.83	750.93	1029.76	1318.55	2
3076	59	732.94	345.09	872.68	485.86	2
3076	60	1204.01	214.16	1247.01	253.01	2
3077	57	608.6	802.74	1043.74	1400.26	2
3077	59	735.22	351.42	879.68	498.46	2
3077	60	1202.62	215.06	1247.67	254.76	2
3078	57	589.71	844.65	1046.13	1434.04	2
3078	59	736.18	356.97	885.05	508.27	2
3078	60	1202.1	216.02	1247.91	256.68	2
3079	57	556.58	909.38	1053.08	1445.47	2
3079	59	738.58	364.15	893.01	522.15	2
3079	60	1201.91	217.65	1247.36	258.67	2
3080	57	535.46	962.61	1063.15	1447.61	2
3080	59	740.2	369.4	899.98	533.11	2
3080	60	1201.19	218.24	1247.14	260.04	2
3081	57	551.86	1050.9	1052.19	1445.95	2
3081	59	742.82	377.07	909.14	547.38	2
3081	60	1200.28	219.74	1247.06	261.82	2
3082	57	565.87	1179.07	1045.16	1443.71	2
3082	59	745.15	385.68	919.73	564.21	2
3082	60	1199.3	221.58	1247.02	265.06	2
3083	57	573.52	1282.61	1035.7	1441.78	2
3083	59	747.37	392.75	927.01	576.31	2
3083	60	1198.93	222.9	1247.01	266.9	2
3084	59	750.19	402.4	937.5	592.91	2
3084	60	1197.51	224.02	1246.35	268.85	2
3085	59	751.93	409.86	945.99	605.52	2
3085	60	1196.33	225.7	1246.1	270.84	2
3085	61	1212	196	1247	225	2
3086	59	754.54	419.65	956.88	626.12	2
3086	60	1194.6	226.32	1246.01	273.5	2
3086	61	1212	196.8	1247	225.8	2
3087	59	756.2	428.4	964.87	645.3	2
3087	60	1192.66	227.81	1245.33	275.11	2
3087	61	1212	196.95	1247	226.72	2
3088	59	758.76	440.54	976.17	666.5	2
3088	60	1189.99	228.99	1243.78	276.97	2
3088	61	1212	198.54	1247	227.04	2
3089	59	760.38	450.25	984.93	684.08	2
3089	60	1187.7	230.06	1242.53	278.92	2
3089	61	1212	199.05	1247.75	228.63	2
3090	59	761.65	463.41	995.87	709.69	2
3090	60	1184.26	231.73	1241.41	281.55	2
3090	61	1212	199.19	1247.99	229.82	2
3091	59	762.13	473.47	1004.46	730.19	2
3091	60	1181.68	234.27	1240.35	283.16	2
3091	61	1212	199.9	1248.07	230.9	2
3092	59	762.29	488	1016.57	754.99	2
3092	60	1177.5	235.87	1238.02	285.67	2
3092	61	1211.31	200.82	1248.08	231.94	2
3093	59	762.34	499.24	1024.97	777.71	2
3093	60	1173.36	235.78	1235.85	287.86	2
3093	61	1211.06	201.14	1248.08	232.96	2
3094	59	759.8	514.83	1036.35	806.5	2
3094	60	1167.95	237.64	1233.1	289.93	2
3094	61	1210.3	201.9	1248.07	233.97	2
3095	59	755	534.04	1050.13	851.54	2
3095	60	1161.43	239.62	1230.13	291.97	2
3095	61	1210.02	202.83	1248.07	234.97	2
3096	59	751.83	547.68	1058.56	881.46	2
3096	60	1155.76	240.99	1227.09	293.33	2
3096	61	1210.59	204.48	1248.06	235.98	2
3097	59	746.77	562.31	1071.8	934.98	2
3097	60	1148.51	242.77	1222.75	295.08	2
3097	61	1210.15	205.75	1248.05	236.98	2
3098	59	741.64	575.37	1083.13	978.66	2
3098	60	1143.19	244.06	1220.43	296.99	2
3098	61	1209.33	206.19	1248.04	237.98	2
3099	59	732.06	597.71	1097.49	1044.13	2
3099	60	1135.47	245.81	1215.12	299.62	2
3099	61	1208.37	206.99	1248.04	239.64	2
3100	59	723.27	616.99	1107.39	1097.22	2
3100	60	1129.34	246.43	1211.16	301.86	2
3100	61	1208.67	207.92	1248.69	240.24	2
3101	59	710.37	647.41	1124.9	1183.64	2
3101	60	1120.03	247.27	1205.83	304.6	2
3101	61	1208.14	208.9	1248.93	241.74	2
3102	59	699.69	671.73	1138.53	1253.55	2
3102	60	1113.32	246.91	1201.27	306.88	2
3102	61	1207.95	209.25	1249.02	242.93	2
3103	59	681.71	708.42	1159.37	1364.35	2
3103	60	1103.16	248.65	1195.71	309.63	2
3103	61	1207.23	210	1249.05	244.65	2
3104	59	665.93	740.12	1176.19	1419.98	2
3104	60	1095.5	249.3	1190.43	311.93	2
3104	61	1206.32	210.92	1249.06	245.93	2
3105	59	639.78	793.2	1193.92	1442.57	2
3105	60	1083.71	252.08	1182.7	314.68	2
3105	61	1205.98	211.89	1249.06	247.68	2
3106	59	617.6	834.88	1205.18	1449.05	2
3106	60	1075.41	254.43	1177.2	316.97	2
3106	61	1205.86	212.89	1249.06	248.96	2
3107	59	632.23	895.99	1219.99	1449.32	2
3107	60	1063.41	257.89	1168.13	319.72	2
3107	61	1205.83	213.9	1249.05	250.72	2
3108	59	634.84	982.98	1199.59	1447.98	2
3108	60	1048.67	260.48	1158.3	322.66	2
3108	61	1205.17	214.91	1249.04	252	2
3109	60	1038.62	262.06	1150.75	324.35	2
3109	61	1204.28	215.27	1249.04	253.1	2
3110	60	1024.67	264.56	1138.97	327.53	2
3110	61	1203.96	216.02	1249.04	254.77	2
3111	60	1013.67	266.11	1130.65	329.97	2
3111	61	1203.84	216.94	1249.03	256.03	2
3112	60	998.1	269.26	1121.17	332.77	2
3112	61	1203.16	218.56	1249.68	257.76	2
3113	60	987.16	270.39	1111.9	335.72	2
3113	61	1202.92	219.16	1249.28	259.04	2
3114	60	972.25	271.42	1099.46	338.72	2
3114	61	1202.18	220.66	1249.12	260.78	2
3114	62	2103	1209	2559	1432	2
3115	60	960.31	273.05	1090.31	341.74	2
3115	61	1201.92	221.2	1249.05	262.05	2
3115	62	2075.8	1153.8	2558.2	1431.2	2
3116	60	944.4	274.92	1076.05	344.76	2
3116	61	1201.18	222.68	1249.03	263.8	2
3116	62	2026.76	1053.64	2558.81	1431.77	2
3117	60	931.44	276.88	1065.56	347.14	2
3117	61	1200.26	223.22	1249.67	265.72	2
3117	62	1992.51	986.74	2559.02	1432.63	2
3118	60	915.15	278.22	1052.08	350.56	2
3118	61	1199.27	224.69	1249.27	267.71	2
3118	62	1953.31	900.22	2500.36	1412.87	2
3119	60	904.01	279.33	1041.3	353.08	2
3119	61	1198.26	225.23	1248.46	269.07	2
3119	62	1929.58	841.05	2441.43	1355.55	2
3120	60	888.42	280.35	1027.69	356.56	2
3120	61	1197.23	226.7	1248.14	270.85	2
3120	62	1906.06	777.75	2358.79	1242.23	2
3120	63	1217	195	1256	227	2
3121	60	870.48	283.27	1011.73	360.39	2
3121	61	1196.21	228.54	1247.37	273.43	2
3121	62	1884.77	713.93	2280.25	1117.56	2
3121	63	1216.2	195.8	1256	228.6	2
3122	60	859.4	285.64	1000.68	363.73	2
3122	61	1195.19	229.86	1247.08	275.02	2
3122	62	1875.29	674.31	2232.84	1039.24	2
3122	63	1216.05	195.95	1256	229.67	2
3123	60	845.16	288.45	985.71	367.52	2
3123	61	1193.52	230.98	1246.32	276.87	2
3123	62	1864.77	631.78	2180.41	953.5	2
3123	63	1215.99	196.77	1256.77	231.57	2
3123	64	1323	186	1357	217	2
3124	60	834.27	290.76	975.11	371.47	2
3124	61	1190.95	232.67	1245.39	278.18	2
3124	62	1859.23	606.14	2150.46	896.55	2
3124	63	1215.98	197.76	1257.02	232.89	2
3124	64	1322.2	186	1357	217	2
3125	60	820.74	294.18	960.96	376.13	2
3125	61	1188.7	233.94	1245.03	280.58	2
3125	62	1852.49	575.29	2113.76	829.01	2
3125	63	1216.7	198.09	1257.8	234.71	2
3125	64	1322.05	185.23	1355.47	216.23	2
3126	60	812.75	296.74	951.36	379.13	2
3126	61	1186.57	235.03	1244.26	282.1	2
3126	62	1849.97	558.11	2092.32	795.9	2
3126	63	1216.95	198.87	1258.06	235.31	2
3126	64	1321.2	184.97	1354.95	215.19	2
3127	60	800.31	298.95	938.91	383.42	2
3127	61	1183.84	236.72	1242.68	284.57	2
3127	62	1845.4	536.32	2066.13	752.03	2
3127	63	1217.72	199.81	1258.13	236.83	2
3127	64	1320.96	184.92	1354.83	213.38	2
3128	60	792.75	301.03	929.33	386.9	2
3128	61	1182.18	237.32	1242.08	286.11	2
3128	62	1843.19	522.88	2051.97	728.24	2
3128	63	1218	200.14	1258.14	237.34	2
3128	64	1320.9	184.92	1354.82	212.85	2
3129	60	783.1	302.4	917.54	391.38	2
3129	61	1179.64	238.81	1240.57	287.95	2
3129	62	1842.93	504.86	2035.78	695.85	2
3129	63	1218.08	200.9	1258.81	238.82	2
3129	64	1319.48	183.48	1354.14	211.27	2
3130	60	776.61	304.16	909.55	394.93	2
3130	61	1177.41	240	1239.35	289.24	2
3130	62	1844.08	491.99	2026.47	678.17	2
3130	63	1218.11	201.83	1259.05	239.99	2
3130	64	1318.99	183.01	1353.91	210.78	2
3131	60	767.3	307.35	898.34	400.07	2
3131	61	1173.36	241.06	1237.61	290.33	2
3131	62	1846.2	476.01	2014.5	651.1	2
3131	63	1218.11	202.16	1259.12	241.05	2
3131	64	1318.16	182.17	1352.49	209.95	2
3132	60	762.26	309.82	891.25	403.89	2
3132	61	1170.56	242.08	1235.67	291.33	2
3132	62	1847.19	463.46	2008.36	633.96	2
3132	63	1217.43	202.92	1259.14	241.41	2
3132	64	1317.87	181.2	1351.3	209.7	2
3133	60	755.46	312.64	882.35	410.42	2
3133	61	1166.3	243.08	1234.29	292.97	2
3133	62	1847.64	448.18	2002.15	611.21	2
3133	63	1217.17	203.84	1259.13	242.16	2
3134	60	749.99	316.87	873.44	416.68	2
3134	61	1162.15	244.08	1232.5	294.19	2
3134	62	1849.36	434.15	1995.93	588.04	2
3134	63	1216.41	204.17	1259.12	244.38	2
3135	60	746.37	319.75	867.89	422.22	2
3135	61	1159.31	244.41	1229.91	295.25	2
3135	62	1850.05	426.19	1991.82	573.17	2
3135	63	1216.78	204.92	1259.76	245.84	2
3136	60	742.7	324	862.2	429.38	2
3136	61	1154.4	245.81	1227.63	297.56	2
3136	62	1850.34	414.46	1987.48	553.17	2
3136	63	1216.26	205.84	1260	248.31	2
3137	60	741.02	326.86	857.8	434.61	2
3137	61	1150.65	246.96	1226.14	299.7	2
3137	62	1850.49	407.83	1984.46	542.76	2
3137	63	1216.07	206.18	1260.74	249.23	2
3138	60	738.71	331.75	853.86	442.28	2
3138	61	1145.43	247.37	1223.04	301.12	2
3138	62	1851.29	398.49	1980.38	526.86	2
3138	63	1215.34	207.58	1261.66	250.18	2
3139	60	738.14	335.5	852.75	447.7	2
3139	61	1141.54	248.78	1220.58	302.9	2
3139	62	1850.9	392.52	1978.05	516.93	2
3139	63	1215.07	208.75	1262.01	252.46	2
3140	60	738.17	338.8	855.31	456.09	2
3140	61	1134.98	249.94	1217.09	304.19	2
3140	62	1850.79	381.95	1973.41	502.51	2
3140	63	1214.32	209.18	1261.48	254.58	2
3141	60	739.01	341.91	858.44	462.4	2
3141	61	1130.6	250.35	1214.51	305.92	2
3141	62	1850.78	376.78	1970.09	494.23	2
3141	63	1213.38	209.96	1260.61	255.36	2
3142	60	742.8	347.52	865.76	471.75	2
3142	61	1123.85	251.77	1210.34	308.48	2
3142	62	1850.1	368.55	1966.47	481.73	2
3142	63	1213.03	211.54	1260.92	257.56	2
3143	60	746.33	352.19	873.25	479.08	2
3143	61	1118.13	252.93	1206.85	310.71	2
3143	62	1848.5	364.13	1962.73	474	2
3143	63	1212.26	212.77	1261.03	259	2
3144	60	751.04	359.68	884.67	489.46	2
3144	61	1109.6	255.29	1201.7	312.81	2
3144	62	1845.2	357.48	1958.23	463.68	2
3144	63	1211.32	213.87	1260.42	260.81	2
3145	60	754.84	363.78	893.6	497.18	2
3145	61	1103.83	256.82	1197.19	314.21	2
3145	62	1841.32	352.83	1954.14	456.6	2
3145	63	1210.32	214.26	1260.18	262.1	2
3146	60	759.6	370.4	907.4	509.61	2
3146	61	1093.99	258.67	1191.65	315.99	2
3146	62	1835.21	347.44	1948.13	447.11	2
3146	63	1209.3	215.03	1260.08	263.85	2
3147	60	765.92	377.97	922.91	524.48	2
3147	61	1083.29	259.98	1184.47	317.91	2
3147	62	1826.98	341.1	1940.09	437.46	2
3147	63	1207.62	215.95	1260.69	266.42	2
3148	60	770.34	384.01	934.69	534.58	2
3148	61	1074.76	261.09	1179.18	319.89	2
3148	62	1822.04	335.77	1934.69	431.88	2
3148	63	1206.35	216.92	1260.28	268.01	2
3149	60	777.18	392.64	951.35	551.72	2
3149	61	1064.55	262.12	1170.81	322.54	2
3149	62	1811.6	331.44	1926.22	422.13	2
3149	63	1204.59	218.57	1258.82	269.86	2
3149	65	1208	197	1242	224	2
3150	60	783.02	399.07	962.88	562.03	2
3150	61	1056.24	263.13	1164.42	324.15	2
3150	62	1804.56	328.24	1919.32	416.5	2
3150	63	1203.28	220.47	1257.61	271.17	2
3150	65	1208	197	1242	224	2
3151	60	792.32	408.47	979.4	575.39	2
3151	61	1042.92	264.77	1156.28	326	2
3151	62	1794.09	322.55	1909.66	410.81	2
3151	63	1200.19	221.82	1256.49	272.92	2
3152	60	799.12	415.21	991.48	586.76	2
3152	61	1035.36	266.67	1149.4	327.95	2
3152	62	1785.71	320.1	1902.32	406.43	2
3152	63	1198.4	222.96	1255.42	274.18	2
3153	60	808.76	425.98	1006.89	609.44	2
3153	61	1023.63	268.65	1139.76	330.59	2
3153	62	1773.49	316.09	1891.2	400.51	2
3153	63	1196.44	224.66	1254.37	275.92	2
3154	60	816.94	433.85	1017.85	624.39	2
3154	61	1013.51	269.36	1132.31	332.19	2
3154	62	1763.16	313.54	1882	396.72	2
3154	63	1194.43	225.93	1253.33	277.83	2
3155	60	825.84	446.3	1032.82	645.86	2
3155	61	998.88	271.54	1121.86	334.68	2
3155	62	1749.6	309.44	1868.9	390.25	2
3155	63	1191.75	227.68	1252.29	279.81	2
3156	60	831.77	456.12	1043.54	661.64	2
3156	61	988.93	272.33	1114.75	336.88	2
3156	62	1739.45	305.46	1858.96	385.55	2
3156	63	1189.47	228.96	1251.27	281.82	2
3157	60	840.38	470.61	1057.73	689.77	2
3157	61	975.04	273.89	1102.53	339.6	2
3157	62	1725.34	301.51	1844.95	379.39	2
3157	63	1186.05	230.06	1249.59	283.83	2
3158	60	845.54	483.06	1068.14	712.47	2
3158	61	964.1	275.74	1093.44	341.23	2
3158	62	1714.36	298.94	1835.36	374.08	2
3158	63	1183.48	230.44	1248.32	285.2	2
3158	65	1207.01	202.95	1243.98	228.96	2
3159	60	852.55	499.79	1082.82	740.7	2
3159	61	949.19	277.71	1081.09	343.74	2
3159	62	1699.34	294.8	1820.21	368.39	2
3159	63	1179.32	229.24	1246.56	287.61	2
3159	65	1206.97	203.9	1244.75	233.46	2
3160	60	857.07	519.46	1099.79	769.19	2
3160	61	932.74	279.72	1066.86	347.24	2
3160	62	1681.43	290.78	1802.28	361.85	2
3160	63	1174.55	229.41	1243.97	289.77	2
3160	65	1206.95	205.51	1245.67	236.77	2
3161	60	858.73	534.02	1109.99	791.49	2
3161	61	920.86	281.09	1055.76	349.81	2
3161	62	1668.43	287.48	1789.94	358.45	2
3161	63	1170.82	230.72	1241.71	290.57	2
3161	65	1206.95	205.48	1246.01	238.05	2
3162	60	857.32	554.09	1121.97	835.33	2
3162	61	905.61	282.86	1041.36	352.67	2
3162	62	1652.04	285.09	1773.15	353.38	2
3162	63	1165.58	232.5	1238.92	292.1	2
3162	65	1206.95	207.36	1245.48	239.78	2
3163	60	855.39	569.26	1131.48	874.59	2
3163	61	893.59	284.14	1031.55	355	2
3163	62	1639.64	283.76	1759.94	349.81	2
3163	63	1161.7	233.81	1236.59	293.93	2
3163	65	1206.96	208.08	1245.91	240.41	2
3164	60	851.33	589.39	1146.34	936.49	2
3164	61	877.66	285.88	1017.69	358.41	2
3164	62	1622.82	280.02	1742.17	346.05	2
3164	63	1155.12	235.58	1233.15	295.87	2
3164	65	1206.31	208.97	1247.38	241.9	2
3165	60	846.52	607.1	1156.99	983.68	2
3165	61	866.06	287.79	1006.81	360.94	2
3165	62	1611.64	278.14	1729.31	343.54	2
3165	63	1151.37	236.87	1230.58	297.21	2
3165	65	1206.06	209.29	1248.57	243.08	2
3166	60	838.84	636.23	1171.01	1056.7	2
3166	61	850.94	290.43	992.54	364.43	2
3166	62	1594.62	274.9	1713.67	338.8	2
3166	63	1144.86	237.33	1226.41	299.62	2
3166	65	1205.97	209.38	1249.02	244.79	2
3167	60	833.23	660.08	1181.34	1118.91	2
3167	61	840.33	292.04	982.84	366.99	2
3167	62	1583.4	273.19	1699.01	335.94	2
3167	63	1138.58	237.48	1222.91	301.14	2
3167	65	1206.59	210.68	1249.18	246.05	2
3168	60	820.87	696.51	1198.35	1210.61	2
3168	61	826.25	293.9	969.04	371.14	2
3168	62	1567.7	270.67	1680.68	331.71	2
3168	63	1131.12	237.5	1218.4	303.6	2
3168	65	1206.18	211.81	1249.22	248.44	2
3169	60	810.37	726.97	1209.88	1287.06	2
3169	61	816.71	295.85	958.89	373.94	2
3169	62	1557.03	268.54	1668.39	329.03	2
3169	63	1124.47	238.12	1214.14	305.79	2
3169	65	1206.68	213.51	1249.87	249.32	2
3170	60	792.37	774.64	1227.94	1387.6	2
3170	61	802.37	298.5	944.91	378.18	2
3170	62	1542.19	265.17	1650.98	324.85	2
3170	63	1116.23	238.33	1209.34	308.52	2
3170	65	1206.22	214.14	1250.11	250.9	2
3171	60	776.54	814.67	1241.14	1429.54	2
3171	61	792.75	300.11	936.03	380.36	2
3171	62	1532.52	262.72	1637.71	320.81	2
3171	63	1109.31	239.03	1204.98	310.8	2
3171	65	1206.05	214.36	1250.18	252.11	2
3172	60	751.51	873.36	1256.74	1446.56	2
3172	61	781	301.31	923.21	385.01	2
3172	62	1518.02	259.24	1621.26	316.81	2
3172	63	1099.06	241.21	1198.88	312.92	2
3172	65	1205.99	215.06	1250.2	253.82	2
3173	60	754.99	950.14	1251.11	1449.26	2
3173	61	768.43	304.3	909.51	389.92	2
3173	62	1503.11	256.07	1603.67	312.15	2
3173	63	1086.28	243.98	1190.84	315.61	2
3173	65	1205.31	215.95	1250.19	255.73	2
3174	60	754.82	1011.12	1247.39	1448.42	2
3174	61	760.82	306.7	900.13	393.03	2
3174	62	1495.49	254.36	1592.43	309.28	2
3174	63	1076.95	245.02	1185.23	317.23	2
3174	65	1205.06	216.91	1250.17	257.72	2
3175	60	754.88	1113.38	1248.14	1447.67	2
3175	61	751.14	310.16	889.74	398.66	2
3175	62	1483.08	251.83	1577.41	305.71	2
3175	63	1065.82	246.03	1177.39	320.38	2
3175	65	1203.66	218.55	1250.81	259.73	2
3176	60	753.09	1197.41	1245.56	1444.57	2
3176	61	744.62	313.36	881.61	402.66	2
3176	62	1474.35	249.68	1566.46	303.23	2
3176	63	1055.24	249.61	1171.22	322.18	2
3176	65	1203.13	219.8	1251.04	261.1	2
3177	61	735.98	316.48	872.36	407.98	2
3177	62	1463.54	246.98	1552.2	299.1	2
3177	63	1042.38	252.29	1161.29	324.75	2
3177	65	1202.94	220.91	1251.77	262.88	2
3178	61	731.15	318.26	865.31	412.51	2
3178	62	1454.71	244.07	1542.9	296.41	2
3178	63	1031.14	252.6	1153.67	326.3	2
3178	65	1202.87	222.6	1251.39	264.81	2
3179	61	725.12	321.45	857.77	417.37	2
3179	62	1445.17	242.45	1529.88	292.88	2
3179	63	1017.39	255.28	1142.53	328.78	2
3179	65	1202.21	223.87	1251.23	266.79	2
3180	61	721.26	323.91	852.02	421.71	2
3180	62	1438.15	241.3	1520.32	290.4	2
3180	63	1007.11	256.91	1134.46	330.97	2
3180	65	1201.31	224.32	1251.81	268.15	2
3181	61	716.86	327.37	844.92	427.14	2
3181	62	1429.94	240.32	1509.24	287.62	2
3181	63	994.38	257.48	1123.14	333.69	2
3181	65	1200.33	225.11	1251.38	269.92	2
3182	61	714.25	330.57	840.67	431.7	2
3182	62	1424.73	240.07	1501.03	286.78	2
3182	63	983.25	258.31	1115.69	335.96	2
3182	65	1199.96	226.03	1250.55	271.84	2
3183	61	712.26	333.67	834.76	438.51	2
3183	62	1418.51	237.35	1489.72	283.88	2
3183	63	967.66	261.17	1104.01	339.35	2
3183	65	1199.19	227.64	1250.22	273.82	2
3184	61	711.21	336.72	831.61	443.58	2
3184	62	1414.73	235.76	1482.86	282.95	2
3184	63	957.36	262.88	1094.51	341.23	2
3184	65	1198.25	228.88	1250.1	275.18	2
3185	61	711.08	341.69	828.07	449.93	2
3185	62	1408.22	234.58	1474.01	279.37	2
3185	63	944.65	264.79	1081.35	343.83	2
3185	65	1195.96	230.63	1249.39	277.59	2
3186	61	711.31	346.77	827.11	458.7	2
3186	62	1407.7	232.89	1464.45	276.14	2
3186	63	929.03	264.81	1067.41	347.35	2
3186	65	1193.15	231.91	1247.83	280.41	2
3187	61	711.59	349.93	827.69	465.81	2
3187	62	1397.28	232.37	1459.07	274.42	2
3187	63	918.17	264.14	1057.12	349.92	2
3187	65	1190.79	233.01	1246.58	282.09	2
3188	61	712.53	355.55	832.13	474.84	2
3188	62	1390.6	230.89	1451.11	271.88	2
3188	63	903.96	268.33	1043.69	352.77	2
3188	65	1187.32	234.7	1244.81	283.97	2
3189	61	713.64	360.22	836.56	479.49	2
3189	62	1386.49	229.07	1445.99	269.72	2
3189	63	893.01	270.59	1033.62	355.09	2
3189	65	1184.73	235.96	1243.49	285.28	2
3190	61	716.15	365.81	844.28	490.16	2
3190	62	1381.91	227.12	1439.77	267.69	2
3190	63	878.77	272.7	1021.6	358.5	2
3190	65	1179.89	237.05	1241.7	287.67	2
3191	61	718.49	370.43	851.85	498.59	2
3191	62	1379.21	225.12	1435.19	265.7	2
3191	63	868.48	272.81	1012.74	361.02	2
3191	65	1176.14	238.08	1239.74	289.18	2
3192	61	722.04	376.61	861.29	508.75	2
3192	62	1381.29	223.79	1429.81	263.06	2
3192	63	854.5	275.39	1000.55	364.5	2
3192	65	1170.24	239.74	1236.43	291	2
3193	61	724.76	381.47	869.47	517.02	2
3193	62	1383.3	223.38	1427.1	260.17	2
3193	63	844.97	276.33	990.99	367.05	2
3193	65	1165.44	240.98	1233.88	292.28	2
3194	61	728.43	388.38	881.01	530.3	2
3194	63	833.25	279.24	978.53	371.19	2
3194	65	1158.51	242.72	1230.36	294.01	2
3195	61	731.16	393.51	889.93	538.48	2
3195	63	825.26	280.31	969.54	373.34	2
3195	65	1152.69	243.34	1227.1	295.26	2
3196	61	736.71	401.15	901.68	552.34	2
3196	63	813.45	281.96	957.94	377.32	2
3196	65	1145.39	245.5	1222.04	297.64	2
3197	61	740.18	407.2	911.33	562.64	2
3197	63	804.77	283.84	950.62	380.06	2
3197	65	1138.78	246.28	1218.17	299.8	2
3198	61	745.99	415.81	923.31	577.94	2
3198	63	793.99	286.46	939.01	383.61	2
3198	65	1129.28	247.18	1212.25	302.51	2
3199	61	753.36	426.05	936.83	596.42	2
3199	63	782.41	289.36	926.4	388.78	2
3199	65	1119.31	247.49	1204.91	305.44	2
3199	66	1197	205	1231	233	2
3200	61	758.14	433.75	947.11	609.8	2
3200	63	774.48	289.78	918.05	392.62	2
3200	65	1111.67	248.86	1199.52	308.44	2
3200	66	1197	205.8	1231.8	233	2
3201	61	764.44	444.89	959.29	628.79	2
3201	63	765.3	291.81	908.02	397.87	2
3201	65	1100.51	252.57	1191.74	311.48	2
3201	66	1197	207.51	1231.19	234.56	2
3202	61	768.78	454.19	968.37	645.5	2
3202	63	758.27	295.12	900.66	401.74	2
3202	65	1091.83	253.99	1185.59	313.23	2
3202	66	1196.1	208.26	1230.63	235.28	2
3203	61	774.89	465.93	981.33	666.38	2
3203	63	749.41	298.3	890.99	407.01	2
3203	65	1079.65	256.43	1176.9	315.78	2
3203	66	1195.2	209.01	1230.08	236.01	2
3204	61	779.12	475.45	990.03	684.45	2
3204	63	743.81	299.46	884.41	410.87	2
3204	65	1069.94	257.32	1169.77	317.99	2
3204	66	1194.15	209.2	1229.93	236.94	2
3205	61	782.62	491.05	1001.55	708.98	2
3205	63	736.12	301.78	876.35	416.76	2
3205	65	1057.38	259.56	1160.06	320.71	2
3205	66	1193.83	210.64	1229.89	238.62	2
3206	61	786.46	502.73	1011.58	725.95	2
3206	63	730.94	302.62	870.36	420.86	2
3206	65	1046.91	261.03	1151.92	322.98	2
3206	66	1193.06	211.13	1230.57	240.56	2
3207	61	789.15	519.84	1023.59	753.24	2
3207	63	724.71	302.89	863.17	427.48	2
3207	65	1033.42	263.49	1140.55	325.73	2
3207	66	1191.46	211.29	1230.16	242.57	2
3208	61	790.13	532.67	1034.44	776.25	2
3208	63	720.73	303.58	858.16	432.49	2
3208	65	1023.89	265.03	1132.41	327.36	2
3208	66	1191.54	212.63	1230.67	243.95	2
3209	61	790.42	550.16	1046.1	812.14	2
3209	63	715.58	312.09	851.97	439.44	2
3209	65	1010.14	266.87	1121.7	330.51	2
3209	66	1190.95	213.78	1230.21	245.08	2
3210	61	789.83	563.12	1055.54	845.99	2
3210	63	712.63	316.06	848.64	445.26	2
3210	65	998.63	268.17	1112.59	332.94	2
3210	66	1190.09	214.85	1230.04	246.12	2
3211	61	787.61	581.78	1067.26	888.42	2
3211	63	709.16	316.86	843.72	453.17	2
3211	65	984.14	269.92	1100.24	335.75	2
3211	66	1189.14	215.89	1229.98	248.44	2
3212	61	784.15	605.19	1082.39	944.77	2
3212	63	705.49	320.95	838.84	462.48	2
3212	65	965.91	271.83	1085.34	339.34	2
3212	66	1188.79	216.91	1229.96	249.93	2
3213	61	780.85	623.67	1093.2	990.52	2
3213	63	703.71	324.4	835.98	469.83	2
3213	65	952.69	273.81	1073.99	341.3	2
3213	66	1188.69	217.92	1229.95	251.11	2
3214	61	771.29	652.52	1107.95	1066.03	2
3214	63	701.3	329.52	833.84	478.95	2
3214	65	935.64	275.82	1060.16	344.56	2
3214	66	1188.02	218.93	1229.95	252.82	2
3215	61	763.74	678.01	1114.23	1122.39	2
3215	63	699.94	332.73	832.61	485.55	2
3215	65	924.84	277.18	1050.54	347.03	2
3215	66	1187.14	219.94	1229.96	254.72	2
3216	61	749.96	717.12	1124.6	1215.1	2
3216	63	698.31	339.67	833.7	496.28	2
3216	65	908.11	278.95	1036.12	350.49	2
3216	66	1187.47	220.3	1229.96	256.71	2
3217	61	736.39	748.58	1133.51	1290.55	2
3217	63	697.86	344.85	834.93	504.13	2
3217	65	896.83	280.22	1025.65	353.04	2
3217	66	1187.63	221.05	1230.62	258.08	2
3218	61	712.85	799.73	1144.94	1389.5	2
3218	63	697.2	350.64	838.86	515.99	2
3218	65	881.21	282.6	1011.56	356.52	2
3218	66	1187.7	221.96	1230.87	259.2	2
3219	61	692.96	841.83	1149.34	1430.13	2
3219	63	697.06	354.71	842.41	524.89	2
3219	65	869.74	283.46	1001.25	358.43	2
3219	66	1187.75	224.23	1230.32	260.88	2
3220	61	658.77	906.48	1155.18	1445.28	2
3220	63	698.44	360.03	849.08	535.2	2
3220	65	853.4	285.68	987.23	362.31	2
3220	66	1187.13	226.38	1230.76	262.78	2
3221	61	631.57	960.45	1162.29	1449.63	2
3221	63	699.72	364.56	854.94	546.05	2
3221	65	842.96	287.13	976.33	365.02	2
3221	66	1186.91	227.17	1230.93	264.76	2
3222	61	641.65	1051.39	1150.09	1448.15	2
3222	63	700.95	370.69	863.08	560.93	2
3222	65	829.63	290.22	962.73	368.56	2
3222	66	1186.18	228.73	1230.99	266.76	2
3223	61	646.42	1128.47	1145.67	1443.65	2
3223	63	702.14	374.89	868.81	572.27	2
3223	65	819.74	292.01	952.67	371.13	2
3223	66	1185.27	229.95	1231.66	268.78	2
3224	61	654.94	1264.92	1126.29	1442.65	2
3224	63	704.61	382.79	878.13	587.94	2
3224	65	807.25	294.58	940.05	375.27	2
3224	66	1183.64	231.03	1231.27	270.8	2
3225	63	706.26	392.77	887.48	605.94	2
3225	65	796.37	297.46	926.45	379.37	2
3225	66	1181.73	233.35	1230.47	273.47	2
3226	63	708.22	399.13	894.93	617.86	2
3226	65	788.12	299.8	917.76	382.14	2
3226	66	1180.36	234.86	1230.16	275.09	2
3227	63	710.31	407.86	903.56	637.55	2
3227	65	779.5	300.63	906.31	386.36	2
3227	66	1178.56	236.04	1228.75	276.95	2
3227	67	2524	366	2559	413	2
3228	63	711.8	414.95	910.69	653.23	2
3228	65	773.42	302.83	899.13	389.82	2
3228	66	1176.59	237.11	1228.2	278.91	2
3228	67	2520.8	365.2	2559	412.2	2
3229	63	713.68	425.22	921.07	676.25	2
3229	65	766.25	305.56	890.21	394.29	2
3229	66	1173.28	238.77	1226.7	281.54	2
3229	67	2512.71	365.05	2559	412.82	2
3230	63	714.43	433.54	928.21	689.46	2
3230	65	762	307.85	883.96	397.85	2
3230	66	1170.74	240.66	1225.49	283.15	2
3230	67	2506.29	364.99	2559	413.02	2
3231	63	714.74	444.95	937.28	714.68	2
3231	65	756.83	310.6	876.05	402.35	2
3231	66	1166.58	242	1223.09	285.65	2
3231	67	2497.94	365.73	2559	412.33	2
3232	63	714.86	454.95	944.53	731.2	2
3232	65	753.3	312.25	870.84	405.92	2
3232	66	1164.35	243.12	1221.53	287.85	2
3232	67	2492.21	365.24	2559	410.61	2
3233	63	714.91	468.26	954.89	755.77	2
3233	65	750.34	315.4	864.6	411.07	2
3233	66	1160.31	244.8	1219.65	289.93	2
3233	67	2482.51	368.66	2540.74	409.33	2
3234	63	714.3	478.38	962	777.11	2
3234	65	748.95	317.84	861.35	414.89	2
3234	66	1156.88	246.06	1217.67	290.66	2
3234	67	2476.17	364.69	2552.43	411.86	2
3235	63	712.15	492.31	971.64	804.14	2
3235	65	748.06	320.66	857.13	420.12	2
3235	66	1151.74	247.79	1214.99	291.52	2
3235	67	2467.1	360.22	2556.12	411.3	2
3236	63	709.41	502.68	979.08	832.12	2
3236	65	747.38	322.97	854.6	423.97	2
3236	66	1148.52	249.06	1212.69	293.75	2
3236	67	2459.12	351.32	2557.8	415.63	2
3236	68	1212	202	1245	230	2
3237	63	705.8	516.64	990.1	870.48	2
3237	65	746.69	325.72	852.61	429.21	2
3237	66	1144.12	250.15	1209.25	296.49	2
3237	67	2450.46	353.35	2558.55	414.25	2
3237	68	1212	202.8	1245	230.8	2
3238	63	701.86	529.51	1001.23	915.34	2
3238	65	745.31	329.94	853.51	435.63	2
3238	66	1137.98	251.82	1205.37	298.78	2
3238	67	2440.32	353.86	2558.86	412.9	2
3238	68	1212	203.72	1245	231.72	2
3239	63	698.42	540.07	1011.79	950.3	2
3239	65	746.27	333.44	855.34	440.57	2
3239	66	1133.11	253.07	1202.63	300.25	2
3239	67	2433.8	353.47	2558.99	412.37	2
3239	68	1212.78	204.03	1245.78	232.81	2
3240	63	690.15	560.28	1025.26	1008.14	2
3240	65	746.81	336.65	858.9	447.52	2
3240	66	1126.17	254.15	1199.05	302.7	2
3240	67	2425.16	352.06	2557.82	410.21	2
3240	68	1213.02	204.85	1246.02	233.87	2
3241	63	682.52	578.1	1034.82	1056.26	2
3241	65	747.78	339.11	861.02	452.01	2
3241	66	1121	255.17	1196.42	304.87	2
3241	67	2418.7	350.91	2551.81	410.03	2
3241	68	1213.08	205.1	1246.81	234.91	2
3242	63	672.59	605.56	1047.86	1126.07	2
3242	65	748.94	343.19	865.26	459.4	2
3242	66	1113.33	257.46	1191.62	307.59	2
3242	67	2413.81	349.22	2540.53	409.31	2
3242	68	1213.1	205.86	1247.76	235.93	2
3243	63	664.3	626.3	1059.12	1183.33	2
3243	65	750.11	346.63	868.91	465.35	2
3243	66	1107.24	258.95	1187.25	309.22	2
3243	67	2404.44	347.96	2535.93	408.39	2
3243	68	1213.09	206.12	1248.09	236.94	2
3244	63	651.02	659.19	1075.95	1268.4	2
3244	65	751.95	351.09	874.94	473.3	2
3244	66	1099.21	260.13	1182.39	311.73	2
3244	67	2394.65	346.22	2528.52	407.39	2
3244	68	1213.08	206.86	1248.86	237.95	2
3244	70	290	359	436	482	2
3245	63	640.19	686.4	1088.09	1339.71	2
3245	65	753.35	354.67	879.23	479.45	2
3245	66	1092.36	261.18	1178.02	313.92	2
3245	67	2389.7	344.3	2523.69	406.36	2
3245	68	1213.07	207.79	1249.13	238.96	2
3246	63	620.92	730.5	1103.99	1409.43	2
3246	65	754.61	359.18	885.46	489.4	2
3246	66	1082.15	263.48	1171.91	315.99	2
3246	67	2387.77	343.2	2516.49	404.74	2
3246	68	1213.06	208.79	1249.21	239.96	2
3246	70	292	357	480	481	2
3247	63	602.76	763.13	1109.55	1437.51	2
3247	65	757.05	363.4	890.43	496.31	2
3247	66	1075.1	264.32	1167.05	318.02	2
3247	67	2385.83	342.1	2509.29	403.12	2
3247	68	1213.72	209.8	1249.22	240.97	2
3247	70	293.6	356.2	492	483.4	2
3248	63	561.18	813.87	1117.74	1446.63	2
3248	65	759.34	368.81	896.89	505.25	2
3248	66	1064.19	266.55	1160.12	320.68	2
3248	67	2383.9	341	2502.09	401.5	2
3248	68	1213.96	210.82	1249.87	242.64	2
3248	70	306.78	354.52	523.81	483.86	2
3249	63	542.89	855.48	1130.1	1447.55	2
3249	65	761.53	372.73	901.93	511.76	2
3249	66	1055.61	268.66	1154.95	322.28	2
3249	67	2385.11	340.02	2495.46	400.1	2
3249	68	1214.05	211.18	1250.1	243.89	2
3249	70	318.8	353.17	546.11	485.55	2
3250	63	537.48	922.86	1115.02	1447	2
3250	65	764.34	378.66	909.01	524.39	2
3250	66	1044.13	270.72	1147.29	324.12	2
3250	67	2363.96	334.36	2492.74	400.97	2
3250	68	1214.07	212.6	1250.17	244.98	2
3250	70	343.42	352.05	575.24	486.09	2
3250	71	2038	1274	2558	1432	2
3251	63	542.13	1017.06	1113.38	1444.61	2
3251	65	766.72	386.59	916.2	536.77	2
3251	66	1028.98	272.76	1137.4	326.71	2
3251	67	2352.47	333.6	2483.38	399.37	2
3251	68	1213.41	213.78	1250.84	246.68	2
3251	70	371.37	351.01	607.07	487.65	2
3251	71	1978	1173.2	2558.8	1432.8	2
3252	63	554.54	1095.35	1111.84	1441.11	2
3252	65	768.28	391.53	922.14	546.55	2
3252	66	1018.13	273.48	1130.44	328.94	2
3252	67	2345.47	332.73	2479.85	396.81	2
3252	68	1213.16	214.86	1251.08	247.94	2
3252	70	390.5	350.68	629.98	488.17	2
3252	71	1946.04	1122.2	2558.21	1432.93	2
3253	63	564.91	1226.54	1094.05	1437.28	2
3253	65	770.81	399.08	928.87	559.74	2
3253	66	1003.89	275.66	1120.83	331.67	2
3253	67	2338.44	333.12	2471.54	393.89	2
3253	68	1213.06	215.89	1251.16	249.68	2
3253	70	419.12	349.25	659.69	486.95	2
3253	71	1907.52	1038.34	2557.24	1431.69	2
3254	63	571.88	1336.12	1057.73	1437.52	2
3254	65	773.07	405.11	933.97	568.52	2
3254	66	992.13	277.09	1112.74	333.29	2
3254	67	2334.68	332.66	2467.25	391.5	2
3254	68	1213.03	216.91	1251.17	250.96	2
3254	70	437.84	348.09	681.2	487.14	2
3254	71	1880.73	984.39	2557.64	1431.17	2
3255	65	775.22	414.39	941.65	582.61	2
3255	66	976.93	278.89	1101.43	336.45	2
3255	67	2330.85	332.54	2460.57	389.33	2
3255	68	1211.7	217.92	1251.17	252.72	2
3255	70	464.73	347.02	712.24	488.53	2
3255	71	1852.87	917.93	2557.11	1430.95	2
3256	65	777.31	420.42	948.37	592.34	2
3256	66	964.18	280.17	1092.04	338.24	2
3256	67	2327.01	331.19	2456.28	387.93	2
3256	68	1211.2	218.93	1251.16	254	2
3256	70	484.1	346	734.97	487.71	2
3256	71	1835.51	873.78	2558.28	1430.26	2
3257	65	779.39	429.68	957.29	612.54	2
3257	66	947.97	281.91	1079.59	340.15	2
3257	67	2318.49	328.05	2453.55	387.47	2
3257	68	1211.01	219.94	1250.49	255.75	2
3257	70	511.76	345.66	767	491.35	2
3257	71	1816.06	823.37	2530.13	1431.2	2
3258	65	781.44	436.95	963.84	626.51	2
3258	66	932.95	282.52	1070.42	342.1	2
3258	67	2319.99	328.89	2448.11	386.68	2
3258	68	1210.29	220.3	1250.88	257.03	2
3258	70	532.1	344.9	791.44	492.05	2
3258	71	1804.48	792.34	2483.8	1430.38	2
3259	65	783.5	447.93	973.31	646.37	2
3259	66	915.27	284.65	1056.86	345.38	2
3259	67	2318.31	327.29	2442.95	383.1	2
3259	68	1209.37	221.05	1250.37	258.77	2
3259	70	558.73	344	825.35	494.26	2
3259	71	1791.92	757.37	2421.61	1382.06	2
3260	65	784.91	455.27	980.07	662.16	2
3260	66	902.86	286.07	1046.6	347.22	2
3260	68	1208.37	221.96	1250.82	260.69	2
3260	70	578.67	343.03	849.88	495.72	2
3260	71	1784.41	732.74	2379.93	1340.17	2
3261	65	786.06	467.5	989.59	685.83	2
3261	66	883.61	287.87	1031.28	350.45	2
3261	68	1207.35	223.58	1250.34	262.68	2
3261	70	608.98	342.04	885.68	496.9	2
3261	71	1775.74	702.04	2331.41	1270.37	2
3262	65	787.11	477.22	996.35	704.36	2
3262	66	868.11	289.8	1019.78	352.27	2
3262	68	1206.32	224.82	1250.15	264.05	2
3262	70	632.29	341.04	912.88	498.63	2
3262	71	1770.85	680.71	2304.76	1221.35	2
3263	65	788.12	492.27	1006.5	732.87	2
3263	66	847.7	292.45	1002.75	354.84	2
3263	68	1205.29	225.92	1250.07	265.83	2
3263	70	664.53	341.34	950.99	498.6	2
3263	71	1764.99	658.25	2282.66	1168.87	2
3264	65	788.49	511.88	1017.94	766.45	2
3264	66	823.43	294.71	982.89	351.81	2
3264	68	1203.62	226.96	1250.04	267.76	2
3264	70	700.83	342.15	994.57	499.86	2
3264	71	1759.43	639.42	2241.4	1111.59	2
3265	65	787.33	524.54	1025.45	790.81	2
3265	66	804.74	296.83	968.37	349.78	2
3265	68	1202.34	227.98	1249.38	269.11	2
3265	70	727.68	342.48	1025.37	500.95	2
3265	71	1756.17	628.16	2214.06	1077.58	2
3266	65	785.57	541.95	1036.47	827.16	2
3266	66	781.85	299.57	948.29	356.52	2
3266	68	1201.87	229.63	1248.48	271.52	2
3266	70	765.73	341.98	1066.7	501.99	2
3266	71	1753.49	615.91	2186.95	1040.44	2
3267	65	783.58	553.67	1043.81	856.23	2
3267	66	764.36	300.52	933.06	364.7	2
3267	68	1200.41	230.24	1248.13	273.04	2
3267	70	792.55	340.5	1097.21	504.31	2
3267	71	1751.69	604.73	2171.89	1015.18	2
3268	65	778.33	568.75	1055.37	897.44	2
3268	66	739.37	303.38	911.41	369.68	2
3268	68	1199.23	232.38	1247.35	274.87	2
3268	70	829.9	339.3	1139.7	505.16	2
3268	71	1749.37	593.66	2153.16	979.89	2
3269	65	775.63	582.03	1062.29	935.86	2
3269	66	720.5	305.75	895.66	372.23	2
3269	68	1198.15	233.17	1247.05	276.17	2
3269	70	859.62	339.52	1171.25	505.45	2
3269	71	1749.66	585.51	2142.24	958.19	2
3270	65	768.21	606.35	1074.93	990.59	2
3270	66	691.79	308.54	871.91	376.35	2
3270	68	1196.46	234.09	1246.3	277.92	2
3270	70	900.03	339.63	1214.13	506.17	2
3270	71	1747.98	572.54	2128.35	933.1	2
3271	65	764.04	628.33	1086.02	1041.91	2
3271	66	672.15	310.21	854.1	379.14	2
3271	68	1195.19	235.05	1246.01	279.18	2
3271	70	930.21	339.03	1245.76	507.06	2
3271	71	1749.76	564.73	2118.22	914.37	2
3272	65	754.22	662.32	1100.93	1125.83	2
3272	66	644.45	314.01	828.27	383.35	2
3272	68	1193.44	236.69	1245.26	280.91	2
3272	70	974.68	338.83	1289.97	507.37	2
3272	71	1748.55	555.94	2105.89	895.81	2
3273	65	748.47	689.28	1114.78	1189.2	2
3273	66	623.97	317.36	809.05	385.52	2
3273	68	1191.5	237.93	1244.34	282.17	2
3273	70	1007.66	338.77	1320.74	508.1	2
3273	71	1746.93	551.52	2097.55	884.83	2
3274	65	736.19	732.03	1133.89	1284.72	2
3274	66	592.71	319.88	782.04	390.82	2
3274	68	1188.84	239.02	1242.69	284.56	2
3274	70	1053.9	340.07	1364.67	507.69	2
3274	71	1744.46	545.83	2084.33	870.97	2
3275	65	725.75	767.5	1149.41	1365.76	2
3275	66	576.75	322.07	761.82	394.03	2
3275	68	1186.55	240.7	1242.07	286.07	2
3275	70	1088.06	339.27	1397.18	507.5	2
3275	71	1743.74	541.02	2076.95	864.25	2
3276	65	709.76	824.63	1169.75	1419.91	2
3276	66	544.55	326.07	732.38	391.27	2
3276	68	1183.14	241.96	1240.56	288.55	2
3276	70	1136.03	337.01	1444.44	508.71	2
3276	71	1745.69	535.71	2068.81	840.89	2
3277	65	687.34	897.63	1185.15	1442.01	2
3277	66	507.58	330.21	698.34	394.66	2
3277	68	1178.64	243.05	1238.06	290.09	2
3277	70	1188.56	336.17	1495.96	508.5	2
3277	71	1747.21	528.26	2056.95	821	2
3278	65	668.43	954.34	1199.19	1449.17	2
3278	66	482.4	333.62	674.85	393.13	2
3278	68	1175.01	244.73	1236.46	291.27	2
3278	70	1222.95	336.52	1530.56	508.39	2
3278	71	1747.87	523.36	2051.33	807.94	2
3279	65	688.64	1048.33	1192.88	1448.75	2
3279	66	448.77	336.8	642.43	396.49	2
3279	68	1169.8	245.99	1233.94	292.32	2
3279	70	1266.91	338.65	1574.55	508.98	2
3279	71	1748.86	517.25	2043.69	805.52	2
3280	65	696.93	1130.14	1188.83	1444.56	2
3280	66	436.04	339.19	618.97	397.62	2
3280	68	1165.91	246.42	1231.07	293.96	2
3280	70	1298	338.15	1606.26	507.86	2
3280	71	1749.27	512.67	2038.09	796.4	2
3281	65	701.54	1273.14	1182.43	1444.27	2
3281	66	406.38	342.65	587.01	410.07	2
3281	68	1160.61	247.85	1227.39	295.84	2
3281	70	1343.32	338.64	1646.5	504.12	2
3281	71	1750.15	506.68	2029.73	787.72	2
3282	66	374.3	345.81	562.7	417.01	2
3282	68	1155.41	249.01	1225.36	297.16	2
3282	70	1370.89	338.83	1675.42	500.68	2
3282	71	1750.51	502.82	2025.18	779.77	2
3283	66	339.51	348.88	529.45	423.52	2
3283	68	1148.37	250.06	1220.79	299.57	2
3283	70	1410.33	338.24	1712.7	498.74	2
3283	71	1752.04	497.02	2019.87	770.71	2
3284	66	315.92	350.64	505.09	427.88	2
3284	68	1143.12	250.43	1217.11	300.44	2
3284	70	1438.34	338.69	1738.54	497.37	2
3284	71	1752.61	492.52	2016.35	764.58	2
3285	66	296.76	355.71	471.08	431.38	2
3285	68	1136.04	251.18	1211.88	302.66	2
3285	70	1476.63	338.2	1770.71	496.88	2
3285	71	1754.18	487.13	2009.31	754.77	2
3286	66	290.38	359.55	436.41	432.56	2
3286	68	1130.18	252.08	1208.61	304.76	2
3286	70	1504.16	337.35	1793.26	495.4	2
3286	71	1756.82	483.42	2005.79	745.61	2
3287	66	289.48	364.19	412.17	427.55	2
3287	68	1120.98	254.33	1202.29	307.46	2
3287	70	1540.36	337.71	1821.64	492.88	2
3287	71	1760.49	478.3	2001.46	734.65	2
3288	66	288.45	367.82	391.2	425.99	2
3288	68	1114.93	255.82	1197.33	309.74	2
3288	70	1566.4	337.18	1840.11	491.3	2
3288	71	1759.73	474.68	1997.5	727.76	2
3289	68	1105.64	257.65	1189.68	312.5	2
3289	70	1599.45	336.33	1863.04	488.75	2
3289	71	1760.11	465.5	1992.27	720.29	2
3290	68	1094.46	260.26	1181.65	314.8	2
3290	70	1633.78	334.68	1886.31	481.16	2
3290	71	1762.27	460.36	1988.63	708.57	2
3291	68	1086.42	262.53	1176.07	316.27	2
3291	70	1656.29	333.4	1899.5	479.06	2
3291	71	1772.6	458.76	1986.24	702.69	2
3292	68	1074.48	264.66	1167.6	318.72	2
3292	70	1684.12	332.28	1915.97	480.37	2
3292	71	1769.34	454.37	1983.63	691.51	2
3293	68	1065.52	266.07	1161.84	320.24	2
3293	70	1702.88	331.23	1926.07	478.26	2
3293	71	1771.57	451.66	1982.19	684.47	2
3294	68	1053.25	267.86	1152.06	322.71	2
3294	70	1727.45	330.19	1937.5	469.54	2
3294	71	1779.82	446.83	1981.22	672.17	2
3295	68	1043.52	269.14	1143.87	324.9	2
3295	70	1742.96	328.47	1944.49	461.58	2
3295	71	1780.67	442.58	1980.43	664.73	2
3296	68	1030.31	270.23	1133.12	327.62	2
3296	70	1763.12	327.2	1952.26	458.82	2
3296	71	1784.98	437.18	1979.6	654.97	2
3297	68	1020.9	271.25	1125.88	329.25	2
3297	70	1776.45	325.43	1956.03	455.23	2
3297	71	1784.4	432.71	1979.48	647.09	2
3298	68	1007.2	272.89	1114.25	331.75	2
3298	70	1793.89	323.46	1961.43	447.29	2
3298	71	1784.79	427.91	1979.54	637.17	2
3299	68	996.33	274.77	1104.76	333.94	2
3299	70	1804.27	321.42	1964.56	443.16	2
3299	71	1786.2	423.66	1979	630.58	2
3300	68	981.42	276.75	1092.24	336.66	2
3300	70	1818.09	319.38	1969.27	435.03	2
3300	71	1789.34	418.93	1979.59	619.76	2
3301	68	971.41	278.1	1083.1	338.94	2
3301	70	1827.4	318.01	1970.94	431.58	2
3301	71	1791.09	415.38	1979.9	612.83	2
3302	68	956.85	279.87	1070.73	341.69	2
3302	70	1836.01	316.21	1969.58	429.15	2
3302	71	1794.35	409.54	1980.08	603.23	2
3303	68	939.91	281.8	1056.51	345.27	2
3303	70	1845.07	313.58	1970.01	423.01	2
3303	71	1798.84	404.9	1980.9	592.66	2
3304	68	928.5	283.14	1046.09	347.22	2
3304	70	1851.57	312	1969.77	416.86	2
3304	71	1801.74	400.03	1981.25	586.51	2
3305	68	913.43	284.89	1032.63	350.49	2
3305	70	1855.88	310.13	1967.24	411.41	2
3305	71	1804.73	397.1	1982.1	577.19	2
3306	68	902.79	286.17	1022.54	352.32	2
3306	70	1858.06	308.16	1963.98	406.92	2
3306	71	1807.08	394.21	1982.45	570.79	2
3307	68	887.38	288.55	1007.92	355.54	2
3307	70	1858.23	305.47	1959.86	402.78	2
3307	71	1811.88	391.99	1983.29	561.37	2
3308	68	875.99	290.71	997.42	357.99	2
3308	70	1855.7	303.9	1956.94	401.48	2
3308	71	1814.88	390.03	1984.3	554.94	2
3309	68	861.59	293.44	983.31	362.11	2
3309	70	1849.71	302.04	1953.82	396.44	2
3309	71	1818.57	386.07	1986.03	546.84	2
3310	68	850.61	295.08	973.03	364.9	2
3310	70	1844.73	300.76	1951.36	392.74	2
3310	71	1821.16	382.76	1987.35	540.19	2
3311	68	836.38	296.3	959.01	368.48	2
3311	70	1836.69	297.65	1947.76	388.86	2
3311	71	1824.68	378.32	1987.83	533.37	2
3312	68	827.43	298.01	949.44	371.72	2
3312	70	1830.34	295.92	1945.12	389.65	2
3312	71	1827.88	372.79	1988	528.53	2
3313	68	814.63	299.9	937	374.82	2
3313	70	1819.98	293.35	1938.87	394.04	2
3313	71	1831.63	369.58	1988.73	519.64	2
3314	68	804.93	301.87	926.75	377.87	2
3314	70	1812.12	291.14	1934.58	394.42	2
3314	71	1834.23	365.88	1988.99	514.01	2
3315	68	793.8	304.52	914.05	381.54	2
3315	70	1799.99	288.4	1925.16	391.42	2
3315	71	1837.75	362.66	1989.08	506.85	2
3316	68	782.11	308.07	901.73	386.75	2
3316	70	1784.96	285.45	1915.09	387.06	2
3316	71	1842.3	358.26	1989.77	499.14	2
3317	68	774.18	310.67	892.88	389.31	2
3317	70	1774.77	283.1	1906.81	384.19	2
3317	71	1845.18	355.48	1994.77	494.62	2
3318	68	765.01	312.91	882.69	394.74	2
3318	70	1761.19	280.97	1895.91	381.21	2
3318	71	1848.8	351.91	1990.54	487.85	2
3319	68	759.35	315	875.97	398.02	2
3319	70	1750.93	278.93	1887.96	378.87	2
3319	71	1850.65	350.77	1987.51	482.98	2
3320	68	752.34	318.32	866.56	403.05	2
3320	70	1735.46	276.92	1875.96	375.44	2
3320	71	1852.55	347.12	1984.38	476.07	2
3321	68	748.16	320.83	860.8	408.12	2
3321	70	1725.17	274.93	1867.62	371.59	2
3321	71	1853.78	344.58	1981.89	471.82	2
3322	68	742.98	324.95	854.39	413.2	2
3322	70	1709.73	272.93	1853.56	366.26	2
3322	71	1854.78	341.08	1976.92	465.79	2
3323	68	740.08	327.13	849.71	417.63	2
3323	70	1698.82	271.62	1843.14	363.05	2
3323	71	1854.32	337.92	1974.48	461.84	2
3324	68	737.36	330.47	844.34	423.1	2
3324	70	1683.16	269.87	1827.63	359.98	2
3324	71	1849.97	334.19	1970.25	453.89	2
3325	68	736.71	332.34	841.39	427.67	2
3325	70	1671.57	268.64	1816.71	355.62	2
3325	71	1844.28	331.63	1966.77	450.59	2
3326	68	734.75	336.2	837.95	433.82	2
3326	70	1656.34	266.24	1801.05	352.12	2
3326	71	1835.49	328.12	1962.88	444.21	2
3327	68	735.63	338.91	836.99	438.66	2
3327	70	1645.61	264.77	1789.47	349.62	2
3327	71	1830.92	325.62	1960.19	440.11	2
3328	68	734.86	343.1	837.61	445.56	2
3328	70	1631.37	262.28	1772.89	346.14	2
3328	71	1825.26	322.14	1956.62	434.79	2
3329	68	736.07	348.51	841.34	453.89	2
3329	70	1614.44	260.78	1755.06	342.97	2
3329	71	1815.93	318.97	1952.07	429.71	2
3330	68	737.32	352.45	844.89	460.84	2
3330	70	1603.19	258.96	1742.13	341.27	2
3330	71	1809.21	317.27	1947.82	424.71	2
3331	68	739.91	357.75	850.99	469.82	2
3331	70	1588.1	257.02	1725.74	338.75	2
3331	71	1798.89	314.08	1941.72	419.73	2
3332	68	741.64	361.64	856.66	476.37	2
3332	70	1577.56	255.04	1716.71	335.93	2
3332	71	1791.81	311.69	1936.24	416.8	2
3333	68	745.63	367.55	864.1	486.45	2
3333	70	1563.45	253.04	1699.87	332.99	2
3333	71	1780.74	308.23	1927.72	412.56	2
3334	68	747.89	372.32	870.27	492.78	2
3334	70	1553.28	251.71	1687.32	330.69	2
3334	71	1772.09	305.74	1921.33	408.52	2
3335	68	751.4	378.56	878.48	502.13	2
3335	70	1539.27	249.28	1672.44	328.61	2
3335	71	1759.18	302.93	1911.85	403.2	2
3336	68	754.08	382.81	884.87	510.71	2
3336	70	1530.51	248.45	1660.04	327.28	2
3336	71	1748.56	299.99	1904.47	399.43	2
3337	68	758.37	390.1	893.77	522.83	2
3337	70	1517.69	246.22	1645.22	323.56	2
3337	71	1734.95	297.02	1893.35	393.53	2
3337	72	1214	210	1250	235	2
3338	68	761.97	394.76	900.4	532.49	2
3338	70	1508.72	244.79	1635.55	320.94	2
3338	71	1725.37	295.38	1884.69	388.87	2
3338	72	1214	210	1250	235.8	2
3339	68	765.96	402.19	909.36	546.27	2
3339	70	1497.16	243	1619.08	318.74	2
3339	71	1710.86	292.19	1872.44	383.99	2
3339	72	1213.23	210.76	1250	236.72	2
3340	68	768.77	408.17	915.33	556.57	2
3340	70	1487.99	241.74	1608.13	316.7	2
3340	71	1699.05	289.79	1863.39	381.06	2
3340	72	1213.1	211.8	1250.43	237.77	2
3341	68	772.43	417.4	923.99	572.49	2
3341	70	1476.99	240	1593.17	313.37	2
3341	71	1683.74	286.33	1849.09	376.81	2
3341	72	1212.97	212.83	1250.87	238.83	2
3342	68	776.38	427.24	933.02	589.31	2
3342	70	1465.99	238.09	1578.74	310.9	2
3342	71	1666.42	283.15	1833.4	370.72	2
3342	72	1212.23	214.63	1251	240.63	2
3343	68	778.54	436.06	939.64	604.59	2
3343	70	1459.07	236.11	1569.3	308.08	2
3343	71	1654.24	280.76	1821.13	366.66	2
3343	72	1212	215.19	1250.34	241.19	2
3344	68	780.62	447.63	948.5	625.57	2
3344	70	1449.54	234.78	1556.91	305.14	2
3344	71	1638.16	278.65	1805.61	362.67	2
3344	72	1211.23	216.73	1250.79	242.72	2
3345	68	782.67	457.1	955.03	641.8	2
3345	70	1443.14	234.37	1548.2	302.14	2
3345	71	1626.5	277.33	1794.12	359.38	2
3345	72	1210.97	217.24	1250.95	243.92	2
3346	68	784.71	470.17	963.83	666.93	2
3346	70	1434.45	232.26	1536.72	299.81	2
3346	71	1611.3	274.24	1777.63	355.66	2
3346	72	1210.88	218.06	1251.01	245.66	2
3347	68	786.1	480.83	970.32	684.12	2
3347	70	1429.69	230.2	1529.01	297.71	2
3347	71	1600.01	272.55	1766.45	352.45	2
3347	72	1210.2	219	1251.02	246.28	2
3348	68	787.24	496.27	979.73	708.96	2
3348	70	1422.25	227.5	1519.23	295.7	2
3348	71	1585.62	270.01	1750.1	349.44	2
3348	72	1209.95	220.64	1251.03	247.79	2
3349	68	787.64	509.12	986.45	728.55	2
3349	70	1416.54	227.23	1512.1	294.39	2
3349	71	1575.33	268.51	1738.36	347.82	2
3349	72	1209.21	221.22	1251.03	248.97	2
3350	68	786.47	527.3	995.92	755.56	2
3350	70	1409.4	227.21	1502.5	292	2
3350	71	1561.97	266.71	1722.45	344.69	2
3350	72	1208.94	222.06	1251.03	250.04	2
3351	68	785.98	541.22	1002.65	781.02	2
3351	70	1405.13	223.89	1496.08	290.55	2
3351	71	1552.1	264.8	1716.92	343.03	2
3351	72	1208.85	222.35	1251.02	251.72	2
3352	68	783.21	558.46	1012.12	815.92	2
3352	70	1400.53	224.72	1487.39	288.75	2
3352	71	1539.56	262.18	1698.12	339.2	2
3352	72	1208.18	223.73	1251.68	253.62	2
3353	68	780.83	570.72	1019.48	848.15	2
3353	70	1399.26	225.14	1482	287.52	2
3353	71	1531.34	261.3	1684.76	336.58	2
3353	72	1207.28	224.88	1251.27	254.96	2
3354	68	776.69	590.33	1030.43	894.89	2
3354	71	1520.05	259.73	1668.89	333.74	2
3354	72	1206.3	225.94	1251.77	256.08	2
3355	68	770.65	617.75	1043.39	957.12	2
3355	71	1507.6	257.21	1652.09	330.14	2
3355	72	1205.93	226.97	1251.95	257.77	2
3356	68	765.12	640.94	1052.78	1008.37	2
3356	71	1500.14	255.7	1641.06	328.96	2
3356	72	1205.16	228.63	1251.37	259.03	2
3357	68	755.37	676.63	1064.49	1086.71	2
3357	71	1489.76	253.89	1626.75	325.96	2
3357	72	1204.23	229.89	1251.79	261.43	2
3358	68	748.38	705.55	1073.99	1148.6	2
3358	71	1483.06	251.96	1616.66	322.96	2
3358	72	1203.89	230.98	1251.31	262.94	2
3359	68	735.59	750.27	1087.6	1242.8	2
3359	71	1473.61	249.98	1604.71	319.97	2
3359	72	1203.13	232.67	1251.11	264.13	2
3360	68	723.7	788.32	1097.84	1320.23	2
3360	71	1467.89	249.34	1595.46	318.99	2
3360	72	1202.85	233.27	1251.04	265.18	2
3361	68	704.01	846.54	1113.58	1402.34	2
3361	71	1459.46	246.49	1583.81	316.06	2
3361	72	1201.46	234.12	1251.01	267.5	2
3362	68	686.31	893.63	1124.07	1436.4	2
3362	71	1454.09	244.84	1575.34	313.75	2
3362	72	1200.3	235.06	1251	268.99	2
3363	68	658.13	968.74	1138.63	1447.85	2
3363	71	1447.1	242.97	1564.61	310.33	2
3363	72	1199.22	236.68	1250.35	270.81	2
3364	68	671.34	1034.25	1147.42	1448.97	2
3364	71	1442.24	241.02	1557.15	308.51	2
3364	72	1198.83	237.92	1250.1	272.76	2
3365	68	673.53	1145.84	1133.51	1447.21	2
3365	71	1435.39	239.7	1546.76	306.6	2
3365	72	1197.4	239.01	1250	274.75	2
3366	68	677.87	1242.37	1119.16	1443.77	2
3366	71	1431.24	238.62	1540.08	303.99	2
3366	72	1196.88	240.69	1249.97	276.12	2
3367	71	1425.97	236.28	1531.3	302.47	2
3367	72	1195.4	241.3	1249.31	278.55	2
3368	71	1419.62	234.82	1521.75	298.66	2
3368	72	1192.91	242.79	1248.41	280.71	2
3369	71	1415.6	233.68	1515.35	296.68	2
3369	72	1190.69	243.98	1248.07	282.15	2
3370	71	1412.4	232.66	1507.31	294.04	2
3370	72	1187.93	245.69	1246.66	284.59	2
3371	71	1409.52	232.36	1502.14	292.5	2
3371	72	1186.24	246.32	1245.47	285.47	2
3372	71	1405.31	231.64	1494.49	290.02	2
3372	72	1183.69	247.81	1244.37	287.7	2
3373	71	1402.69	230.77	1488.73	289.22	2
3373	72	1182.1	249	1243.31	288.5	2
3374	71	1399.25	230.49	1482.23	287.66	2
3374	72	1178.94	250.06	1241.62	289.39	2
3375	71	1408.63	231.13	1477.54	286.52	2
3375	72	1176.48	251.08	1240.34	290.33	2
3376	71	1396.34	229.38	1471.48	284.84	2
3376	72	1172.99	252.74	1238.58	291.28	2
3377	72	1170.41	253.32	1236.63	292.24	2
3378	72	1167.52	254.16	1234.6	293.87	2
3379	72	1164.53	254.44	1233.2	295.1	2
3380	72	1160.86	255.81	1231.4	296.17	2
3381	72	1156.93	256.95	1228.81	297.84	2
3382	72	1153.54	258.01	1226.55	299.08	2
3383	72	1149.72	258.37	1224.42	301.47	2
3384	72	1146.38	258.48	1222.35	302.34	2
3385	72	1141.3	259.78	1219.01	303.91	2
3386	72	1138.13	260.25	1217.12	305.77	2
3387	72	1133.13	261.7	1213.86	307.73	2
3388	72	1129.35	262.88	1212.01	309.09	2
3389	72	1122.83	265.25	1208.77	311.51	2
3390	72	1119.11	266.78	1205.65	312.38	2
3391	72	1112.62	267.98	1201.91	313.97	2
3392	72	1107.65	269.05	1199.24	314.52	2
3393	72	1100.69	270.73	1194.42	316.64	2
3394	72	1092.96	272.63	1188.11	318.05	2
3395	72	1087.51	273.97	1184.44	319.84	2
3396	72	1079.09	275.09	1178.6	321.78	2
3397	72	1073.4	275.47	1174.5	323.12	2
3398	72	1064.26	276.22	1167.85	324.88	2
3399	72	1057.01	278.42	1162.8	326.16	2
3400	72	1047.28	279.89	1156.44	328.56	2
3401	72	1040.47	281.05	1150.88	330.06	2
3402	72	1028.98	282.1	1143.68	331.89	2
3403	72	1022.15	283.12	1138.45	333.84	2
3404	72	1010.69	284.11	1130.12	336.48	2
3405	72	1002.59	285.11	1123.81	337.44	2
3406	72	990.65	287.4	1114.42	340.35	2
3406	73	2026	1265	2492	1431	2
3407	72	977.22	289.54	1103.21	342.71	2
3407	73	1965.2	1172.2	2545.6	1432.6	2
3408	72	967.74	290.97	1096.45	344.85	2
3408	73	1938.56	1123.07	2554.48	1432.2	2
3409	72	954.66	293.42	1086.29	346.91	2
3409	73	1899.6	1042.43	2558.73	1431.37	2
3410	72	944.69	294.97	1077.38	348.28	2
3410	73	1874.34	986.31	2560.06	1430.41	2
3411	72	931.42	296.81	1066.38	351.36	2
3411	73	1847.59	916.48	2559.65	1430	2
3412	72	921.41	297.47	1057.82	352.47	2
3412	73	1831.81	867.9	2560.03	1429.84	2
3413	72	907.49	299.62	1046.33	355.43	2
3413	73	1810.87	813.2	2559.4	1429.79	2
3414	72	896.61	301.05	1037.61	357.8	2
3414	73	1799.09	775.49	2529.55	1430.38	2
3415	72	882.37	302.19	1024.78	359.95	2
3415	73	1785.71	734.69	2465.13	1416.57	2
3416	72	872.03	301.93	1016.2	362	2
3416	73	1778.46	706.14	2418.18	1378.69	2
3417	72	857.36	304.37	1003.44	365.31	2
3417	73	1771.93	670.98	2360.56	1307.96	2
3418	72	846.87	307.21	994.26	367.82	2
3418	73	1769.91	646.55	2320.39	1253.66	2
3419	72	833.45	310.22	980.63	371.97	2
3419	73	1765.77	618.45	2270.32	1183.98	2
3420	72	816.94	313.27	965.91	375.43	2
3420	73	1762.32	596.31	2223.7	1115.78	2
3421	72	806.44	315.03	956.04	376.67	2
3421	73	1760.41	582.58	2194.4	1070.15	2
3422	72	792.39	316.95	942.82	380.33	2
3422	73	1759.55	565.56	2161.1	1016.46	2
3423	72	782.2	318.27	933.54	383.59	2
3423	73	1759.08	552.93	2141.53	978.37	2
3424	72	769.57	320.02	919.9	386.71	2
3424	73	1759.26	535.34	2116.43	928.18	2
3425	72	760.6	322.57	910.48	389.12	2
3425	73	1760.4	524.42	2099.52	898.15	2
3426	72	749.74	324.8	898.08	393.87	2
3426	73	1761.74	514.12	2075.9	864.12	2
3427	72	742.11	326.24	889.16	397.54	2
3427	73	1763.16	507.62	2060.83	840.7	2
3428	72	732.39	329.96	878.27	403.37	2
3428	73	1768.06	496.53	2044.11	808.88	2
3429	72	725.84	331.99	870.6	406.2	2
3429	73	1771.28	490.21	2034.83	788.3	2
3430	72	718.5	335.95	860.16	411.71	2
3430	73	1778.82	478.27	2022.7	761.57	2
3431	72	713.51	338.7	854.01	415.68	2
3431	73	1783.53	469.32	2014.77	746.84	2
3432	72	707.37	341.63	845.44	420.98	2
3432	73	1787.18	459.17	2004.37	726.87	2
3433	72	702.13	345.91	835.96	427.42	2
3433	73	1789.74	450.03	1997.48	705.13	2
3434	72	698.57	348.79	830.85	431.11	2
3434	73	1791.93	444.02	1996.61	691.15	2
3435	72	695.57	353.06	824.63	438.22	2
3435	73	1796.1	434.81	1998.2	673.42	2
3436	72	694.81	355.91	820.71	441.49	2
3436	73	1799.54	428.66	1999.92	659.95	2
3437	72	693.49	359.52	816.26	446.5	2
3437	73	1804.79	419.37	2001.59	642.34	2
3438	72	692.61	362.11	813.62	450.23	2
3438	73	1807.91	413.82	2003.91	631.59	2
3439	72	692.52	366.26	810.25	456.07	2
3439	73	1814.38	406.08	2008.38	617.6	2
3440	72	691.36	369.71	810.01	462.07	2
3440	73	1819.98	401.02	2012.25	607.99	2
3441	72	691.75	374.81	811.46	470.69	2
3441	73	1827.98	394.11	2016.51	594.34	2
3442	72	692.05	378.63	812.87	475.84	2
3442	73	1833.44	389.3	2019.55	584.07	2
3442	74	2502	391	2559	448	2
3443	72	692.29	383.89	816.89	484.13	2
3443	73	1842.02	383.14	2022.76	569.42	2
3443	74	2483.6	385.4	2559	447.2	2
3444	72	693.13	387.75	821.13	491.04	2
3444	73	1848.35	378.57	2024.67	558.76	2
3444	74	2471.25	382.85	2559	446.3	2
3445	72	695.5	393.64	826.78	496.78	2
3445	73	1855.88	372.45	2025.4	546.69	2
3445	74	2448.38	378.14	2559	442.19	2
3446	72	698.44	399.71	834.23	509.2	2
3446	73	1864.53	366.46	2025.68	534.1	2
3446	74	2423.77	374.45	2559	446.01	2
3447	72	700.27	403.86	839.71	516.36	2
3447	73	1870.81	362.61	2025.11	526.17	2
3447	74	2406.21	371.89	2552.96	445.95	2
3448	72	702.32	409.2	846.38	527.3	2
3448	73	1877.6	356.7	2024.23	514.3	2
3448	74	2386.2	368.37	2536.69	441.23	2
3449	72	703.79	413.73	852.18	535.86	2
3449	73	1881.8	352.84	2022.55	509.34	2
3449	74	2374.58	365.84	2520.97	436.71	2
3450	72	706.31	419.85	858.92	546.68	2
3450	73	1886.47	348.97	2019.2	499.83	2
3450	74	2346.84	363	2500.46	434.39	2
3451	72	707.95	424.04	864.07	554.56	2
3451	73	1889.21	345.12	2015.95	491.49	2
3451	74	2330.01	362.73	2485.03	432.93	2
3452	72	710.54	431.3	871.82	563.18	2
3452	73	1889.21	339.87	2012.08	481.45	2
3452	74	2308.55	360.08	2464.32	429.77	2
3453	72	712.82	436.58	877.33	572.1	2
3453	73	1887.6	336.88	2010.11	474.95	2
3453	74	2293.52	357.86	2448.59	426.65	2
3454	72	715.64	444.26	885.84	586.23	2
3454	73	1882.1	331.22	2008.11	467.6	2
3454	74	2271.47	352.46	2429.13	422.89	2
3455	72	717.36	449.68	892.26	595.37	2
3455	73	1877.37	327.37	2006.78	459.91	2
3455	74	2255.66	350.53	2421.15	420.89	2
3456	72	721.23	456.77	901.08	609.57	2
3456	73	1870.88	322.1	2004.35	450.75	2
3456	74	2235.95	346.61	2389.76	416.26	2
3457	72	723.36	461.95	907.62	619.35	2
3457	73	1864.47	319.76	2001.52	445.84	2
3457	74	2222.4	345.24	2373.47	415.26	2
3458	72	726.72	469.57	918.39	631.22	2
3458	73	1854.81	317.07	1995.91	437.63	2
3458	74	2206.02	341.53	2361.83	413.65	2
3459	72	730.56	479.43	928.84	650.3	2
3459	73	1844.63	312.2	1988.62	431.68	2
3459	74	2188.59	338.9	2347.38	411.8	2
3460	72	733.94	486.95	936.63	662.59	2
3460	73	1835.56	309.27	1983.31	427.15	2
3460	74	2175.28	337.35	2336.36	409.22	2
3461	72	737.78	496.11	948.48	681.16	2
3461	73	1824.38	305.68	1974.87	419.06	2
3461	74	2159.05	334.9	2322.15	407	2
3462	72	740.51	502.73	956.77	692.62	2
3462	73	1814.98	302.53	1967.18	417.21	2
3462	74	2148.16	333.41	2313.19	404.27	2
3463	72	744.72	513.42	968.79	709.53	2
3463	73	1802.38	299.5	1957.18	413.39	2
3463	74	2135.44	331.63	2300.43	402.66	2
3464	72	748.23	520.63	978.41	721.6	2
3464	73	1793.17	297.89	1948.95	406.88	2
3464	74	2127.22	330.39	2289.44	402.14	2
3465	72	753.37	532.19	990.92	738.11	2
3465	73	1779.37	294.08	1937.46	401.42	2
3465	74	2116.17	329.35	2279.81	400.04	2
3466	72	757.23	541	1000.72	749.99	2
3466	73	1769.73	290.82	1928.69	399.04	2
3466	74	2108.53	328.39	2274.58	399.33	2
3467	72	762.51	552.56	1015.2	768.36	2
3467	73	1754.51	287.74	1915.73	395.02	2
3467	74	2100.22	326.79	2266.46	398.48	2
3468	72	766.41	561.32	1025.74	780.92	2
3468	73	1743.07	284.74	1905.12	391.1	2
3468	74	2092.99	326.91	2260.5	398.22	2
3469	72	771.69	572.21	1043.68	802.76	2
3469	73	1727.85	281.76	1890.84	383.16	2
3469	74	2084.14	326.38	2251.42	392.91	2
3470	72	776.21	580.7	1056.18	821.1	2
3470	73	1715.79	279.48	1880.41	379.84	2
3470	74	2079.28	326.28	2245.71	389.61	2
3471	72	782.36	590.8	1073.58	849.54	2
3471	73	1699.07	275.39	1864.29	373.43	2
3471	74	2071.97	324.95	2236.03	385.78	2
3472	72	789.13	600.88	1092.85	881.75	2
3472	73	1680.57	272.68	1846.63	367.93	2
3472	74	2065.03	323.85	2226.14	382.45	2
3473	72	793.61	609.71	1107.13	906.14	2
3473	73	1667.33	271.17	1834.33	364.15	2
3473	74	2054.88	323.52	2218.82	377.93	2
3474	72	799.08	622.41	1126.43	941.2	2
3474	73	1650.23	268.71	1816.9	360.97	2
3474	74	2044.84	322.09	2209.81	373.66	2
3475	72	803.02	634.15	1140.06	968.54	2
3475	73	1637.55	267.27	1803.4	359.34	2
3475	74	2037.47	320.95	2202.13	372.3	2
3476	72	810.18	652.41	1160.34	1010.35	2
3476	73	1620.67	264.83	1785.52	354.22	2
3476	74	2026.5	319.22	2192.99	373.28	2
3477	72	816.06	666.36	1175.59	1042.82	2
3477	73	1608.14	262.71	1772.58	351.2	2
3477	74	2018.11	318.63	2184.6	373.02	2
3478	72	822.71	687.34	1195.87	1095.35	2
3478	73	1591.98	260.01	1754.28	346.23	2
3478	74	2006.75	318.47	2173.86	373.69	2
3479	72	827.11	704.82	1210.45	1135.73	2
3479	73	1580.41	257.79	1741.22	343.93	2
3479	74	1997.55	317.79	2166.18	374.01	2
3480	72	831.88	730.93	1229.16	1196.33	2
3480	73	1565.28	256.4	1723.53	339.89	2
3480	74	1985.23	316.26	2153.1	374.85	2
3481	72	832.99	751.09	1244.38	1242.43	2
3481	73	1553.47	254.66	1711.43	336.56	2
3481	74	1975.66	315.71	2143.2	374.55	2
3482	72	831.38	783.22	1264.58	1315.18	2
3482	73	1538.91	252.09	1694.79	334.85	2
3482	74	1961.21	314.89	2127.94	373.17	2
3483	72	829.37	808.84	1279.75	1372.87	2
3483	73	1528.65	250.57	1682.42	331.68	2
3483	74	1950.2	313.29	2116.6	372.02	2
3484	72	826.55	848.7	1301.16	1421.62	2
3484	73	1516	248.09	1665.67	328.65	2
3484	74	1933.24	310.76	2100.15	370.32	2
3485	72	819.04	895.35	1325	1441.54	2
3485	73	1502.44	245.26	1648.6	326.34	2
3485	74	1913.38	308.53	2081.14	369.71	2
3486	72	811.61	930.89	1337.88	1447.09	2
3486	73	1493.26	243.63	1638.18	323.62	2
3486	74	1899.71	307.07	2067.12	371.47	2
3487	72	799.07	986.57	1341.26	1447.12	2
3487	73	1482.99	242.45	1624.16	318.73	2
3487	74	1880.49	304.61	2048.4	372.81	2
3488	72	818.71	1032.49	1352.22	1445.12	2
3488	73	1476.38	241.46	1614.18	317.09	2
3488	74	1866.44	303.69	2034.54	372.71	2
3489	72	820.79	1106.04	1328.19	1442.22	2
3489	73	1468.37	239.82	1602.32	315.94	2
3489	74	1845.8	301.46	2014.61	370.12	2
3490	72	822.18	1164.52	1322.02	1439.59	2
3490	73	1462.56	238.62	1593.82	313.63	2
3490	74	1831.24	300.64	1998.99	367.83	2
3491	72	823.96	1264.78	1316.76	1439.52	2
3491	73	1455.46	236.92	1583.13	310.88	2
3491	74	1810.42	297.76	1977.75	365.01	2
3492	72	833.79	1345.06	1310.45	1439.25	2
3492	73	1450.62	236.37	1575.71	309.32	2
3492	74	1794.53	295.41	1961.69	362.66	2
3493	73	1444.51	235.56	1566.05	307.52	2
3493	74	1773.23	293.26	1939.01	360.5	2
3494	73	1440.66	235.34	1558.98	305.63	2
3494	74	1757.85	291.19	1922.43	358.41	2
3495	73	1436.24	233.97	1550.09	303.02	2
3495	74	1735.43	288.5	1898.24	355.03	2
3496	73	1434.34	232.18	1544.64	301.49	2
3496	74	1719.01	286.22	1881.16	353.15	2
3497	73	1431.24	230.91	1536.29	299.02	2
3497	74	1697.55	284.11	1857.48	350.52	2
3498	73	1428.4	229.83	1527.57	297.53	2
3498	74	1673.52	281.41	1831.96	347.6	2
3499	73	1427.33	229.15	1522.04	296.48	2
3499	74	1657.91	279.8	1814.49	345.25	2
3500	73	1426.25	228.48	1516.51	295.43	2
3500	74	1637.45	277.28	1790.7	343.11	2
3501	73	1426.37	227.63	1514.83	293.26	2
3501	74	1621.87	275.09	1774.58	341.05	2
3502	73	1426.5	226.69	1508.9	291.86	2
3502	74	1602.75	273.02	1752.63	338.37	2
3503	73	1427.58	227.07	1505.02	290.07	2
3503	74	1590.35	271.66	1737.21	336.11	2
3504	73	1429.57	225.94	1500.47	288.8	2
3504	74	1573.07	269.23	1718.87	332.68	2
3505	73	1431.91	225.57	1497.1	287.73	2
3505	74	1562	267.74	1703.44	330.15	2
3506	73	1435	224.81	1494.83	286.73	2
3506	74	1546.54	265.26	1683.05	327.97	2
3506	75	2139	1310	2559	1436	2
3507	73	1436.85	224.57	1494.36	286.42	2
3507	74	1536.19	261.09	1670.3	325.91	2
3507	75	2106.2	1260.4	2559	1436	2
3508	73	1438.2	224.53	1497.22	284.36	2
3508	74	1522.23	258.94	1652.18	322.58	2
3508	75	2061.68	1180.19	2559	1433.93	2
3509	73	1437.98	223.21	1501	283.65	2
3509	74	1513.09	258.22	1639.56	320.08	2
3509	75	2030.3	1117.34	2559	1432.47	2
3510	73	1438.57	222.09	1508.39	282.1	2
3510	74	1500.89	256.72	1623.5	318.57	2
3510	75	1992.7	1034.04	2559	1431.83	2
3511	73	1438.79	221.05	1513.75	280.91	2
3511	74	1488.25	254.9	1606.84	315.44	2
3511	75	1959.65	962.9	2527.79	1432.14	2
3512	73	1439.53	220.03	1517.8	279.85	2
3512	74	1480.91	253.64	1596.13	313.02	2
3512	75	1939.17	912.78	2489.94	1429.41	2
3513	73	1441.11	219.02	1522.61	277.52	2
3513	74	1470.67	251.91	1582.74	311.56	2
3513	75	1918.13	861.95	2428.93	1369.35	2
3514	73	1443.01	218.01	1527.68	276.03	2
3514	74	1463.45	250.01	1574.53	310.43	2
3514	75	1905.18	826.22	2384.12	1324.56	2
3515	73	1446.3	217.68	1534.75	268.18	2
3515	74	1455.22	248.7	1561.97	308.1	2
3515	75	1889.37	786.35	2330.93	1240.43	2
3516	73	1448.86	217.64	1541.3	263.88	2
3516	74	1449.4	247.63	1553.34	305.98	2
3516	75	1879.57	758.52	2296.57	1180.76	2
3517	73	1452.39	217.66	1550.81	267.48	2
3517	74	1442.31	245.96	1541.95	303.28	2
3517	75	1869.52	721.44	2254.45	1118.26	2
3517	77	2532	403	2559	446	2
3518	73	1454.39	217.66	1557.65	268.63	2
3518	74	1436.84	244.08	1534.38	301.69	2
3518	75	1862.28	698.02	2228.01	1073.34	2
3519	73	1460.84	217.69	1567.24	269.14	2
3519	74	1430.5	242.11	1524.68	299.18	2
3519	75	1852.88	672.48	2195.02	1018.57	2
3520	73	1467.2	217.73	1574.78	269.38	2
3520	74	1426.61	242.12	1518.35	297	2
3520	75	1847.74	655.76	2173.29	983.04	2
3520	77	2490	386	2559	448	2
3521	73	1474.79	216.43	1585.32	270.18	2
3521	74	1420.8	241.53	1509.05	294.94	2
3521	75	1841.05	633.01	2146.81	931.81	2
3521	77	2473.2	384.4	2559	448	2
3522	73	1480.88	216.62	1592.5	270.49	2
3522	74	1417.74	240.7	1502.81	293.6	2
3522	75	1836.66	617.24	2131.52	898.24	2
3522	77	2463.03	383.33	2559	444.94	2
3523	73	1488.34	216.71	1603.52	270.64	2
3523	74	1414.25	239.78	1494.19	290.5	2
3523	75	1831.46	597.24	2109.91	864.34	2
3523	77	2444.14	379.81	2559	443.9	2
3524	73	1496.27	216.11	1614.69	270.72	2
3524	74	1409.22	238.15	1485.4	288.78	2
3524	75	1827.44	579.17	2086.88	832.43	2
3524	77	2426.03	376.56	2559	444.38	2
3525	73	1504.4	215.89	1622.74	270.11	2
3525	74	1406.38	238.28	1480.02	287.56	2
3525	75	1824.49	568.03	2074.03	810.33	2
3525	77	2411.97	374.12	2559	444.59	2
3526	73	1513.94	216.49	1635.39	269.89	2
3526	74	1402.19	237.04	1473	285.85	2
3526	75	1821.74	554.25	2057.3	782.52	2
3526	77	2391.54	370.61	2552.76	439.93	2
3527	73	1521.35	216.73	1642	269.83	2
3527	74	1399.61	237.3	1467.49	285.31	2
3527	75	1821.23	545.14	2047.12	763.21	2
3527	77	2380.94	369.42	2544.58	439.57	2
3528	73	1531.87	216.17	1653.42	269.82	2
3528	74	1394.09	236.78	1461.1	283.17	2
3528	75	1819.96	532.52	2036.87	742.53	2
3528	77	2370.81	366.38	2529.77	437.47	2
3529	73	1539	215.97	1662.77	269.82	2
3529	74	1390.99	235.95	1456.43	281.78	2
3529	75	1819.8	523.5	2028.65	727.58	2
3529	77	2349.92	365.34	2517.98	434.06	2
3530	73	1550.63	216.56	1674.56	270.5	2
3530	74	1388.27	234.94	1452.07	280.36	2
3530	75	1819.99	512.85	2017.52	712.43	2
3530	77	2331.37	363.72	2502.17	432.84	2
3531	73	1559.5	216.79	1684.06	270.11	2
3531	74	1385.55	233.93	1447.71	278.93	2
3531	75	1820.99	506.41	2010.33	700.59	2
3531	77	2318.63	362.54	2490.78	433.1	2
3532	73	1571.16	216.89	1696.56	269.97	2
3532	74	1382.76	231.51	1442.71	276.51	2
3532	75	1821.49	495.9	2004.35	685.73	2
3532	77	2303.19	358.87	2475.54	430.62	2
3533	73	1579.97	216.93	1704.33	269.26	2
3533	74	1380.6	230.02	1439.78	275.02	2
3533	75	1822.49	489.38	2000.12	671.77	2
3533	77	2292.46	356.23	2463.92	428.4	2
3534	73	1591.61	215.62	1712.22	269	2
3534	75	1824.34	478.76	1993.64	658.13	2
3534	77	2274.54	352.02	2449.25	426.96	2
3535	73	1600.38	215.79	1727.48	269.57	2
3535	75	1825.78	472.1	1989.88	646.53	2
3535	77	2264.15	350.49	2439.28	424.5	2
3536	73	1613.19	217.19	1738.12	270.45	2
3536	75	1827.03	462.74	1985.54	631.56	2
3536	77	2250.92	348.04	2425.96	421.64	2
3537	73	1634.98	219.71	1751.06	270.8	2
3537	75	1828.9	453.76	1981.68	616.71	2
3537	77	2237.59	346.57	2408.13	419.75	2
3538	73	1641.49	219.99	1760.21	270.93	2
3538	75	1830.28	447.64	1980.06	606.72	2
3538	77	2224.26	345.09	2390.3	417.86	2
3539	73	1650.93	219.42	1771.9	270.31	2
3539	75	1832.84	439.07	1978.43	593.57	2
3539	77	2210.93	343.61	2372.47	415.96	2
3540	73	1658.11	219.2	1779.92	270.08	2
3540	75	1834.43	433.73	1978.18	584.79	2
3540	77	2202.72	341.92	2367.64	415.35	2
3541	73	1669.69	219.77	1791.15	270	2
3541	75	1837.04	426.76	1977.65	572.03	2
3541	77	2189.9	340.03	2362.48	414.48	2
3542	73	1677.69	219.98	1799.65	269.97	2
3542	75	1837.95	421.98	1977.7	564.04	2
3542	77	2180.85	338.72	2356.91	413.55	2
3543	73	1690.26	220.06	1809.76	269.96	2
3543	75	1840.97	415.15	1976.53	553.54	2
3543	77	2168.65	336.32	2346.72	411.3	2
3544	73	1697.95	219.41	1817.82	269.96	2
3544	75	1842.71	410.35	1976.32	546.27	2
3544	77	2159.81	334.82	2337.98	409.85	2
3545	73	1709.09	220.49	1827.77	270.63	2
3545	75	1845.33	404.18	1976.38	536.68	2
3545	77	2148.98	333.66	2328.49	406.72	2
3546	73	1717.55	220.89	1835.78	270.88	2
3546	75	1847.59	400.95	1976.54	529.68	2
3546	77	2141.32	332.64	2321.98	404.95	2
3547	73	1728.32	221.7	1845.72	270.98	2
3547	75	1850.38	395.32	1976.72	520.15	2
3547	77	2132.9	330.99	2312.66	404.36	2
3548	73	1735.98	221.99	1852.4	270.34	2
3548	75	1852.01	390.88	1976.21	513.81	2
3548	77	2126.16	330.43	2306.22	404.86	2
3549	73	1745.11	222.09	1861.84	270.77	2
3549	75	1854.57	384.1	1975.43	505.15	2
3549	77	2117.39	328.96	2297.55	402.48	2
3550	73	1756.8	222.78	1872.99	270.93	2
3550	75	1857.47	378.52	1974.55	496.33	2
3550	77	2108.52	327.81	2288.7	400.97	2
3551	73	1764.81	223.7	1880.14	270.99	2
3551	75	1859.12	372.7	1973.63	491.55	2
3551	77	2102.89	327.43	2284.39	399.8	2
3552	73	1774.74	224.69	1891.09	271.68	2
3552	75	1860.32	369.47	1972.01	482.73	2
3552	77	2095.85	327.35	2276.51	398.76	2
3553	73	1782.1	225.72	1898.16	271.93	2
3553	75	1860.67	366.59	1970.13	476.57	2
3553	77	2091.56	327.38	2271.23	399.1	2
3554	73	1791.78	226.75	1907.08	272.02	2
3554	75	1859.36	362.37	1967.47	468.58	2
3554	77	2085.66	326.76	2264.94	396.62	2
3555	73	1798.37	227.78	1914.06	272.72	2
3555	75	1857.47	359.05	1965.22	462	2
3555	77	2080.45	325.91	2260.91	394.4	2
3556	73	1807.12	228.81	1922.96	272.97	2
3556	75	1854.04	354.66	1961.1	453.85	2
3556	77	2075.49	324.97	2254.4	391.63	2
3557	73	1813.38	229.83	1928.63	273.73	2
3557	75	1850.73	351.27	1958.32	449.26	2
3557	77	2069.96	324.66	2250.26	390	2
3558	73	1822.68	230.85	1938.36	274	2
3558	75	1845.5	347.51	1954.03	446.57	2
3558	77	2064.19	323.92	2245.01	388.79	2
3558	78	2041	1224	2559	1434	2
3559	73	1829.16	231.87	1945.02	274.76	2
3559	75	1840.91	343.63	1950.52	443.16	2
3559	77	2060.3	323.68	2241.31	388.41	2
3559	78	2013.8	1173.6	2559	1434	2
3560	73	1837.88	232.89	1953.14	275.03	2
3560	75	1833.25	338.35	1944	435.47	2
3560	77	2050.53	322.96	2235.56	386.99	2
3560	78	1969.99	1087.1	2559	1432.57	2
3561	73	1848.37	234.26	1961.96	275.9	2
3561	75	1827.13	335.26	1939.66	430.24	2
3561	77	2045.75	322.72	2230.98	385.18	2
3561	78	1936	1018.83	2557.52	1432	2
3562	73	1858.87	235.63	1970.77	276.77	2
3562	75	1818.31	331.61	1932.87	423.87	2
3562	77	2040.93	322.67	2226.21	383.23	2
3562	78	1899.6	936.66	2477.71	1432.42	2
3563	73	1864.31	236.32	1978.59	277.4	2
3563	75	1807.19	327.08	1923.85	417.76	2
3563	77	2036.07	321.33	2220.02	379.19	2
3563	78	1867.5	858.03	2379.84	1363.46	2
3564	73	1869.75	237.01	1986.42	278.03	2
3564	75	1799.15	324.94	1916.62	414.46	2
3564	77	2031.18	320.87	2215.94	377.79	2
3564	78	1852.27	806.38	2317.72	1289.78	2
3565	73	1878.58	238.59	1996.31	278.23	2
3565	75	1787.7	320.95	1906.8	409.46	2
3565	77	2024.96	320.73	2210.67	376	2
3565	78	1837.93	750.15	2249.35	1183.6	2
3566	73	1884.91	239.12	2003.68	278.95	2
3566	75	1778.93	318.31	1899.31	405.18	2
3566	77	2020.86	320.03	2205.59	373.38	2
3566	78	1830.63	712.08	2206.65	1114.06	2
3567	73	1893.59	240.63	2012.73	279.86	2
3567	75	1765.95	314.13	1888.12	398.45	2
3567	77	2014.27	319.81	2197.96	372.52	2
3567	78	1823.58	668.02	2156.62	1025.39	2
3568	73	1900.53	241.16	2018.48	280.85	2
3568	75	1756.63	310.74	1879.47	394.22	2
3568	77	2009.38	319.07	2193.32	371.6	2
3568	78	1820.47	641.27	2128.41	968.65	2
3569	73	1909.46	241.99	2028.24	281.19	2
3569	75	1743.47	307.64	1867.21	388.85	2
3569	77	2003.14	318.83	2187.83	370.66	2
3569	78	1815.79	606.5	2094.51	895.46	2
3570	73	1915.83	242.93	2032.95	281.28	2
3570	75	1732.8	304.64	1857.53	385.78	2
3570	77	1998.36	318.09	2183.99	371.06	2
3570	78	1813.69	586.86	2074.67	849.58	2
3571	73	1924.54	244.59	2041	281.96	2
3571	75	1719.18	300.99	1843.61	381.5	2
3571	77	1992.17	317.84	2180.78	371.25	2
3571	78	1812.08	563.28	2050.44	807.27	2
3572	73	1931.49	245.17	2044.38	282.86	2
3572	75	1709.02	299.12	1833.31	376.77	2
3572	77	1989.37	317.76	2178.44	372.03	2
3572	78	1812.16	550.35	2036.11	783.4	2
3573	75	1694.94	295.22	1819.17	372.57	2
3573	77	1986.56	317.09	2173.15	372.37	2
3573	78	1814.01	532.75	2020.64	751.86	2
3574	75	1684	292.58	1808.85	367.85	2
3574	77	1984.41	316.86	2170.03	373.18	2
3574	78	1815.68	520.74	2013.01	729.86	2
3575	75	1669.01	289.06	1793.42	363.64	2
3575	77	1982.47	316.79	2167.06	373.51	2
3575	78	1820.03	504.6	2003.66	703.71	2
3576	75	1653.78	286.56	1777.35	358.25	2
3576	77	1979.94	316.12	2164.8	374.32	2
3576	78	1823.83	489.8	1996.82	678.18	2
3577	75	1644.45	285.13	1765.71	355.14	2
3577	77	1979.16	315.88	2163.45	373.99	2
3577	78	1824.39	479.64	1995.59	661.33	2
3578	75	1630.72	282.02	1750.44	351.5	2
3578	77	1977.71	315.81	2163.12	374.53	2
3578	78	1830.99	465.91	1995.7	641.52	2
3579	75	1620.01	280.34	1739.83	349	2
3579	77	1977.3	315.8	2162.47	374.75	2
3579	78	1834.69	457.93	1996.51	626.96	2
3580	75	1606.46	277.82	1724.99	345.58	2
3580	77	1977.29	315.81	2162.37	374.84	2
3580	78	1841.53	446.28	1998.63	607.85	2
3581	75	1597.15	275.67	1715.87	343.15	2
3581	77	1977.42	315.82	2163.11	374.88	2
3581	78	1845.93	438.21	1999.83	594.79	2
3582	75	1584.12	273.64	1700.28	339.06	2
3582	77	1976.91	315.84	2162.84	375.56	2
3582	78	1852.24	428.45	2001.97	579.47	2
3583	75	1575.02	272.35	1689.56	337.06	2
3583	77	1976.82	315.86	2162.83	375.83	2
3583	78	1856.42	420.89	2003.01	566.84	2
3584	75	1562.72	269.95	1675.34	334.45	2
3584	77	1976.87	315.87	2162.91	375.93	2
3584	78	1862.6	412.63	2004.29	552.98	2
3585	75	1553.92	268.5	1665.18	330.95	2
3585	77	1977.63	315.89	2162.36	375.97	2
3585	78	1866.72	406.9	2003.57	542.13	2
3586	75	1542.39	266.04	1651.17	328.47	2
3586	77	1978	315.9	2162.22	375.98	2
3586	78	1872.17	399.2	2002.1	528.77	2
3587	75	1534.54	263.89	1641.77	326.35	2
3587	77	1978.19	315.91	2162.89	375.99	2
3587	78	1875.3	394.28	2001.06	520.1	2
3588	75	1524.02	261.85	1628.71	323.02	2
3588	77	1977.65	315.92	2162.54	375.99	2
3588	78	1876.92	386.77	1998.04	508.08	2
3589	75	1512.5	259.18	1614.95	319.91	2
3589	77	1977.5	315.93	2162.45	376	2
3589	78	1878.02	378.35	1992.94	495.57	2
3590	75	1503.99	257.61	1605.68	317.55	2
3590	77	1978.14	315.94	2162.46	376	2
3590	78	1876.82	372.37	1990.61	488.43	2
3591	75	1494.55	255.79	1594	314.8	2
3591	77	1978.42	315.95	2163.17	376	2
3591	78	1873.57	366.51	1985.77	478.22	2
3592	75	1487.48	254.54	1585.48	312.57	2
3592	77	1978.56	315.95	2162.81	376	2
3592	78	1870.25	362.1	1982.82	471.82	2
3593	75	1479.23	251.47	1574.73	309.86	2
3593	77	1978.64	315.96	2162.7	376	2
3593	78	1863.59	356.06	1977.12	462.51	2
3594	75	1472.57	249.76	1567.23	307.63	2
3594	77	1978.03	315.96	2162.68	376	2
3594	78	1858.45	351.52	1972.49	456.33	2
3595	75	1464.45	248.54	1557.5	304.92	2
3595	77	1977.82	315.97	2162.7	376	2
3595	78	1849.85	345.42	1965.55	447.06	2
3596	75	1458.48	248.19	1550.33	303.37	2
3596	77	1977.1	315.97	2162.07	376	2
3596	78	1843.4	341.51	1959.81	440.13	2
3597	75	1450.59	246.79	1540.72	300.22	2
3597	77	1976.19	315.98	2161.85	376	2
3597	78	1833.07	336.3	1951.83	433.33	2
3598	75	1445.36	245.68	1534.24	297.83	2
3598	77	1975.87	315.98	2161.78	376	2
3598	78	1825.35	331.97	1945.71	427.21	2
3599	75	1439.75	243.99	1524.86	295.71	2
3599	77	1973.79	315.98	2158.48	376	2
3599	78	1812	327.28	1935	419.97	2
3600	75	1434.69	242.77	1518.48	294.37	2
3600	77	1972.36	315.32	2156.58	376	2
3600	78	1802.51	323.13	1926.54	415.73	2
3601	75	1428.41	241.72	1510.44	291.97	2
3601	77	1969.87	315.08	2155.24	375.34	2
3601	78	1788.56	320.5	1914.98	408.42	2
3602	75	1421.01	240.73	1501.8	289.84	2
3602	77	1968.3	315.65	2154.11	375.09	2
3602	78	1772.34	313.65	1899.69	401.4	2
3603	75	1417.27	239.75	1495.64	288.49	2
3603	77	1967.09	315.2	2152.39	375	2
3603	78	1760.48	311.42	1888.84	396.46	2
3604	75	1413.52	238.78	1487.68	286.74	2
3604	77	1963.36	315.04	2148.48	374.97	2
3604	78	1743.77	308.14	1873.84	389.59	2
3605	75	1409.08	238.48	1482.48	285.52	2
3605	77	1960.68	314.32	2145.72	374.3	2
3605	78	1730.49	305.14	1862.52	385.42	2
3606	75	1403.63	237.76	1475.48	284.49	2
3606	77	1956.42	314.05	2140.77	374.05	2
3606	78	1713.97	299.47	1845.43	379.44	2
3607	75	1401.25	236.86	1471.25	283.52	2
3607	77	1952.88	313.3	2137.64	373.3	2
3607	78	1700.77	296.26	1832.66	374.85	2
3607	79	312	412	401	496	2
3608	75	1397.25	236.58	1465.3	281.89	2
3608	77	1948.32	312.36	2132.57	373.03	2
3608	78	1682.33	292.58	1814.37	368.04	2
3608	79	317.6	410.4	421.8	497.6	2
3609	75	1393.32	235.85	1460.74	280.7	2
3609	77	1944.69	312.01	2128.75	372.93	2
3609	78	1669.14	290.09	1801.23	364.53	2
3609	79	304.73	409.33	433.65	498.67	2
3610	75	1390.07	235.63	1455.3	279.66	2
3610	77	1938.12	311.9	2123.43	371.59	2
3610	78	1650.72	286.64	1782.83	359.43	2
3610	79	295.74	408.96	457.05	499.04	2
3611	75	1387.77	234.23	1450.92	278	2
3611	77	1932.44	311.2	2118.89	371.08	2
3611	78	1636.93	284.9	1768.37	355.13	2
3611	79	306.67	408.14	471.61	499.12	2
3612	77	1923.81	310.29	2110.02	370.91	2
3612	78	1618.31	281.72	1748.17	350.44	2
3612	79	303.86	407.17	497.35	499.85	2
3613	77	1918.03	309.3	2103.48	370.85	2
3613	78	1604.48	280.05	1733.74	346.95	2
3613	79	300.94	406.85	518.96	499.39	2
3614	77	1909.38	307.63	2094.54	371.5	2
3614	78	1585.86	276.87	1713.58	342.53	2
3614	79	315.62	406.77	547.81	499.89	2
3615	77	1897.68	306.36	2083.4	371.75	2
3615	78	1566.76	273.83	1691.91	338.43	2
3615	79	338.73	404.73	579.29	500.06	2
3616	77	1888.83	305.24	2074.75	371.86	2
3616	78	1552.84	272.19	1677.71	335.13	2
3616	79	357.85	404	601.81	500.78	2
3617	77	1877.1	304.19	2063.1	373.85	2
3617	78	1536.22	269.02	1658.34	330.75	2
3617	79	383.3	404.41	631.76	502.37	2
3618	77	1868.27	303.8	2053.64	373.98	2
3618	78	1525.27	266.64	1644.37	328.01	2
3618	79	403.59	403.94	654.6	502.95	2
3619	77	1856.59	302.38	2040.39	373.37	2
3619	78	1511.07	263.19	1626.39	325.17	2
3619	79	432.54	403.13	685.93	503.16	2
3620	77	1846.48	301.21	2031.02	372.49	2
3620	78	1501.05	260.7	1613.69	321.61	2
3620	79	450.28	402.84	709.22	504.53	2
3621	77	1831.72	300.14	2016.54	370.19	2
3621	78	1488.51	257.9	1596.83	318.47	2
3621	79	481.22	402.09	741.97	505.69	2
3622	77	1821.82	299.1	2005.42	368.65	2
3622	78	1480.47	255.64	1584.57	316.13	2
3622	79	499.01	402.48	767.05	507.42	2
3623	77	1805.82	298.08	1990.96	366.76	2
3623	78	1469.28	253.58	1569.2	312.08	2
3623	79	529.26	402	801.74	508.71	2
3624	77	1794.85	297.07	1979.9	365.41	2
3624	78	1461.73	251.61	1559.56	309.4	2
3624	79	550.46	401.18	828.15	509.84	2
3625	77	1779.17	295.4	1963.53	362.93	2
3625	78	1452	248.97	1546.46	305.88	2
3625	79	581.42	401.53	864.66	510.89	2
3626	77	1767.67	294.14	1951.11	362.03	2
3626	78	1445.63	247.44	1536.92	303.4	2
3626	79	604.03	401.69	892.97	512.57	2
3627	77	1751.15	292.38	1934.25	359.74	2
3627	78	1436.3	245.64	1525.2	299.26	2
3627	79	635.47	401.11	931.46	513.83	2
3628	77	1732.76	290.44	1914.41	358.24	2
3628	78	1427.95	243.74	1513.36	295.19	2
3628	79	672.26	400.9	975.21	513.63	2
3629	77	1718.98	289.08	1900.09	356.4	2
3629	78	1422.02	242.48	1504.92	293.21	2
3629	79	699.58	400.84	1005.62	514.17	2
3630	77	1701.01	287.3	1881.93	353.76	2
3630	78	1416.91	242.12	1494.91	289.91	2
3630	79	735.38	400.83	1048.1	515	2
3631	77	1688.76	286.01	1868.3	352.14	2
3631	78	1413.53	240.73	1488.53	288.22	2
3631	79	762.16	400.83	1078.51	515.29	2
3632	77	1671.38	284.25	1848.42	350.26	2
3632	78	1407.86	239.62	1479.86	286.36	2
3632	79	798.95	400.85	1120.95	515.37	2
3633	77	1659.39	282.31	1834.85	348.29	2
3633	78	1404.16	238.62	1473.86	285.15	2
3633	79	826.69	400.21	1151.93	515.37	2
3634	77	1642.11	280.31	1815.67	346.93	2
3634	78	1399.74	236.97	1465.98	283.47	2
3634	79	865.1	399.97	1194.57	516	2
3635	77	1630.19	278.95	1801.74	345.16	2
3635	78	1396.45	235.77	1460.93	281.61	2
3635	79	894.04	399.89	1226.2	516.22	2
3636	77	1612.94	277.17	1782.44	343.22	2
3636	78	1390.73	234.72	1454.02	279.7	2
3636	79	934.83	399.87	1269.73	516.28	2
3637	77	1600.38	275.89	1768.49	341.23	2
3637	79	964.61	399.88	1301.64	516.28	2
3638	77	1584.9	274.14	1749.21	338.55	2
3638	79	1006.33	399.23	1343.98	516.26	2
3639	77	1573.02	272.21	1735.29	336.28	2
3639	79	1037.03	398.99	1375.36	516.23	2
3640	77	1557.11	270.22	1719.36	333.5	2
3640	79	1079.76	398.91	1418.81	515.55	2
3641	77	1541.06	268.87	1697.35	331.2	2
3641	79	1127.1	398.89	1466.26	515.28	2
3642	77	1530.35	267.1	1682.44	329.08	2
3642	79	1159.77	398.89	1498.81	515.82	2
3643	77	1516.87	263.84	1664.13	327.04	2
3643	79	1203.84	398.24	1539.41	514.05	2
3644	77	1507.81	261.36	1651.36	325.02	2
3644	79	1235.15	398.66	1568.6	513.36	2
3645	77	1494.9	259.83	1634.5	321.69	2
3645	79	1276.74	397.5	1606.65	512.44	2
3646	77	1486.02	258.67	1622.27	320.53	2
3646	79	1307.01	397.08	1634.17	511.44	2
3647	77	1473.83	256.97	1606.26	317.51	2
3647	79	1347.55	395.6	1668.99	509.74	2
3648	77	1467.25	255.74	1595.01	315.79	2
3648	79	1376.03	395.06	1693.93	509.11	2
3649	77	1455.85	254.02	1580.02	312.57	2
3649	79	1413.95	394.21	1725.87	506.24	2
3650	77	1448.16	252.78	1569.81	310.79	2
3650	79	1441.4	393.24	1747.74	504.51	2
3651	77	1439.74	250.38	1555.84	308.2	2
3651	79	1478.32	392.24	1776.59	501.9	2
3652	77	1433.82	248.88	1546.69	306	2
3652	79	1505.34	391.88	1796.65	500.96	2
3653	77	1425.97	247.06	1534.41	303.26	2
3653	79	1540.83	390.44	1822.26	499.31	2
3654	77	1417.43	244.44	1521	300.32	2
3654	79	1578.14	388.59	1847.92	496.08	2
3655	77	1412.79	242.87	1513.43	298.66	2
3655	79	1602.44	387.26	1863.37	493.58	2
3656	77	1406.03	241.69	1503.02	295.46	2
3656	79	1633.65	385.46	1882.72	490.7	2
3657	77	1404.74	240.67	1495.77	293.7	2
3657	79	1655.01	384.83	1895.24	488.35	2
3658	77	1397.75	239.01	1486.16	291.8	2
3658	79	1683.22	383.3	1910.26	484.2	2
3659	77	1393.55	238.46	1479.82	290.52	2
3659	79	1701.41	382.1	1919.21	482.06	2
3660	77	1389.62	238.33	1471.85	288.12	2
3660	79	1725.89	379.68	1930.38	477.33	2
3661	77	1386.5	238.36	1466.08	286.67	2
3661	79	1741.39	376.81	1936.68	474.99	2
3662	77	1382.21	237.74	1458.94	284.87	2
3662	79	1762.3	374.47	1944.31	470.21	2
3663	77	1380.29	237.57	1454.09	284.3	2
3663	79	1775.18	372.98	1948.09	466.51	2
3664	77	1377.12	235.96	1448.85	282.51	2
3664	79	1791.85	370.48	1952.21	462.57	2
3665	77	1373.94	234.35	1443.6	280.71	2
3665	79	1802.65	368.28	1954.24	459.21	2
3665	80	1209	210	1243	237	2
3666	77	1370.77	232.75	1438.36	278.92	2
3666	79	1815.93	365.51	1955.79	454.73	2
3666	80	1209	210.8	1243	237.8	2
3667	77	1367.6	231.14	1433.12	277.13	2
3667	79	1828.6	361.87	1954.96	449.84	2
3667	80	1208.23	210.95	1243	239.5	2
3668	77	1347.73	229.19	1429.91	275.88	2
3668	79	1835.98	359.94	1954.13	446.83	2
3668	80	1207.97	211.01	1243	240.82	2
3669	79	1842.64	356.62	1951.37	441.82	2
3669	80	1207.17	211.74	1243	241.95	2
3670	79	1846.09	354.14	1949.4	439.44	2
3670	80	1206.2	212.71	1243	242.99	2
3671	79	1850.23	351.3	1947.16	435.35	2
3671	80	1205.88	213.04	1243	244.7	2
3672	79	1850.21	349	1943.35	431.29	2
3672	80	1205.11	214.49	1242.32	245.96	2
3673	79	1846.18	344.2	1938.45	424.54	2
3673	80	1204.85	215.69	1242.07	247.72	2
3674	79	1841.76	341.19	1935.39	420.87	2
3674	80	1204.78	216.78	1241.3	248.99	2
3675	79	1833.15	337.5	1932.27	417.66	2
3675	80	1204.1	217.83	1241.03	250.09	2
3676	79	1826.7	335.57	1929.85	413.95	2
3676	80	1203.2	218.2	1241.6	251.77	2
3677	79	1816.23	331.62	1924.33	409.37	2
3677	80	1202.88	219.62	1241.82	253.03	2
3678	79	1808.99	329.6	1920.33	405.83	2
3678	80	1202.78	220.8	1241.91	254.11	2
3679	79	1797.05	324.93	1912.31	401.32	2
3679	80	1202.11	221.88	1241.95	255.79	2
3680	79	1782.78	320.65	1902.17	395.79	2
3680	80	1201.21	222.91	1241.96	257.69	2
3681	79	1772.84	317.84	1895.12	391.89	2
3681	80	1200.24	223.93	1242.62	259.02	2
3682	79	1758.08	314.92	1883.43	387.26	2
3682	80	1199.23	225.59	1242.23	260.79	2
3683	79	1746.69	312.63	1874.52	382.36	2
3683	80	1198.86	226.85	1242.08	262.07	2
3684	79	1730.79	307.85	1860.21	376.67	2
3684	80	1198.09	227.95	1242.02	264.47	2
3684	81	1199	201	1236	230	2
3685	79	1719	304.21	1849.01	373.43	2
3685	80	1197.82	228.99	1241.99	265.99	2
3685	81	1199	201	1235.2	230	2
3686	79	1702.31	301.65	1833.18	367.71	2
3686	80	1196.43	230	1241.34	267.83	2
3686	81	1199	201	1235.04	230	2
3687	79	1688.99	299.52	1820.82	364.44	2
3687	80	1195.92	230.36	1240.44	268.48	2
3687	81	1198.22	201	1234.99	231.56	2
3688	79	1671.77	296.15	1803.29	358.69	2
3688	80	1195.09	231.11	1240.09	269.98	2
3688	81	1197.23	206.83	1234.24	234.23	2
3689	79	1659.59	293.71	1790.31	355.43	2
3689	80	1194.15	231.37	1239.96	271.15	2
3689	81	1196.92	207.38	1233.99	235.87	2
3690	79	1642.15	290.91	1771.89	351.03	2
3690	80	1193.16	233.38	1239.92	273.5	2
3690	81	1196.84	206.83	1233.92	237.06	2
3691	79	1629.98	288.66	1758	347.58	2
3691	80	1192.15	234.77	1239.26	274.36	2
3691	81	1196.83	207.27	1233.21	237.44	2
3692	79	1613.2	286.61	1738.59	343.79	2
3692	80	1189.84	236.58	1238.36	275.93	2
3692	81	1196.16	208.74	1233.66	238.19	2
3693	79	1595.35	282.58	1717.07	338.52	2
3693	80	1187.68	237.89	1236.73	277.79	2
3693	81	1195.26	208.55	1234.49	239.77	2
3694	79	1583.14	280.57	1702.84	335.43	2
3694	80	1186.23	238.35	1236.11	279.1	2
3694	81	1194.93	209.13	1234.16	240.31	2
3695	79	1567.04	277.24	1683.34	331.77	2
3695	80	1185.05	239.79	1235.23	281.51	2
3695	81	1194.83	209.97	1234.69	242.46	2
3696	79	1555.54	274.79	1669.94	329.25	2
3696	80	1183.99	240.31	1234.26	282.38	2
3696	81	1194.81	210.27	1234.89	243.88	2
3697	79	1539.7	271.99	1651.43	325.79	2
3697	80	1182.31	241.12	1233.25	283.96	2
3697	81	1194.15	211	1234.31	244.39	2
3698	79	1529.68	269.73	1638.45	321.99	2
3698	80	1181.06	242.05	1232.89	285.17	2
3698	81	1193.92	211.25	1234.09	244.53	2
3699	79	1515.73	266.31	1621.44	318.05	2
3699	80	1179.32	243.02	1231.46	286.88	2
3699	81	1193.85	212.64	1234.01	245.85	2
3700	79	1505.75	263.83	1609.06	314.74	2
3700	80	1177.38	244.01	1230.28	288.14	2
3700	81	1193.17	213.14	1233.98	246.98	2
3700	82	293	411	401	497	2
3701	79	1493.15	260.34	1592.95	310.99	2
3701	80	1174.73	245	1229.2	289.22	2
3701	81	1192.93	213.95	1233.97	248.67	2
3701	82	301	411.8	422.6	497.8	2
3702	79	1483.68	257.82	1582.28	307.74	2
3702	80	1173.11	245.35	1228.16	289.57	2
3702	81	1192.85	214.89	1233.97	249.94	2
3702	82	299.52	411.18	434.01	498.72	2
3703	79	1471.91	255	1566.77	304.01	2
3703	80	1170.58	246.1	1226.49	290.97	2
3703	81	1192.18	215.23	1234.63	251.68	2
3703	82	301.86	410.98	457.77	498.26	2
3704	79	1464.79	252.73	1556.32	302.12	2
3704	80	1168.36	246.35	1225.87	291.45	2
3704	81	1191.93	215.98	1234.88	252.32	2
3704	82	298.72	410.18	475.07	498.09	2
3705	79	1453.16	249.99	1542.22	296.87	2
3705	80	1164.97	247.72	1224.37	292.24	2
3705	81	1191.2	216.24	1234.97	252.51	2
3705	82	304.55	410.65	502.79	500.19	2
3706	79	1441.94	248.44	1527.49	293.06	2
3706	80	1161.78	248.87	1221.88	294.47	2
3706	81	1190.93	217.63	1235.01	254.51	2
3706	82	323.29	410.14	537.52	501.61	2
3707	79	1435.7	247.32	1518.03	291.17	2
3707	80	1158.65	249.28	1220.29	295.27	2
3707	81	1190.84	218.78	1235.02	255.88	2
3707	82	339.88	408.59	562.66	502.1	2
3708	79	1426.4	245.65	1504.94	288.58	2
3708	80	1154.29	250.71	1217.78	296.18	2
3708	81	1190.17	219.85	1235.02	258.98	2
3708	82	364.31	406.69	592.47	502.25	2
3709	79	1420.84	244.47	1496.77	287.11	2
3709	80	1151.37	251.88	1216.19	297.8	2
3709	81	1189.27	220.88	1235.02	258.2	2
3709	82	382.33	406	614	502.94	2
3710	79	1414.49	242.1	1486.16	284.68	2
3710	80	1147.73	252.29	1213.69	299.02	2
3710	81	1188.94	221.91	1234.37	260.45	2
3710	82	409.05	406.42	645.43	503.85	2
3710	83	2224	1351	2559	1438	2
3711	79	1409.26	240.64	1478.87	282.56	2
3711	80	1145.1	252.41	1211.46	300.1	2
3711	81	1188.83	222.92	1234.77	262.55	2
3711	82	441.71	405.96	668.72	504.16	2
3711	83	2136.8	1310.2	2559	1434.8	2
3712	79	1403.64	238.17	1469.19	279.21	2
3712	80	1139.63	253.08	1208.7	301.77	2
3712	81	1187.5	223.28	1234.93	264.62	2
3712	82	475.28	405.14	701.08	505.58	2
3712	83	2039.23	1215.85	2559.71	1437.67	2
3713	79	1400.73	236.69	1462.9	277.43	2
3713	80	1135.68	253.31	1207.04	303.02	2
3713	81	1186.36	224.04	1234.98	265.38	2
3713	82	492.29	404.85	727.06	506.09	2
3713	83	1990.2	1168.75	2559.33	1436.16	2
3714	79	1395.9	235.55	1454.92	275.55	2
3714	80	1131.65	254.67	1203.24	304.75	2
3714	81	1184.64	224.95	1235	265.61	2
3714	82	513.84	406.07	762.09	507.58	2
3714	83	1942.2	1095.86	2558.47	1433.41	2
3715	79	1390.36	234.55	1449.16	273.63	2
3715	80	1127.59	255.82	1200.51	306.03	2
3715	81	1183.34	225.27	1234.37	267.61	2
3715	82	533.98	405.9	789.84	508.77	2
3715	83	1916.06	1043.4	2558.13	1432.13	2
3716	79	1385.24	232.91	1441.98	269.65	2
3716	80	1122.25	258.19	1196.93	308.43	2
3716	81	1180.92	226.01	1234.12	269.62	2
3716	82	565.07	405.2	827.45	509.86	2
3716	83	1888.95	981.85	2557.99	1431.51	2
3717	79	1380.98	231.03	1437.12	268.34	2
3717	80	1118.34	259.72	1193.67	309.95	2
3717	81	1180.01	227.57	1234.02	271.01	2
3717	82	588.37	405.59	856.22	510.24	2
3717	83	1870.8	938.05	2558.59	1430.65	2
3718	79	1375.61	228.4	1431.63	265.25	2
3718	80	1112.41	261.58	1189.89	311.79	2
3718	81	1177.75	228.14	1232.7	273.45	2
3718	82	622.58	404.45	896.76	511.67	2
3718	83	1852.96	887.57	2528	1409.58	2
3719	80	1105.07	262.24	1185.27	313.75	2
3719	81	1175.61	229.63	1231.54	276.27	2
3719	82	662.33	404.02	943.83	512.18	2
3719	83	1830.14	843.68	2547.01	1426.78	2
3720	80	1100.4	263.11	1180.98	315.1	2
3720	81	1174.17	230.83	1230.45	277.32	2
3720	82	690.77	403.87	978.09	512.35	2
3720	83	1820.08	808.03	2554.27	1433.99	2
3720	84	1200	207	1244	248	2
3721	80	1092.9	264.06	1176.16	316.86	2
3721	81	1171.71	231.91	1229.39	278.96	2
3721	82	730.72	403.83	1023.25	512.38	2
3721	83	1807.22	774.22	2557.25	1437.71	2
3721	84	1199.2	211	1244	249.6	2
3722	80	1087.56	265.04	1171.81	317.49	2
3722	81	1169.51	232.94	1228.99	279.54	2
3722	82	761.08	403.83	1057.94	511.71	2
3722	83	1801.97	749.67	2559.08	1438.68	2
3722	84	1199.05	209.43	1244	250.7	2
3723	80	1079.17	266.03	1166.34	319.63	2
3723	81	1165.48	233.96	1227.56	281.66	2
3723	82	802.39	402.52	1105.83	512.09	2
3723	83	1788.79	720.53	2558.51	1432.93	2
3723	84	1198.22	213.47	1244	252.57	2
3724	80	1073.49	266.37	1161.74	321.05	2
3724	81	1163.95	234.97	1226.38	282.42	2
3724	82	833.78	402.04	1140.83	512.21	2
3724	83	1779.4	699.25	2556.99	1431.16	2
3724	84	1198.7	215.67	1244	254.68	2
3725	80	1064.98	268.42	1155.54	322.85	2
3725	81	1160.18	236.63	1223.99	285.27	2
3725	82	878.03	401.22	1188.16	512.24	2
3725	83	1772.78	677.51	2557.03	1429.19	2
3725	84	1198.16	216.31	1243.28	255.29	2
3726	80	1059.27	269.83	1150.68	323.48	2
3726	81	1156.84	237.23	1222.45	286.96	2
3726	82	911.78	400.92	1223.51	511.58	2
3726	83	1766.53	661.15	2557.04	1429.64	2
3726	84	1197.99	215.74	1243.03	256.14	2
3727	80	1050.12	270.98	1144.38	324.97	2
3727	81	1152.39	238.07	1220.58	288.2	2
3727	82	956.94	400.82	1272.28	510.65	2
3727	83	1758.43	638.18	2558.98	1435.48	2
3727	84	1197.24	216.19	1242.95	257.76	2
3728	80	1042.88	271.37	1139.49	326.8	2
3728	81	1150.07	239.02	1218.6	289.92	2
3728	82	991.54	400.14	1308.07	510.28	2
3728	83	1754.69	624.97	2559.09	1437.82	2
3728	84	1196.3	217	1242.93	258.99	2
3729	80	1033.17	272.79	1131.93	328.75	2
3729	81	1146.66	239.99	1216.56	290.53	2
3729	82	1038.93	400.56	1355.05	509.48	2
3729	83	1759.82	594.37	2559.12	1438.76	2
3729	84	1195.29	217.26	1242.93	260.07	2
3730	80	1025.72	274.61	1125.9	330.1	2
3730	81	1144.13	240.99	1214.52	291.35	2
3730	82	1073.01	399.41	1389.41	509.17	2
3730	83	1748.81	593.84	2559.12	1439.11	2
3730	84	1193.61	216.67	1242.93	261.75	2
3731	80	1015.28	276.58	1117.89	331.87	2
3731	81	1139.34	241.99	1211.82	292.92	2
3731	82	1120.18	398.99	1436.52	509.06	2
3731	83	1733.38	574	2559.11	1397.07	2
3731	84	1192.09	218.9	1242.52	263.25	2
3732	80	1003.07	277.94	1108.49	334.46	2
3732	81	1134.34	242.99	1208.89	294.78	2
3732	82	1172.38	398.19	1487.22	509.01	2
3732	83	1729.88	568.18	2559.1	1344.64	2
3732	84	1190.57	221.13	1242.1	264.75	2
3733	80	994.67	279.07	1101.14	336.04	2
3733	81	1130.55	243.33	1206.5	296.09	2
3733	82	1209.39	397.25	1520.22	507.68	2
3733	83	1730.42	557.51	2559.09	1303.84	2
3733	84	1189.99	222.8	1241.23	265.92	2
3734	80	981.31	280.11	1090.7	338.55	2
3734	81	1124.66	244.09	1203.04	297.2	2
3734	82	1256.35	397.57	1564.85	506.51	2
3734	83	1718.08	547.93	2559.08	1260.3	2
3734	84	1188.47	224.03	1240.26	267.65	2
3734	85	2495	385	2559	448	2
3735	80	972.51	281.11	1083.62	340.1	2
3735	81	1120.53	244.99	1200.46	298.87	2
3735	82	1289.21	397.05	1596.08	506.08	2
3735	83	1718.32	543.51	2527.83	1222.34	2
3735	84	1187.26	224.44	1239.25	268.25	2
3735	85	2483	374.6	2559.8	449.6	2
3736	80	960.97	282.76	1072.68	342.59	2
3736	81	1114.52	245.31	1198.23	301.42	2
3736	82	1339.19	396.21	1636.11	503.28	2
3736	83	1713.78	534.2	2493.02	1181.23	2
3736	84	1186.18	225.21	1238.89	270.42	2
3736	85	2464.87	374.89	2559.22	444.8	2
3737	80	950.94	284	1064.11	344.79	2
3737	81	1109.73	245.41	1194.86	302.35	2
3737	82	1369.09	395.24	1664.16	504.9	2
3737	83	1718.58	522.26	2464.07	1154.08	2
3737	84	1183.82	225.46	1238.12	270.55	2
3737	85	2449.73	374.22	2558.99	441.39	2
3738	80	936.98	285.08	1052.6	346.87	2
3738	81	1102.82	245.41	1189.74	303.95	2
3738	82	1411.43	394.24	1700.48	500.92	2
3738	83	1714.75	514.66	2425.96	1126.1	2
3738	84	1182.3	226.83	1238.49	272.53	2
3738	85	2436.08	371.72	2558.92	443.55	2
3739	80	926.7	286.11	1043.85	348.91	2
3739	81	1098.32	246.04	1186.52	305.81	2
3739	82	1441.05	393.88	1727.18	498.73	2
3739	83	1710.34	512.76	2397.47	1101.88	2
3739	84	1181.1	227.96	1238.01	274.55	2
3739	85	2413.74	368.85	2558.9	444.24	2
3740	80	912.02	287.76	1031	351.57	2
3740	81	1090.9	246.9	1182.12	308.42	2
3740	82	1481.3	391.77	1760.36	496.61	2
3740	83	1704.31	508.1	2369.34	1063.37	2
3740	84	1180.03	229.01	1237.83	275.93	2
3740	85	2390.79	365.79	2546.72	442.5	2
3741	80	901.48	289	1021.75	353.84	2
3741	81	1085.58	248.5	1178.56	310.02	2
3741	82	1509.44	391.01	1782.54	495.19	2
3741	83	1703.82	501.71	2348.89	1040.95	2
3741	84	1179	230.03	1236.49	277.06	2
3741	85	2380.16	364.72	2535.19	440.52	2
3742	80	886.71	291.39	1008.72	355.94	2
3742	81	1078.49	251.05	1172.75	311.88	2
3742	82	1546.54	390.09	1810.78	493.37	2
3742	83	1697.82	493.8	2322.42	1014.78	2
3742	84	1177.33	231.03	1234.67	278.76	2
3742	85	2356.17	361.69	2516.4	434.4	2
3743	80	876.17	292.91	998.78	357.98	2
3743	81	1072.66	252.66	1168.65	313.19	2
3743	82	1572.78	389.11	1828.44	490.74	2
3743	83	1701.41	488.8	2306.11	985.9	2
3743	84	1176.08	232.03	1233.35	280.02	2
3743	85	2339.43	359.29	2503.33	433.56	2
3744	80	861.41	294.75	984.84	361.3	2
3744	81	1064.74	254.54	1162.63	315.59	2
3744	82	1607.25	387.44	1852.44	487.8	2
3744	83	1700.24	476.54	2280.51	959.5	2
3744	84	1174.33	233.69	1232.21	281.11	2
3744	85	2319.28	345.11	2483.65	431.3	2
3745	80	846.33	296.71	970.67	364.45	2
3745	81	1054.09	256.53	1156.53	318.41	2
3745	82	1641.37	385.51	1874.05	484.75	2
3745	83	1689.05	476.82	2254.27	931.26	2
3745	84	1171.74	234.93	1231.15	283.45	2
3745	85	2304.09	349.38	2463.14	427.95	2
3746	80	835.71	298.72	960.35	367.54	2
3746	81	1047.55	257.91	1151.07	320.08	2
3746	82	1664.34	383.5	1887.22	483.02	2
3746	83	1691.43	469.17	2234.76	909.32	2
3746	84	1170.15	236.02	1230.12	284.94	2
3746	85	2290.31	346.9	2448.71	425.33	2
3746	86	1203	221	1242	254	2
3747	80	822.91	301.39	946.29	370.6	2
3747	81	1037.45	260.35	1143.24	322.62	2
3747	82	1691.64	380.79	1902.33	477.78	2
3747	83	1691.17	463.43	2211.5	890.25	2
3747	84	1166.32	237.05	1228.45	286.77	2
3747	85	2266.72	344.09	2431.1	422.45	2
3747	86	1201.4	221.8	1242	255.6	2
3748	80	813.85	303.01	937.35	373	2
3748	81	1029.2	261.24	1137.75	324.17	2
3748	82	1709.39	378.48	1910.5	473.87	2
3748	83	1684.36	452.82	2193.1	877.04	2
3748	84	1164.25	237.41	1227.84	287.42	2
3748	85	2250.96	342.46	2421.96	420.78	2
3748	86	1200.33	221.95	1242	256.67	2
3749	80	800.96	305.53	924.48	377.09	2
3749	81	1019.76	262.84	1129.96	326.66	2
3749	82	1731.54	376.35	1919.88	465.81	2
3749	83	1692.43	449.4	2174.37	864.36	2
3749	84	1162.21	238.15	1226.34	288.92	2
3749	85	2236.17	340.97	2406.05	418.44	2
3749	86	1200.73	223.53	1242	257.8	2
3750	80	792.54	307.74	915.36	379.88	2
3750	81	1011.14	264.06	1123.84	327.55	2
3750	82	1746.81	374.26	1926.15	460.19	2
3750	83	1689.99	442.42	2163.87	847.12	2
3750	84	1160.18	239.06	1225.14	290.1	2
3750	85	2221.39	339.48	2390.14	416.09	2
3750	86	1200.15	224.04	1241.25	258.13	2
3751	80	781.86	309.83	903.73	383.47	2
3751	81	1000.92	265.13	1116.47	329.78	2
3751	82	1766.21	371.53	1931.6	453.53	2
3751	83	1684.41	436.16	2138.21	831.59	2
3751	84	1156.86	240.02	1223.41	291.81	2
3751	85	2205.51	337.12	2372.81	415.29	2
3751	86	1199.24	225.63	1241.73	258.93	2
3752	80	774.95	311.23	895.1	386.7	2
3752	81	992.01	266.15	1110.53	331.87	2
3752	82	1778.46	369.24	1935.23	449.23	2
3752	83	1687.39	430.16	2132.05	821.44	2
3752	84	1154.35	240.35	1221.48	292.42	2
3752	85	2193.52	336.32	2362.32	413.7	2
3752	86	1198.25	225.42	1241.21	260.6	2
3753	80	764.83	313.64	884.98	391.1	2
3753	81	980.42	268.45	1101.31	333.91	2
3753	82	1792.81	366.45	1937.88	443.75	2
3753	83	1689.23	424.91	2120.31	812.44	2
3753	84	1150.84	241.75	1219.47	293.25	2
3753	85	2178.25	334.78	2347.63	412.53	2
3753	86	1197.22	226.01	1241.02	262.51	2
3754	80	758.1	315.81	876.92	394	2
3754	81	972.92	269.28	1094.66	335.93	2
3754	82	1802.07	364.16	1938.67	438.52	2
3754	83	1689.98	417.88	2103.14	797.71	2
3754	84	1148.91	242.25	1217.44	294.17	2
3754	85	2167.69	333.61	2336.64	409.52	2
3754	86	1196.87	226.21	1240.96	264.52	2
3755	80	749.36	318.54	867.66	398.26	2
3755	81	961.21	270.86	1085.15	338.6	2
3755	82	1816.3	361.36	1939.08	419.61	2
3755	83	1677.84	401.37	2092.31	779.52	2
3755	84	1145.64	243.06	1215.4	295.14	2
3755	85	2153.63	331.25	2324.43	405.8	2
3755	86	1196.76	228.23	1240.94	266.56	2
3756	80	743.81	320.17	860.59	401.75	2
3756	81	952.42	271.42	1077.79	340.2	2
3756	82	1823.39	359.06	1937.77	410.06	2
3756	83	1692.05	401.76	2080.85	780.33	2
3756	84	1142.51	243.99	1214.01	296.77	2
3756	85	2143.52	329.12	2317	404.51	2
3756	86	1196.08	228.99	1240.94	267.95	2
3757	80	736.81	323.32	852.35	406.23	2
3757	81	940.88	272.24	1067.37	342.7	2
3757	82	1831.37	356.23	1934.07	401.56	2
3757	83	1704.41	392.13	2068.61	759.75	2
3757	84	1137.49	244.97	1210.93	298.66	2
3757	85	2131.61	327.72	2304.8	404.1	2
3757	86	1196.51	229.91	1240.94	269.09	2
3758	80	730.57	325.77	843.65	411.75	2
3758	81	928.26	274.46	1055.77	344.9	2
3758	82	1837.31	352.48	1930.2	395.61	2
3758	83	1709.43	385.52	2056.7	746.74	2
3758	84	1131.75	245.96	1207.85	300.64	2
3758	85	2119.01	325.29	2291.43	402.04	2
3758	86	1195.36	231.55	1240.28	270.79	2
3759	80	727.29	327.95	838.13	415.06	2
3759	81	918.5	275.27	1048.27	346.97	2
3759	82	1839.07	349.97	1927.24	393.34	2
3759	83	1711.09	382.07	2049.05	739.93	2
3759	84	1127.03	246.31	1205.42	302.01	2
3759	85	2109.45	324.44	2282.89	400.68	2
3759	86	1193.63	232.8	1239.38	272.05	2
3760	80	723.08	331.3	831.77	420.11	2
3760	81	905.96	277.49	1037.84	349.65	2
3760	82	1835.48	347.83	1922.56	391.38	2
3760	83	1711.59	380.43	2037.94	738.03	2
3760	84	1120.79	247.06	1201.95	303.79	2
3760	85	2098.38	324.2	2272.87	399.58	2
3760	86	1191.68	233.9	1238.39	273.79	2
3760	88	1198	213	1236	237	2
3761	80	720.52	332.53	827.77	423.89	2
3761	81	896.89	278.29	1030.17	351.91	2
3761	82	1831.86	344.4	1919.59	390.25	2
3761	83	1712.37	380.07	2030.5	735.16	2
3761	84	1115.88	247.97	1200.01	306.37	2
3761	85	2092.01	323.52	2265.57	398.58	2
3761	86	1190.31	234.94	1238.02	274.4	2
3762	80	717.86	336.8	823.28	429.1	2
3762	81	884.62	279.21	1019.67	354.01	2
3762	82	1824.09	341.25	1916.47	387.93	2
3762	83	1713.97	378.86	2021.52	726.56	2
3762	84	1108.31	249.59	1195.48	308.61	2
3762	85	2082.81	323.32	2257.34	397.61	2
3762	86	1187.85	236.62	1237.89	276.56	2
3762	88	1198	214	1236	239	2
3763	80	716.5	339.69	819.94	432.95	2
3763	81	877.62	280.82	1011.34	356.04	2
3763	82	1817.24	338.85	1913.36	386.6	2
3763	83	1715.15	377.3	2017.53	727.26	2
3763	84	1102.89	249.53	1192.48	310.73	2
3763	85	2076.46	323.31	2251.35	393.33	2
3763	86	1186.29	237.22	1237.21	277.98	2
3763	88	1198	214	1236	239	2
3764	80	715.59	343.96	817	438.84	2
3764	81	865.49	282.69	1001.23	358.7	2
3764	82	1806.57	336.06	1908.89	385.59	2
3764	83	1716.89	376.23	2015.2	722.51	2
3764	84	1094.49	252.06	1186.89	312.78	2
3764	85	2070.52	322.03	2242.9	388.4	2
3764	86	1184.43	238.07	1236.3	279.78	2
3764	88	1198	215.54	1236.77	241.31	2
3765	80	714.83	346.83	816.22	442.28	2
3765	81	857.92	283.37	993.73	360.95	2
3765	82	1798.65	334.44	1904.64	384.01	2
3765	83	1718.13	375.35	2013.42	721.16	2
3765	84	1088.12	253.68	1182.22	314.16	2
3765	85	2064.08	320.94	2236.17	386.03	2
3765	86	1183.09	239.01	1235.32	281.08	2
3765	88	1198	216.83	1237.03	245.15	2
3766	80	714.73	350.44	818.16	448.02	2
3766	81	846.87	284.88	983.3	364.34	2
3766	82	1787.08	330.63	1897.17	382.9	2
3766	83	1719.19	373.18	2009.75	716.98	2
3766	84	1078.71	254.25	1175.33	315.94	2
3766	85	2052.11	318.55	2228.07	383.23	2
3766	86	1180.67	239.99	1234.3	282.83	2
3766	88	1196.51	217.22	1237.09	249.92	2
3767	80	714.84	352.4	820.38	453.33	2
3767	81	839.07	286.71	976.34	366.22	2
3767	82	1778.13	327.97	1891.12	381.9	2
3767	83	1719.51	369.18	2006.74	713.08	2
3767	84	1071.34	255.74	1170.17	318.51	2
3767	85	2044.65	318.41	2222.05	380.95	2
3767	86	1179.13	240.33	1233.92	284.1	2
3767	88	1195.31	218	1237.1	252.93	2
3768	80	716.34	356.29	824.02	458.48	2
3768	81	828.59	288.68	966.13	368.82	2
3768	82	1764.98	323.15	1882.36	381.62	2
3768	83	1720.93	371.83	2001.2	713.25	2
3768	84	1060.92	258.88	1163.76	320.75	2
3768	85	2035.62	317.75	2213.56	375.46	2
3768	86	1177.29	241.08	1232.5	285.84	2
3768	88	1195.59	218.93	1237.09	253.99	2
3769	80	717.69	359.01	827.51	462.92	2
3769	81	820.34	290.04	958.6	371.03	2
3769	82	1754.86	320.72	1874.57	380.29	2
3769	83	1722.76	372.97	1998.84	712.27	2
3769	84	1051.9	260.71	1157.52	322.85	2
3769	85	2028.61	317.58	2206.74	372.91	2
3769	86	1175.97	241.99	1231.97	287.11	2
3769	88	1195.73	219.25	1237.07	254.89	2
3770	80	720.93	363.85	833.53	470.96	2
3770	81	810.99	292.46	948.82	373.76	2
3770	82	1741.31	317.3	1863.23	377.29	2
3770	83	1724.04	371.5	1997.57	709.49	2
3770	84	1040.22	262.67	1148.79	325.55	2
3770	85	2019.73	316.87	2197.26	372.13	2
3770	86	1173.56	243.61	1230.49	288.84	2
3770	88	1195.12	220	1236.38	256.44	2
3771	80	724.2	369.5	840.46	478.44	2
3771	81	800.56	294.65	938.18	375.37	2
3771	82	1725.85	314.14	1849.91	377.52	2
3771	83	1713.62	374.38	2004.8	700.01	2
3771	84	1026.23	264.02	1138.44	328.47	2
3771	85	2009.47	316.65	2186.76	371.26	2
3771	86	1170.09	245.5	1228.64	290.11	2
3771	88	1194.91	220.26	1236.8	258.25	2
3772	80	727.46	371.6	845.1	483.13	2
3772	81	793.66	296.08	930.5	376.56	2
3772	82	1714.88	312.35	1839.1	375.09	2
3772	83	1722.35	369.5	1999.58	700.78	2
3772	84	1017.12	265.14	1131.33	330.83	2
3772	85	2001.33	316.61	2179.83	371.05	2
3772	86	1166.86	246.85	1227.3	291.19	2
3772	88	1194.18	220.34	1236.95	259.53	2
3773	80	730.73	375.53	852.79	490.59	2
3773	81	784.16	298.54	921.33	378.24	2
3773	82	1701.07	307.88	1825.33	371.63	2
3773	83	1719	366.34	1997.05	695.13	2
3773	84	1004.16	267.48	1121.63	333.61	2
3773	85	1990.69	315.96	2168.99	372.41	2
3773	86	1163.09	247.32	1225.52	292.21	2
3773	88	1193.26	220.98	1237.67	261.23	2
3774	80	733.29	378.89	858.95	496.55	2
3774	81	778.27	299.41	914.89	379.45	2
3774	82	1691.45	304.31	1815.04	368.44	2
3774	83	1715.65	363.18	1994.52	689.47	2
3774	84	994.2	269.63	1113.52	335.91	2
3774	85	1983.06	313.75	2159.94	374.27	2
3774	86	1161.03	248.12	1224.21	293.2	2
3774	88	1192.93	221.22	1237.28	261.83	2
3775	80	736.88	383.32	867.12	504.5	2
3775	81	770.46	300.34	906.18	383.78	2
3775	82	1677.53	302.4	1800.86	364.69	2
3775	83	1712.3	360.02	1992	683.82	2
3775	84	980.28	271.05	1102.81	338.68	2
3775	85	1971.29	312.29	2148.28	375.65	2
3775	86	1157.72	249.04	1222.44	294.18	2
3775	88	1192.16	223.86	1237.13	263.27	2
3776	80	739.57	386.22	872.83	509.35	2
3776	81	766.53	302.59	899.91	387.31	2
3776	82	1667.92	301.14	1789.82	362.7	2
3776	83	1717.62	360.43	1988.05	685.85	2
3776	84	969.98	272.2	1093.69	340.96	2
3776	85	1961.92	310.47	2138.29	375.58	2
3776	86	1154.57	249.35	1220.5	295.16	2
3776	88	1192.54	224.88	1237.07	264.39	2
3777	80	743.83	391.75	880.79	518.79	2
3777	81	760.77	305.36	891.92	393.8	2
3777	82	1654.68	296.81	1776.02	359.4	2
3777	83	1722.93	360.85	1984.11	687.89	2
3777	84	955.29	273.24	1082.59	343.72	2
3777	85	1948.83	309.14	2126.29	374.93	2
3777	86	1150.83	250.09	1217.84	297.46	2
3777	88	1190.73	227.2	1237.04	266.07	2
3778	80	746.77	395.08	886.39	524.21	2
3778	81	756.28	307.03	885.93	396.86	2
3778	82	1645.37	295.27	1765.84	356.27	2
3778	83	1724.92	352.55	1984.67	680.37	2
3778	84	945.37	274.24	1074	345.35	2
3778	85	1939.63	308.02	2121.46	373.41	2
3778	86	1147.52	251	1216.2	298.29	2
3778	88	1190.06	228.06	1237.03	267.29	2
3779	80	751.11	400.77	894.28	533.21	2
3779	81	750.25	308.9	878.68	403.13	2
3779	82	1632.93	292.16	1751.09	352.54	2
3779	83	1726.25	356.94	1982.84	674.43	2
3779	84	930.21	277.17	1061.19	349.15	2
3779	85	1923.39	305.01	2102.93	371.54	2
3779	86	1143.09	251.96	1213.03	299.21	2
3779	88	1189.82	229.01	1236.37	269.66	2
3780	80	754.69	404.8	900.46	540.38	2
3780	81	746.96	310.22	874.29	408.02	2
3780	82	1623.29	289.78	1740.57	350.58	2
3780	83	1728.76	356.09	1976.88	673.68	2
3780	84	919.48	278.9	1051.95	351.18	2
3780	85	1912.3	303.25	2090.26	370.86	2
3780	86	1138.87	252.3	1211.2	299.51	2
3780	88	1189.1	229.34	1236.11	270.51	2
3781	80	759.27	410.75	908.56	550.69	2
3781	81	742.69	313.25	867.62	411.12	2
3781	82	1610.72	287.66	1725.7	347.31	2
3781	83	1733.07	349.89	1973.42	672.84	2
3781	84	904.01	280.16	1038.92	354.48	2
3781	85	1895.95	301.32	2073.96	370.64	2
3781	86	1134.1	253.05	1208.6	301.55	2
3781	88	1188.19	230.08	1236.02	272.07	2
3782	80	762.29	415.52	914.8	557.73	2
3782	81	739.39	315.67	862.78	414.8	2
3782	82	1600.4	286.32	1715.86	344.85	2
3782	83	1727.84	346.34	1981.77	668.67	2
3782	84	893.84	281.89	1029.61	356.97	2
3782	85	1884.91	300.63	2061.63	373.82	2
3782	86	1129.76	253.31	1205.71	302.94	2
3782	88	1187.86	230.99	1235.98	273.27	2
3783	80	767.27	422.4	922.89	568.62	2
3783	81	737.08	318.48	858.59	420.64	2
3783	82	1588.27	284.59	1701.94	341.38	2
3783	83	1731.24	347.75	1970.32	663.9	2
3783	84	878.59	283.16	1016.56	359.79	2
3783	85	1867.28	299.11	2045.49	375.05	2
3783	86	1123.66	254.68	1202.71	304.72	2
3783	88	1186.45	231.95	1234.67	274.31	2
3784	80	773.01	429.44	932.99	581.64	2
3784	81	734.47	322.08	854.65	426	2
3784	82	1574.78	282.05	1686.46	337.51	2
3784	83	1734.61	348.42	1973.38	654.9	2
3784	84	863.35	286.18	1002.1	363.39	2
3784	85	1849.19	296.64	2026.64	373.63	2
3784	86	1116.91	257.14	1198.39	307.32	2
3784	88	1184.62	232.94	1234.16	275.96	2
3785	80	777.1	434.62	939.33	589.7	2
3785	81	733.06	324.71	851.44	429.26	2
3785	82	1565.49	279.87	1675.79	334.86	2
3785	83	1735.8	346.77	1971.19	648.32	2
3785	84	852.66	287.95	991.62	365.34	2
3785	85	1835.54	294.42	2013.36	371.8	2
3785	86	1111.16	258.7	1194.84	309.58	2
3785	88	1183.3	233.3	1233.98	277.19	2
3786	80	781.19	441.64	946.79	602.88	2
3786	81	732.09	327.6	847.84	434.28	2
3786	82	1553.75	277.14	1661.57	330.65	2
3786	83	1734.19	346.24	1972.47	634.66	2
3786	84	839.18	289.87	978.8	368.61	2
3786	85	1817.66	292.32	1995.62	367.2	2
3786	86	1103.26	259.92	1189.03	311.69	2
3786	88	1181.52	234.7	1232.62	278.91	2
3787	80	784.63	446.79	953.38	613.54	2
3787	81	731.26	329.29	845.41	438.68	2
3787	82	1545.14	275.57	1652.06	329.22	2
3787	83	1737.57	342.08	1967.01	635.22	2
3787	84	830.5	291.85	969.66	370.42	2
3787	85	1804.79	290.92	1982.14	362.8	2
3787	86	1097.09	261.65	1185.54	312.45	2
3787	88	1180.21	235.21	1231.45	280.16	2
3788	80	789.74	455.05	962.2	627.06	2
3788	81	729.11	333.1	842.73	444.78	2
3788	82	1533.65	272.4	1638.95	326.12	2
3788	83	1740.17	337.97	1963.67	628.88	2
3788	84	821.07	293.2	957.36	372.33	2
3788	85	1786.56	289.79	1964.33	357.18	2
3788	86	1087.77	262.93	1179.78	313.33	2
3788	88	1178.43	236.67	1230.36	281.89	2
3789	80	792.92	461.34	968.67	637.22	2
3789	81	728.47	335.15	841.94	450.89	2
3789	82	1525.79	271.32	1629.86	323.74	2
3789	83	1743.11	317.14	1959.82	625.36	2
3789	84	815.31	295.62	948.45	374.27	2
3789	85	1773.58	288.77	1949.54	353.79	2
3789	86	1080.43	264.03	1174.41	314.26	2
3789	88	1177.13	237.21	1229.96	283.15	2
3790	80	797.28	468.77	976.79	652.45	2
3790	81	728.37	339.09	841.83	457.63	2
3790	82	1515.92	269.01	1616.89	320.97	2
3790	83	1746.85	326.5	1965.3	621.55	2
3790	84	807.61	297.79	937.53	378.2	2
3790	85	1754.65	287.1	1931.25	351.28	2
3790	86	1069.37	265.72	1167.26	318.52	2
3790	88	1174.72	238.68	1229.17	284.89	2
3791	80	800.16	474.7	982.97	663.87	2
3791	81	726.47	342.48	842.63	461.41	2
3791	82	1508.67	267.58	1607.87	319.39	2
3791	83	1748.82	331.2	1968.67	619.01	2
3791	84	799.16	299.21	929.85	379.62	2
3791	85	1741.45	285.88	1917.62	349.77	2
3791	86	1061.37	267.62	1161.38	320.72	2
3791	88	1172.54	239.22	1228.23	286.15	2
3792	80	803.11	484.53	990.33	681.48	2
3792	81	724.53	346.95	843.04	469.19	2
3792	82	1499	265.13	1595.58	316.24	2
3792	83	1752.16	327.66	1976.64	608.85	2
3792	84	786.42	300.99	919.39	382.02	2
3792	85	1722.47	284.81	1898.49	348.62	2
3792	86	1048.16	269.62	1152.77	323.47	2
3792	88	1169.79	240.69	1226.59	287.88	2
3793	80	805.44	491.41	996.21	694.47	2
3793	81	723.89	350.53	843.97	474.62	2
3793	82	1492.49	263.64	1586.83	313.84	2
3793	83	1755.33	323.76	1980.28	599.91	2
3793	84	780.65	302.26	911.83	385.47	2
3793	85	1709.91	284.48	1883.89	347.6	2
3793	86	1038.08	270.99	1145.7	325.11	2
3793	88	1167.48	241.23	1225.33	288.49	2
3794	80	808.82	502.22	1004.09	710.11	2
3794	81	721.79	355.06	845.75	484.33	2
3794	82	1483.07	260.5	1575.29	311.05	2
3794	83	1760.43	320.4	1984.3	590.11	2
3794	84	773.62	304.64	902.76	389.3	2
3794	85	1691.83	281.73	1863.05	345.96	2
3794	86	1024.74	272.12	1134.74	328.29	2
3794	88	1164.69	242.7	1223.57	289.98	2
3795	80	810.68	511.4	1010.16	721.67	2
3795	81	720.41	358.65	847.14	490.5	2
3795	82	1475.96	258.08	1567.49	308.12	2
3795	83	1764.26	317.25	1985.12	583.36	2
3795	84	768.05	306.15	897.08	393.29	2
3795	85	1678.32	280.1	1847.86	346.07	2
3795	86	1013.3	273.81	1126.73	330.74	2
3795	88	1163.01	243.23	1222.27	291.15	2
3796	80	812.59	522.5	1018.76	739.97	2
3796	81	718.67	362.53	849.05	501.1	2
3796	82	1466.98	254.6	1556.29	305.13	2
3796	83	1768.93	312.84	1985.38	574.39	2
3796	84	763.65	309.26	890	395.39	2
3796	85	1661.2	278.87	1828.14	348.13	2
3796	86	997.56	276.36	1114.8	333.56	2
3796	88	1160.48	244.06	1221.14	291.54	2
3797	80	814.52	534.29	1027.68	757.62	2
3797	81	717.43	368.41	852.43	511.44	2
3797	82	1457.31	252.06	1545.2	302.79	2
3797	83	1774.58	308.63	1992.13	565.28	2
3797	84	757.06	312.36	882.39	399.36	2
3797	85	1642.06	277.8	1806.05	347.01	2
3797	86	978.85	279.25	1099.44	336.53	2
3797	88	1156.32	245.65	1218.8	292.29	2
3798	80	815.83	543.18	1033.52	773.78	2
3798	81	717.66	372.55	855.06	518.53	2
3798	82	1451.45	251.2	1536.86	300.03	2
3798	83	1779.22	305.86	1993.25	559.51	2
3798	84	753.6	314.78	877.9	402.08	2
3798	85	1629.54	276.14	1791.81	345.97	2
3798	86	965.37	280.96	1087.82	339.56	2
3798	88	1153.48	246.21	1217.27	293.85	2
3799	80	816.24	554.1	1042	793.79	2
3799	81	715.89	378.56	857.42	528.79	2
3799	82	1443.61	251	1526.82	296.43	2
3799	83	1785.51	302.94	1996.94	551.61	2
3799	84	749.97	318.25	872.57	405.63	2
3799	85	1612.8	274.24	1773.14	344.3	2
3799	86	947.55	282.86	1073.21	342.59	2
3799	88	1149.86	247.05	1214.78	295.05	2
3800	80	816.97	562.62	1048.31	810.83	2
3800	81	715.27	383.36	859.63	535.81	2
3800	82	1437.73	250.37	1519.55	294.56	2
3800	83	1790.38	300.65	1999.58	546.96	2
3800	84	748.26	320.16	869.58	410.16	2
3800	85	1599.84	272.92	1758.84	342.39	2
3800	86	934.49	284.18	1061.32	345.63	2
3800	88	1147.23	247.99	1213.2	295.46	2
3801	80	817.81	574.01	1056.32	838.15	2
3801	81	713.81	388.97	862.44	546.04	2
3801	82	1431.2	250.21	1509.86	291.96	2
3801	83	1798.07	297.91	1995.81	539.46	2
3801	84	746.57	324.06	864.77	414.38	2
3801	85	1584.27	271.16	1740.15	339.73	2
3801	86	916.86	285.93	1044.69	349.31	2
3801	88	1143.06	248.98	1210.69	297.54	2
3802	80	818.07	581.45	1062.44	859.9	2
3802	81	712.65	393.6	864.81	553.66	2
3802	82	1425.8	248.87	1503.4	290.46	2
3802	83	1803.46	297.03	1994.97	532.94	2
3802	84	746.24	326.14	862.64	416.55	2
3802	85	1573.09	270.55	1726.53	337.45	2
3802	86	903.27	287.2	1033.34	351.3	2
3802	88	1140.22	249.32	1209.12	298.94	2
3803	80	817.46	593	1071.03	887.69	2
3803	81	710.97	399.78	868.3	566.05	2
3803	82	1419.4	247.09	1494.65	288.66	2
3803	83	1810.67	293.44	1997.34	524.74	2
3803	84	745.68	330.12	860.1	422.5	2
3803	85	1558.15	268.38	1708.07	335.32	2
3803	86	884.82	290.87	1016.98	354.57	2
3803	88	1135.33	250.07	1205.97	300.73	2
3804	80	816.52	602.42	1076.09	909.67	2
3804	81	710.37	404.63	870.93	575.78	2
3804	82	1415.38	245.83	1489.18	287.43	2
3804	83	1815.81	291.57	1998.84	520	2
3804	84	744.34	332.86	859.43	425.96	2
3804	85	1547.2	265.64	1694.54	333.26	2
3804	86	872.24	292.89	1005.12	357.7	2
3804	88	1131.58	250.32	1204.15	301.38	2
3805	80	815.45	617.9	1085.53	941.93	2
3805	81	709.55	411.51	873.86	587.67	2
3805	82	1408.79	245.43	1480.78	285.72	2
3805	83	1823.59	288.97	2000.01	514.49	2
3805	84	744.01	336.44	860.71	435	2
3805	85	1533.67	262.69	1676.77	330.56	2
3805	86	854.82	294.9	988.55	360.76	2
3805	88	1126.35	251.04	1200.92	303.53	2
3806	80	813.72	630.75	1091.58	967.52	2
3806	81	708.65	416.64	876.91	595.29	2
3806	82	1406.03	244.68	1475.4	284.53	2
3806	83	1828.24	286.78	2001.75	509.36	2
3806	84	743.37	338.38	861.37	442.83	2
3806	85	1523.92	260.97	1664.87	328.28	2
3806	86	843.34	296.91	976.02	363.15	2
3806	88	1122.48	251.94	1197.78	304.32	2
3807	80	810.44	650.13	1100.75	1006.22	2
3807	81	707.7	422.99	880.63	609.56	2
3807	82	1401.24	243.11	1467.7	282.82	2
3807	83	1834.47	284.06	2000.97	503.03	2
3807	84	743.93	342.89	864.43	446.43	2
3807	85	1511.46	258.41	1648.35	326.16	2
3807	86	829.61	299.57	960.48	365.92	2
3807	88	1117.19	254.22	1194.68	305.87	2
3808	80	808.49	664.49	1107.33	1038.07	2
3808	81	707.38	428.53	883.32	619.35	2
3808	82	1398.46	242.59	1462.58	281.61	2
3808	83	1839.23	281.82	2000.62	497.59	2
3808	84	745.57	345.87	867.02	450.25	2
3808	85	1502.08	256.85	1636.22	323.45	2
3808	86	818.29	301.83	948.4	368.2	2
3808	88	1112.67	255.72	1191.61	307.73	2
3809	80	803.87	685.03	1117.35	1083.55	2
3809	81	706.01	435.67	887.54	633.16	2
3809	82	1393.6	241.11	1456.3	279.9	2
3809	83	1845.5	276.39	1997.71	489.79	2
3809	84	746.97	348.87	872.73	460.01	2
3809	85	1491.09	254.34	1620.26	320.51	2
3809	86	803.28	304.59	933.71	370.28	2
3809	88	1105.87	256.9	1186.61	310.35	2
3810	80	800.14	712.33	1126.8	1136.16	2
3810	81	705.52	444.07	892.34	649.79	2
3810	82	1389.36	239.94	1449.58	277.33	2
3810	83	1850.26	275.17	1994.54	482.46	2
3810	84	747.56	353.14	878.19	473.18	2
3810	85	1478.81	252.81	1603.56	318.16	2
3810	86	791.47	307.53	918.05	373.6	2
3810	88	1098.18	258.63	1180.87	312.6	2
3811	80	796.13	732.4	1134.76	1176.72	2
3811	81	704.74	451.04	895.44	662.41	2
3811	82	1385.36	238.89	1445.48	275.79	2
3811	83	1853.06	274.18	1993.41	478.02	2
3811	84	748.5	356.65	881.64	479.52	2
3811	85	1470.85	251.65	1592.77	316.03	2
3811	86	782.92	309.89	907.96	378.05	2
3811	88	1091.45	259.9	1176.78	313.41	2
3812	80	789.47	762.06	1144.66	1236.84	2
3812	81	703.83	459.36	899.15	679.21	2
3812	82	1380.04	237.21	1439.5	273.96	2
3812	83	1855.92	273.25	1995.8	469.9	2
3812	84	750.23	360.5	886.9	485.04	2
3812	85	1462.36	249.29	1578.61	313.31	2
3812	86	774.88	312.02	895.34	379.01	2
3812	88	1083.19	261.66	1170.79	315.63	2
3813	80	783.07	785.45	1152.79	1283.92	2
3813	81	702.23	465.66	902.46	691.87	2
3813	82	1375.61	235.97	1436.27	272.69	2
3813	83	1858.12	272.35	1997.33	464.5	2
3813	84	751.59	363.84	890.88	490.23	2
3813	85	1455.77	247.15	1569.43	311.72	2
3813	86	769.09	314.06	887.82	379.9	2
3813	88	1076.25	262.29	1165.96	317.07	2
3814	80	774.22	822.02	1164.65	1357.17	2
3814	81	700.36	474.33	905.6	709.28	2
3814	82	1346.73	233.55	1431.29	270.95	2
3814	83	1858.04	270.07	1999.24	458.05	2
3814	84	752.81	368.25	895.01	496.57	2
3814	85	1448.4	245.75	1557.15	309.21	2
3814	86	762.7	317.4	878.79	387.42	2
3814	88	1067.91	263.8	1159.68	319.53	2
3815	80	768.87	851.23	1174.8	1413.15	2
3815	81	698.38	482.03	908.67	724.07	2
3815	82	1347.67	232.04	1427.38	269.04	2
3815	83	1854.52	267.98	1999.91	454.62	2
3815	84	753.96	371.16	897.88	503.36	2
3815	85	1442.15	243.98	1548.61	307.02	2
3815	86	758.8	319.24	872.58	392.73	2
3815	88	1061.6	264.99	1154.13	321.07	2
3816	80	757.32	893.84	1190.62	1438.03	2
3816	81	695.73	491.88	913	737.19	2
3816	83	1848.48	265.95	2000.81	446.18	2
3816	84	753.78	374.75	900.91	510.31	2
3816	85	1435.53	242.72	1537.21	304.29	2
3816	86	755.1	323.09	865.37	397.91	2
3816	88	1050.93	267.36	1146.27	323.56	2
3817	80	748.43	929.12	1201.07	1446.32	2
3817	81	694.09	500.05	915.89	749.65	2
3817	83	1842.88	264.63	2000.48	440.65	2
3817	84	754.38	377.98	903.98	516.06	2
3817	85	1430.89	241.66	1529.64	302.7	2
3817	86	753.5	325.82	861.16	406.29	2
3817	88	1043.11	268.88	1139.49	325.1	2
3818	80	732.98	985.27	1215.06	1446.68	2
3818	81	692.22	510.73	919.5	766.33	2
3818	83	1834.15	261.51	2000.33	436.87	2
3818	84	754.63	383	907.72	525.18	2
3818	85	1424.12	239.33	1519.91	300.18	2
3818	86	751.93	328.09	855.99	413.23	2
3818	88	1031.87	270.07	1131.17	327.59	2
3819	80	722.55	1031.41	1227.93	1444.72	2
3819	81	690.25	519.18	922.11	776.31	2
3819	83	1828.87	259.79	2000.26	432.35	2
3819	84	754.74	386.77	910.41	529.83	2
3819	85	1419.35	238.53	1513.54	298.67	2
3819	86	751.04	330.18	853.17	419.05	2
3819	88	1023.84	271.13	1124.23	329.14	2
3820	80	742.31	1109.09	1211.5	1441.11	2
3820	81	685.03	529.98	925.6	796.54	2
3820	83	1828.58	257.38	1996.86	427.61	2
3820	84	755.44	390.06	913.99	539.82	2
3820	85	1414.56	236.96	1504.21	296.19	2
3820	86	749.64	333.47	850.45	425.03	2
3820	88	1011.9	272.14	1114.58	331.62	2
3821	80	752.21	1171.43	1203.31	1438	2
3821	81	680.49	537.79	927.52	811.7	2
3821	83	1828.3	254.96	1993.46	422.86	2
3821	84	756.37	393.17	916.6	545.43	2
3821	85	1411.18	236.45	1497.97	294.68	2
3821	86	748.71	336.61	849.11	429.18	2
3821	88	1002.34	273.79	1107.14	333.81	2
3822	80	761.93	1279.38	1194.07	1439.95	2
3822	81	675.57	547.02	931.38	839.02	2
3822	83	1828.01	252.55	1990.05	418.12	2
3822	84	756.74	397.48	920.15	553.19	2
3822	85	1406.15	236.33	1490.01	292.2	2
3822	86	747.91	339.69	848.9	433.86	2
3822	88	989.18	275.68	1096.04	337.2	2
						
3823	81	671.15	557.4	936.01	872.74	2
3823	83	1791.13	251.76	1982.75	409.88	2
3823	84	757.53	402.9	924.03	561.79	2
3823	85	1401.22	235.68	1481.43	290.03	2
3823	86	746.46	344.01	849.72	441.32	2
3823	88	974	278.31	1083.53	340.38	2
3824	81	667.57	564.48	940.29	899.56	2
3824	83	1774.03	249.52	1976.67	407.17	2
3824	84	757.19	406.19	926.76	568.15	2
3824	85	1398.41	234.82	1475.39	288.65	2
3824	86	744.74	346.9	850.86	446.65	2
3824	88	963.21	279.92	1074.37	342.83	2
3825	81	660.5	576.5	944.43	937.49	2
3825	83	1752.57	246.79	1969.17	400.28	2
3825	84	757.71	410.57	929.68	578.78	2
3825	85	1392.85	233.88	1468.15	286.2	2
3825	86	744.89	350.51	852.77	451.79	2
3825	88	948.33	281.8	1061.34	345.65	2
3826	81	655.26	586.73	947.24	965.99	2
3826	83	1743.55	245.93	1962.47	396.58	2
3826	84	758.56	413.45	932.02	587.83	2
3826	85	1390.45	233.59	1463.22	285.39	2
3826	86	745.09	353.11	854.97	456.21	2
3826	88	937.04	283.11	1052	347.96	2
3827	81	644.99	603.78	950.79	1003.27	2
3827	83	1729.94	245.74	1950.27	392.71	2
3827	84	758.88	418.3	935.44	599.47	2
3827	85	1387.79	232.17	1456.35	283.83	2
3827	86	745.29	356.61	857.24	462.92	2
3827	88	921.35	284.87	1038.3	351.37	2
3827	90	1197	176	1249	250	2
3828	81	638.51	617.28	953.37	1035.24	2
3828	83	1721.63	239.02	1941.73	388.1	2
3828	84	759.01	420.73	937.97	605.74	2
3828	85	1385.74	231.7	1452.27	282.66	2
3828	86	745.46	359.81	858.86	466.67	2
3828	88	910.43	286.14	1028.72	353.91	2
3828	90	1197	176	1249	250	2
3829	81	627.15	636.88	958.74	1083.88	2
3829	83	1704.41	240.67	1927.53	383.22	2
3829	84	760.35	425.4	941.46	614.99	2
3829	85	1377.58	230.89	1447	280.96	2
3829	86	745.63	364.19	861.53	472.47	2
3829	88	894.24	289.17	1014.94	357.4	2
3829	90	1196.23	176	1249.77	251.54	2
3830	81	621.54	651.33	962.67	1122.72	2
3830	83	1688.98	236.03	1918.33	374.84	2
3830	84	760.86	428.39	944.66	619.01	2
3830	85	1372.16	229.29	1443.29	279.73	2
3830	86	745.12	366.43	862.6	477.14	2
3830	88	882.51	291.59	1004.72	359.96	2
3830	90	1191.37	173.69	1251.56	255.14	2
3831	81	611.19	673.13	967.93	1178.37	2
3831	83	1674.91	235.14	1901.42	372.67	2
3831	84	761.7	433.3	949.06	627.4	2
3831	85	1367.68	228.07	1438.85	277.34	2
3831	86	745.65	369.78	863.72	482.66	2
3831	88	866.68	293.76	990.06	364.11	2
3831	90	1193.98	175.09	1250.74	255.56	2
3832	81	604.08	689.72	971.81	1220.63	2
3832	83	1663.9	236.26	1890.44	368.69	2
3832	84	762.66	437.02	952.6	631.06	2
3832	85	1360.87	226.32	1435.48	275.85	2
3832	86	745.93	372.27	864.86	486.57	2
3832	88	855.76	295.19	979.52	366.92	2
3832	90	1194.5	175.67	1250.32	256.28	2
3833	81	589.99	715.48	977.69	1280.71	2
3833	83	1645.66	226.58	1874.07	361.32	2
3833	84	763.02	441.57	957.12	643.88	2
3833	86	746.1	375.72	867.29	493.09	2
3833	88	840.89	297.62	966.04	371.15	2
3833	90	1194	175.89	1250.17	257.86	2
3834	81	578.91	737.37	982.43	1328.43	2
3834	83	1633.15	223.19	1863.49	358.81	2
3834	84	763.14	445.14	960.71	651.17	2
3834	86	745.56	378.25	867.58	496.75	2
3834	88	830.38	299.8	955.35	374.64	2
3834	90	1193.85	176.65	1250.1	259.06	2
3834	92	2147	1362	2510	1439	2
3835	81	562.65	770.26	988.63	1397.53	2
3835	83	1620.9	220.71	1844.06	356.74	2
3835	84	763.18	450.91	965.23	658.26	2
3835	86	746.71	381.72	870.98	503.17	2
3835	88	815.67	302.52	941.81	378.48	2
3835	90	1192.45	176.93	1250.07	260.79	2
3835	92	2040	1241	2556	1435	2
3836	81	541.91	810.54	996.66	1432.54	2
3836	83	1607.41	217.24	1825.67	356.81	2
3836	84	765.12	456.26	970.75	673.05	2
3836	86	746.54	384.9	874.24	508.72	2
3836	88	800.66	306.1	926.55	383.75	2
3836	90	1191.95	176.36	1250.06	262.72	2
3836	92	1995.2	1163.4	2558.4	1433.4	2
3837	81	529.44	840.43	1000.38	1444.61	2
3837	83	1594.13	219.33	1814.49	350.37	2
3837	84	766.51	461.41	974.72	682.38	2
3837	86	747.15	387.32	876.14	512.64	2
3837	88	790.78	308.71	916.52	386.98	2
3837	90	1191.79	176.8	1250.04	264.06	2
3837	92	1972.58	1119	2558.85	1431.75	2
3838	81	507.02	880.69	1002.36	1448.54	2
3838	83	1576.37	216.28	1798.14	347.45	2
3838	84	767.68	467.8	980.67	694.11	2
3838	86	747.43	390.1	878.16	517.86	2
3838	88	778.28	311.6	903.91	392.01	2
3838	90	1190.43	177.63	1250.04	265.83	2
3838	92	1935.87	1037.6	2540.23	1436.49	2
3839	81	491.44	913.31	1004.93	1447.76	2
3839	83	1560.18	219.26	1783.11	343.84	2
3839	84	768.76	472.72	984.79	699.69	2
3839	86	747.56	392.37	879.57	521.66	2
3839	88	769.38	313.29	894.93	395.14	2
3839	90	1189.93	178.59	1250.03	267.1	2
3839	92	1917.52	992.62	2501.23	1434.04	2
3840	81	466.56	966.2	1014.03	1446.15	2
3840	83	1547.25	215.76	1764	342.02	2
3840	84	769.15	480.3	990.79	713.2	2
3840	86	747.63	396.38	881.4	528.78	2
3840	88	759.87	316.45	884.04	398.82	2
3840	90	1189.11	178.96	1250.69	268.85	2
3840	92	1890.11	933.6	2432.33	1431.61	2
3841	81	471.96	1010.18	1021.29	1443.81	2
3841	83	1536.03	212.63	1749.74	337.45	2
3841	84	769.93	486.31	994.92	723.3	2
3841	86	747.68	398.48	882.07	532.67	2
3841	88	752.77	318.9	877.04	404.67	2
3841	90	1188.16	179.74	1250.28	270.11	2
3841	92	1874.07	893.54	2384.47	1413.38	2
3842	81	480.45	1083.95	1007.47	1441.01	2
3842	83	1524.82	209.49	1735.48	332.88	2
3842	84	770.85	494.29	1001.56	737.9	2
3842	86	748.38	402.43	884.26	539.82	2
3842	88	745.23	322.99	867.53	411.32	2
3842	90	1187.17	180.68	1250.12	271.85	2
3842	92	1855.44	847.22	2328.31	1339.95	2
3843	81	484.35	1144.49	999.77	1438.1	2
3843	83	1513.6	206.36	1721.22	328.31	2
3843	84	771.84	499.81	1006.58	745.21	2
3843	86	748.66	405.15	885.72	543.71	2
3843	88	740.85	325.8	861.72	415.73	2
3843	90	1186.16	181.69	1250.71	273.12	2
3843	92	1844.58	816.81	2294.72	1279.18	2
3844	81	495.28	1249.35	991.52	1439.01	2
3844	83	1502.39	203.23	1706.96	323.74	2
3844	84	772.19	508.89	1014.2	754.82	2
3844	86	748.78	409.34	887.55	548.27	2
3844	88	734.31	330.03	854.63	423.11	2
3844	90	1184.5	183.37	1251.58	274.86	2
3844	92	1832.58	781.23	2250.97	1206.39	2
3845	81	503.76	1329.49	968.4	1439.67	2
3845	83	1493.66	204.25	1698.18	324.97	2
3845	84	772.31	516.11	1019.59	769.9	2
3845	86	748.18	412.15	889.52	553.75	2
3845	88	730.9	332.24	849.69	427.14	2
3845	90	1183.88	183.99	1251.27	276.12	2
3845	92	1824.54	756.31	2222.45	1157.75	2
3846	83	1482.7	205.9	1679.15	324.68	2
3846	84	772.33	525.81	1026.68	786.37	2
3846	86	748.61	415.72	892.19	559.58	2
3846	88	727.35	334.95	844.23	433.72	2
3846	90	1182.37	184.2	1251.14	277.86	2
3846	92	1817.64	722.48	2189.7	1101.59	2
3847	83	1477.84	209.29	1667.95	318.67	2
3847	84	772.32	532.62	1033.15	803.4	2
3847	86	748.79	418.94	894.48	561.66	2
3847	88	724.39	337.2	840.56	437.43	2
3847	90	1181.82	184.92	1250.44	278.47	2
3847	92	1813.28	700.94	2169.16	1064.31	2
3848	83	1467.73	207.95	1653.59	320.71	2
3848	84	772.3	542.77	1041.94	830.84	2
3848	86	748.86	423.33	895.96	568.79	2
3848	88	721.59	339.92	836.19	443.87	2
3848	90	1180.34	185.83	1250.16	280.61	2
3848	92	1806.73	677.73	2142.51	1028.85	2
3849	83	1457.04	204.18	1640.1	318.77	2
3849	84	772.28	552.92	1052.9	861.54	2
3849	86	748.9	428.15	898.44	577.2	2
3849	88	719.53	344.74	832.21	449.44	2
3849	90	1179.15	186.81	1249.4	282.03	2
3849	92	1800.87	654.5	2117.36	979.12	2
3850	83	1450.87	200.83	1627.61	312.17	2
3850	84	771.61	560.55	1060.21	882.83	2
3850	86	748.27	431.85	899.99	583.51	2
3850	88	717.71	347.84	830.38	453.4	2
3850	90	1178.07	187.16	1249.11	283.18	2
3850	92	1797.31	639.7	2103.37	947.41	2
3851	83	1440.94	201.66	1616.17	312.47	2
3851	84	768.78	572.86	1068.65	919.36	2
3851	86	748.03	435.75	903.78	590.3	2
3851	88	715.94	351.53	827.95	458.65	2
3851	90	1173.79	184.65	1252.91	285.52	2
3851	92	1793.7	619.95	2084.35	914.87	2
3852	83	1435.7	203.37	1604.42	315.35	2
3852	84	767.02	583.84	1075.61	948.48	2
3852	86	748.59	439.08	905.83	595.32	2
3852	88	715.51	354.15	827.3	463.11	2
3852	90	1174.07	186.27	1250.57	277.37	2
3852	92	1791.52	605.3	2073.61	890.34	2
3853	83	1427.46	202.06	1591.19	307.87	2
3853	84	763.13	603.1	1087.09	993.63	2
3853	86	748.17	444.14	908.52	604.21	2
3853	88	714.89	357.66	827.96	468.56	2
3853	90	1172.32	187.58	1248.91	273.9	2
3853	92	1789	589.6	2059.07	861.71	2
3854	83	1419.43	204.35	1581.52	306.48	2
3854	84	759.72	618.1	1095.22	1033.06	2
3854	86	748.66	447.92	910.78	610.68	2
3854	88	716.8	357.62	829.04	476.98	2
3854	90	1169.67	188.23	1248.47	279.93	2
3854	92	1788.48	579.76	2050.29	840.62	2
3855	83	1416.88	204.54	1573.09	304.72	2
3855	84	753.28	642.63	1108.4	1095.24	2
3855	86	748.85	453.14	914.19	620.11	2
3855	88	715.05	363.9	830.98	482.66	2
3855	90	1167.02	188.88	1248.03	285.96	2
3855	92	1787.87	567.69	2034.9	816.58	2
3856	83	1410.94	199.9	1566.53	299.43	2
3856	84	748.88	661.56	1118.46	1140.76	2
3856	86	748.93	457.62	916.74	626.14	2
3856	88	714.49	367.6	832.45	487.93	2
3856	90	1164.03	189.09	1247.12	289.16	2
3856	92	1787.96	559.63	2023.59	804.69	2
3857	83	1406.38	196.22	1557.13	297.6	2
3857	84	740.2	691.4	1133.63	1215.89	2
3857	86	749.61	463.11	919.59	636.68	2
3857	88	714.41	371.52	835.1	495.61	2
3857	90	1162.3	190.45	1246.15	291.64	2
3857	92	1787.49	549.29	2011.44	785.05	2
3858	83	1401.01	192.25	1551.5	296.34	2
3858	84	732.41	715.49	1146.35	1279.43	2
3858	86	749.87	467.69	921.92	643.77	2
3858	88	714.48	374.23	837.51	499.71	2
3858	90	1160.38	190.97	1245.8	293.19	2
3858	92	1787.52	542.38	2005.34	767.57	2
3859	83	1399.33	193.45	1545.12	295.3	2
3859	84	718.65	756.52	1161.9	1372	2
3859	86	749.97	473.21	925.34	654.05	2
3859	88	715.9	378.41	841.12	505.64	2
3859	90	1155.79	191.8	1245.04	295.02	2
3859	92	1787.66	531.73	1996.92	750.1	2
3860	83	1399.07	191.34	1538.51	295.03	2
3860	84	706.37	791.96	1175.39	1422.49	2
3860	86	750.66	477.79	927.88	661.04	2
3860	88	716.54	381.21	843.87	509.05	2
3860	90	1152.78	192.76	1244.77	296.31	2
3860	92	1788.55	523.82	1991.24	738.77	2
3861	83	1393.11	189.94	1529.73	296.3	2
3861	84	687.74	844.95	1193.7	1442.66	2
3861	86	750.92	484.6	932.02	672.56	2
3861	88	718.15	384.78	847.57	513.42	2
3861	90	1149.09	193.1	1244.69	298.04	2
3861	92	1789.66	512	1983.6	723.3	2
3862	83	1387.8	187.49	1520.14	291.61	2
3862	84	661.13	913.03	1208.91	1448.18	2
3862	86	751.02	491.61	936.78	684.52	2
3862	88	720.14	388.64	851.62	518.82	2
3862	90	1145.14	193.87	1244.03	299.94	2
3862	92	1791.54	503.57	1976.68	707.71	2
3863	83	1379.3	185.96	1514.36	289.21	2
3863	84	639.95	969.35	1224.72	1448.84	2
3863	86	751.05	496.76	939.83	694.08	2
3863	88	720.95	390.67	855.14	522.67	2
3863	90	1141.74	194.15	1243.15	301.26	2
3863	92	1792.26	498.45	1972.06	696.9	2
3864	83	1379.78	188.11	1504.49	291.05	2
3864	84	665.57	1064.77	1203.61	1446.76	2
3864	86	751.06	503.77	944.8	705.91	2
3864	88	722.6	393.93	859.08	531.12	2
3864	90	1136.62	194.23	1243.47	303.01	2
3864	92	1793.94	490.3	1968.14	682.9	2
3865	84	673.14	1146.37	1197.71	1442.28	2
3865	86	752.35	508.91	947.92	714.12	2
3865	88	723.91	395.74	863.18	535.52	2
3865	90	1132.79	194.9	1241.7	304.27	2
3865	92	1793.16	483.1	1965.14	672.54	2
3866	84	691.73	1298.59	1176.4	1443.21	2
3866	86	752.85	517.19	952.91	726.05	2
3866	88	725.09	398.92	866.68	542.2	2
3866	90	1128.15	195.14	1237.81	305.99	2
3866	92	1797.05	475.51	1962.38	659.29	2
3867	86	753.03	522.82	956.68	735.57	2
3867	88	726.21	401.98	871.24	546.56	2
3867	90	1123.2	195.21	1235.67	307.24	2
3867	92	1799.14	469.85	1961.13	649.82	2
3868	86	753.1	530.64	961.26	748	2
3868	88	728.59	405.01	875.54	552.59	2
3868	90	1117.52	194.57	1232.94	309.62	2
3868	92	1801.94	461.4	1960.29	635.47	2
3869	86	753.11	536.07	965.52	755.76	2
3869	88	730.17	407.37	879.09	556.69	2
3869	90	1113.47	194.32	1231.27	311.77	2
3869	92	1803.59	456.07	1960.28	626.91	2
3870	86	753.76	544.46	970.93	773.34	2
3870	88	732.73	410.77	883.64	561.97	2
3870	90	1106.85	193.56	1228.73	313.19	2
3870	92	1806.2	449.08	1960.5	614.88	2
3871	86	754	550.74	975.49	781.14	2
3871	88	734.35	413.27	886.62	566.42	2
3871	90	1101.17	194.55	1227.13	314.33	2
3871	92	1808.46	443.54	1961.47	606.42	2
3872	86	753.44	560.1	981.01	798.04	2
3872	88	735.62	417.38	890.94	571.85	2
3872	90	1094.59	196.23	1223.99	316	2
3872	92	1811.95	435.76	1963.35	595.75	2
3873	86	753.86	566.11	986.26	810.06	2
3873	88	736.73	420.16	893.82	573.76	2
3873	90	1088.92	196.87	1221.52	317.24	2
3873	92	1814.52	429.89	1964.17	585.65	2
3874	86	754.66	575.32	993.97	831.77	2
3874	88	739.09	423.73	898.09	580.18	2
3874	90	1081.7	199.06	1218.04	318.96	2
3874	92	1818.77	423.36	1965.27	575.06	2
3875	86	755.61	585.74	1002.62	856.48	2
3875	88	741.27	427.59	902.89	585.72	2
3875	90	1072.61	199.22	1213.53	320.86	2
3875	92	1823.64	416.56	1967.13	562.91	2
3876	86	755.33	593.47	1008.42	874.77	2
3876	88	742.73	430.92	906.59	589.62	2
3876	90	1065.35	199.27	1211.18	322.84	2
3876	92	1827.36	411.04	1968.57	554.99	2
3876	93	1205	222	1243	267	2
3877	86	755.21	605.22	1016.31	902.6	2
3877	88	744.56	434.69	909.87	593.55	2
3877	90	1054.36	199.27	1207.13	324.84	2
3877	92	1832.68	404.59	1970.51	541.71	2
3877	93	1201.8	222.8	1243	268.6	2
3878	86	753.88	614.72	1022.44	922.69	2
3878	88	745.88	437.33	914.27	598.79	2
3878	90	1048.28	199.25	1204.33	326.2	2
3878	92	1835.86	400.57	1972.62	534.76	2
3878	93	1199.7	222.95	1242.25	269.67	2
3879	86	752.7	630.32	1031.09	953.07	2
3879	88	747.65	441.48	919.11	609.75	2
3879	90	1038.39	203.14	1200.1	327.96	2
3879	92	1840.96	395.99	1974.76	527.27	2
3879	93	1194.41	224.54	1241.22	270.81	2
3880	86	752.24	643.23	1038.14	977.3	2
3880	88	749.59	444.27	922.81	615.74	2
3880	90	1030.87	205.28	1196.6	329.89	2
3880	92	1845.4	391.9	1976.24	521.64	2
3880	93	1190.56	225.05	1240.89	272.64	2
3881	86	750.14	662.06	1049.05	1018.13	2
3881	88	752.25	449.12	928.02	623.05	2
3881	90	1020.43	206.72	1190.82	331.87	2
3881	92	1850.28	386.6	1977.46	512.55	2
3881	93	1186.54	225.9	1240.12	273.91	2
3882	86	748.05	676.18	1057.61	1049.52	2
3882	88	754.52	452.83	931.2	628.92	2
3882	90	1012.05	206.57	1186.72	333.21	2
3882	92	1853.94	382.91	1977.9	506.98	2
3882	93	1184.47	226.17	1239.19	275.01	2
3883	86	745.32	697.93	1069.08	1100.57	2
3883	88	756.65	457.39	936.21	635.53	2
3883	90	1000.66	206.49	1180.08	335.63	2
3883	92	1857.84	376.37	1978.05	498.56	2
3883	93	1181.84	226.92	1238.85	276.72	2
3883	94	1209	208	1247	240	2
3884	86	743.63	715.71	1079.12	1141.61	2
3884	88	758.07	460.97	940.61	643.08	2
3884	90	991.92	206.43	1175.66	337.8	2
3884	92	1860.46	371.53	1977.41	493.86	2
3884	93	1180.28	227.85	1238.09	277.98	2
3884	94	1210.6	208	1247.8	240	2
3885	86	740.43	743.22	1095.6	1204.46	2
3885	88	759.21	465.48	945.42	650.97	2
3885	90	979.12	207.68	1168.26	339.87	2
3885	92	1863.98	368.64	1975.12	483.05	2
3885	93	1178.49	229.51	1236.52	279.74	2
3885	94	1211.69	208.77	1247.96	241.54	2
3886	86	737.93	765.16	1106.95	1254.55	2
3886	88	760.9	469.04	949.74	657.7	2
3886	90	969.86	208.79	1162.27	341.9	2
3886	92	1865.76	365.85	1974.28	478.19	2
3886	93	1177.26	230.1	1235.93	281.01	2
3886	94	1211.25	209.8	1248.01	242.83	2
3887	86	731.26	802.37	1125.8	1332.68	2
3887	88	764.09	474.18	955.82	666.57	2
3887	90	956.86	209.19	1152.34	343.92	2
3887	92	1864.88	361.63	1970.57	469.25	2
3887	93	1175.58	230.96	1235.73	282.1	2
3887	94	1209.6	210.11	1248.02	244.68	2
3888	86	722.39	849.19	1149.34	1406.17	2
3888	88	767.87	481.22	963.22	680.14	2
3888	90	942.39	209.97	1142.81	346.58	2
3888	92	1861.69	355.53	1966.51	461.62	2
3888	93	1173.07	232.57	1233.73	284.45	2
3888	94	1207.63	210.89	1248.02	245.97	2
3889	86	717.01	884.76	1167.27	1435.31	2
3889	88	769.91	485.75	968.53	689.04	2
3889	90	931.25	210.24	1136.03	348.84	2
3889	92	1859.1	352.19	1964.42	455.14	2
3889	93	1171.54	233.16	1232.98	285.29	2
3889	94	1206.95	211.15	1248.7	247.06	2
3890	86	707.38	936.83	1185.51	1445.59	2
3890	88	773.23	493.18	976.26	700	2
3890	90	918.2	210.97	1127.76	351.59	2
3890	92	1854.73	347.8	1961.01	447.7	2
3890	93	1169.73	234	1232.07	286.87	2
3890	94	1206.06	211.89	1248.95	248.09	2
3891	86	699.82	978.99	1201.3	1447	2
3891	88	775.1	499.8	982.33	710.47	2
3891	90	908.26	211.23	1120.85	353.88	2
3891	92	1850.41	344.38	1957.8	444.02	2
3891	93	1167.82	234.95	1231.09	288.08	2
3891	94	1205.75	212.82	1249.04	249.08	2
3892	86	715.64	1048.91	1195.44	1446.01	2
3892	88	778.33	506.1	989.69	723.31	2
3892	90	895.69	211.3	1112.53	356.64	2
3892	92	1843.45	339.93	1952	437.55	2
3892	93	1164.57	235.28	1230.1	289.8	2
3892	94	1205.01	213.81	1249.07	249.41	2
3893	86	724.3	1107.84	1191.67	1442.58	2
3893	88	780.81	510.96	994.95	732.54	2
3893	90	885.32	211.96	1105.62	358.28	2
3893	92	1837.55	336.47	1947.92	432.8	2
3893	93	1162.73	236.03	1229.09	291.07	2
3893	94	1205.41	214.16	1249.07	250.15	2
3894	86	730.29	1209.57	1186.62	1441.1	2
3894	88	783	521.08	1003.29	747.45	2
3894	90	871.29	212.84	1097.32	360.79	2
3894	92	1828.11	333.37	1940.53	426.63	2
3894	93	1160.16	236.94	1227.44	292.15	2
3894	94	1204.94	214.93	1249.07	252.37	2
3895	86	737.19	1292.5	1178.45	1438.96	2
3895	88	785.06	529.36	1008.92	757.48	2
3895	90	861.02	213.81	1088.5	362.98	2
3895	92	1821.32	331.08	1934.54	421.97	2
3895	93	1157.95	237.91	1226.18	292.52	2
3895	94	1204.78	215.2	1249.06	252.53	2
3896	88	787.08	540.16	1018.03	777.24	2
3896	90	847.68	214.16	1077.51	366.35	2
3896	92	1810.93	326.34	1925.8	416.49	2
3896	93	1154.59	238.25	1224.43	293.26	2
3896	94	1204.09	216.59	1249.05	254.51	2
3897	88	787.79	547.37	1023.96	792.28	2
3897	90	837.7	214.93	1068.3	368.87	2
3897	92	1803.17	324.79	1919.34	412.73	2
3897	93	1152.07	239.01	1223.14	294.15	2
3897	94	1203.19	217.1	1249.05	255.23	2
3898	88	789.29	557.04	1033.8	815.14	2
3898	90	825.12	215.85	1058.48	371.71	2
3898	92	1791.83	321	1909.15	406.2	2
3898	93	1149.23	239.92	1221.38	295.11	2
3898	94	1202.21	218.58	1249.7	257.42	2
3899	88	789.17	565.11	1038.09	832.04	2
3899	90	815.45	216.83	1049.76	373.37	2
3899	92	1783.07	318.44	1900.84	402.07	2
3899	93	1146.92	240.24	1220.09	295.42	2
3899	94	1201.85	219.12	1249.94	258.22	2
3900	88	789.69	575.73	1045.98	863.22	2
3900	90	803	217.84	1040.8	376.53	2
3900	92	1769.41	313.58	1888.66	396.74	2
3900	93	1143.52	240.99	1218.33	296.82	2
3900	94	1200.44	219.95	1249.38	259.79	2
3901	88	788.56	587.92	1053.36	895.87	2
3901	90	790.13	218.85	1028.52	379.62	2
3901	92	1754.6	309.94	1874.4	390.3	2
3901	93	1139.71	241.91	1215.75	298.62	2
3901	94	1199.91	221.54	1249.16	261.65	2
3902	88	787.42	598.26	1059.89	921.12	2
3902	90	781.01	219.86	1020.8	382.02	2
3902	92	1743.93	306.74	1863.94	386.18	2
3902	93	1137.02	241.58	1214.15	299.93	2
3902	94	1199.09	222.13	1249.07	262.98	2
3903	88	785.01	616.65	1069.93	964.15	2
3903	90	770.07	220.88	1009.65	386.12	2
3903	92	1729.62	302.34	1849.7	381.52	2
3903	93	1133.48	242.08	1211.63	301.04	2
3903	94	1198.79	222.98	1248.39	264.74	2
3904	88	782.77	633.15	1076.22	997.73	2
3904	90	763.02	220.59	1001.75	388.25	2
3904	92	1718.54	299.53	1838.65	377.34	2
3904	93	1130.91	242.25	1210.7	302.07	2
3904	94	1198.05	223.28	1248.12	266.03	2
3905	88	777.38	653.99	1084.87	1043.99	2
3905	90	753.52	221.1	991.18	391.59	2
3905	92	1702.8	295.28	1823.56	371.32	2
3905	93	1126.77	242.94	1207.8	303.73	2
3905	94	1197.79	224.66	1248.02	267.77	2
3906	88	772.71	672.07	1092.52	1081.96	2
3906	90	747.67	220.62	983.53	394.73	2
3906	92	1691.24	292.53	1812.24	367.99	2
3906	93	1123.32	243.19	1206.08	304.98	2
3906	94	1197.06	225.82	1247.98	269.05	2
3907	88	767.69	698.49	1102.96	1144.24	2
3907	90	740.58	222.36	974.37	399.09	2
3907	92	1675.35	288.98	1795.77	362.26	2
3907	93	1119.5	244.56	1202.89	306.72	2
3907	94	1195.5	226.89	1247.97	270.14	2
3908	88	762.55	718.73	1108.79	1190.92	2
3908	90	734.98	222.37	967.27	401.98	2
3908	92	1664.41	287.16	1783.95	359.04	2
3908	93	1116.17	245.72	1201.05	307.99	2
3908	94	1194.92	227.26	1247.32	271.17	2
3909	88	753.54	752.15	1120.4	1262.74	2
3909	90	729.27	224.29	958.3	406.24	2
3909	92	1648.77	285.29	1767.97	354.02	2
3909	93	1111.75	247.45	1198.46	309.74	2
3909	94	1194.07	228.68	1246.42	272.81	2
3910	88	744.99	780.8	1128.58	1322.6	2
3910	90	725.5	225.01	951.28	409.73	2
3910	92	1636.66	283.4	1755.73	351.75	2
3910	93	1107.56	248.09	1195.58	310.36	2
3910	94	1193.78	229.2	1246.08	274.05	2
3911	88	732.15	823.77	1144.24	1400.83	2
3911	90	721.77	225.91	942.34	414.22	2
3911	92	1620.61	280.12	1738.31	347.71	2
3911	93	1102.16	248.95	1191.93	311.86	2
3911	94	1191.07	230.02	1245.3	275.13	2
3912	88	721.5	858.17	1152.15	1431.69	2
3912	90	718.73	226.24	936	417.14	2
3912	92	1608.37	279.05	1726.21	345.08	2
3912	93	1098.89	249.26	1189.29	313.05	2
3912	94	1189.41	230.95	1244.36	276.15	2
3913	88	703.45	911.63	1163.26	1444.63	2
3913	90	716.56	227.63	927.29	420.75	2
3913	92	1592.29	276.08	1708.87	341.6	2
3913	93	1093.85	250	1185.75	314.76	2
3913	94	1187.51	231.93	1242.71	277.8	2
3914	88	681.37	981.34	1179.35	1447.76	2
3914	90	716.08	228.14	917.69	424.63	2
3914	92	1575.41	273.08	1689.52	337.13	2
3914	93	1087.49	250.91	1181.22	316.68	2
3914	94	1184.85	232.93	1242.08	279.69	2
3915	88	663.31	1034.73	1191.84	1446.73	2
3915	90	716.22	228.32	911.83	427.32	2
3915	92	1564.93	271.43	1676.79	335	2
3915	93	1083.21	251.23	1178.25	317.36	2
3915	94	1183.22	233.93	1241.21	281.02	2
3916	88	692.84	1123.46	1171.77	1444.77	2
3916	90	718.54	229	904.61	430.84	2
3916	92	1550.84	268.92	1659.88	331.01	2
3916	93	1075.86	253.29	1173.95	318.88	2
3916	94	1181.34	234.94	1240.24	282.79	2
3917	88	703.32	1199.44	1164.46	1440.4	2
3917	90	721.02	229.25	899.65	433.38	2
3917	92	1540.77	267.43	1647.45	329.04	2
3917	93	1071.22	254.05	1169.79	320.07	2
3917	94	1179.36	235.29	1239.24	284.07	2
3918	88	713.87	1329.24	1139.87	1442.4	2
3918	90	725.51	230.61	892.03	438.14	2
3918	92	1528.16	264.3	1631.32	325.78	2
3918	93	1063.73	255.62	1164.38	322.44	2
3918	94	1176.04	236.7	1237.57	285.16	2
3919	90	729.4	231.12	887.64	441.17	2
3919	92	1517.3	261.23	1620.57	323.38	2
3919	93	1058.4	256.84	1160.45	323.3	2
3919	94	1173.52	237.21	1236.3	286.84	2
3920	90	730.83	232.59	881.56	446.11	2
3920	92	1505.05	258.19	1606.4	319.95	2
3920	93	1050.02	257.93	1155.15	324.88	2
3920	94	1170.66	238.67	1233.9	288.08	2
3921	90	733.48	234.43	879.78	449.85	2
3921	92	1498.36	256.5	1596.35	316.82	2
3921	93	1043.06	258.96	1150.62	326.09	2
3921	94	1167.66	239.21	1232.34	289.16	2
3922	90	737.91	237.06	886.39	454.42	2
3922	92	1487.64	253.97	1582.42	313.79	2
3922	93	1035.37	260.63	1143.82	327.81	2
3922	94	1163.97	240.03	1230.48	290.83	2
3923	90	742.17	237.39	893.6	458.01	2
3923	92	1480.17	252.47	1573.17	310.8	2
3923	93	1027.38	261.89	1138.71	329.07	2
3923	94	1161.32	240.97	1229.15	291.42	2
3924	90	745.72	236.83	907.12	462.51	2
3924	92	1469.77	250.01	1560.84	307.14	2
3924	93	1017.37	262.99	1131.69	331.47	2
3924	94	1155.84	241.95	1226.08	292.25	2
3925	90	745.68	236.58	916.02	464.77	2
3925	92	1463.06	248.53	1552.15	305.27	2
3925	93	1009.81	264.02	1126.52	332.99	2
3925	94	1152.5	242.95	1223.64	293.17	2
3926	90	744.33	237.11	935.68	470.06	2
3926	92	1454.29	246.74	1540.69	302.02	2
3926	93	998.04	265.03	1119.49	335.48	2
3926	94	1148.05	243.95	1220.15	294.79	2
3927	90	742.55	238.58	957.58	473.92	2
3927	92	1445.43	244.15	1528.9	297.58	2
3927	93	985.98	266.68	1108.57	338.33	2
3927	94	1142.53	245.61	1216.91	296.02	2
3928	90	741.82	239.13	974.37	476.58	2
3928	92	1439.26	242.63	1521.08	295.43	2
3928	93	976.32	267.93	1101.21	340.02	2
3928	94	1137.91	246.21	1214.41	297.09	2
3929	90	742.12	240.61	997.94	479.42	2
3929	92	1431.99	242.17	1511.25	292.75	2
3929	93	963.14	269.02	1090.78	342.57	2
3929	94	1132.35	247.05	1210.29	299.43	2
3930	90	742.85	241.15	1016.57	482.99	2
3930	92	1427.06	241.42	1504.8	290.56	2
3930	93	955.05	270.05	1083.05	343.48	2
3930	94	1127.71	247.35	1207.45	300.92	2
3931	90	745	241.98	1042.63	486.84	2
3931	92	1420.2	240.56	1494.75	288.54	2
3931	93	964.53	272.37	1071.82	342.45	2
3931	94	1121.51	247.43	1203.19	302.1	2
3932	90	747.08	242.27	1062.24	489.5	2
3932	92	1415.39	239.64	1488.89	287.25	2
3932	93	975.53	271.87	1063.69	346.64	2
3932	94	1117.28	248.08	1200.32	303.81	2
3933	90	752.89	243.66	1092.37	492.34	2
3933	92	1409.21	238.69	1480.36	286.22	2
3933	93	997.23	274.9	1051.91	342.33	2
3933	94	1111.89	248.95	1195.41	305.72	2
3934	90	758.3	244.82	1114.8	494.61	2
3934	92	1405.29	237.73	1474.32	284.59	2
3934	94	1106.69	249.91	1192.29	307.05	2
3935	90	766.71	245.88	1147.93	497.32	2
3935	92	1401.47	236.09	1467.09	282.75	2
3935	94	1099.65	250.9	1186.65	309.47	2
3936	90	773.77	246.92	1173.37	500.19	2
3936	92	1399.08	234.88	1462.2	280.82	2
3936	94	1094.47	251.9	1182.61	311.65	2
3937	90	787.2	247.93	1209.53	503.79	2
3937	92	1394.38	234.49	1455.32	278.19	2
3937	94	1088.72	253.56	1177.26	313.08	2
3938	90	796.9	248.29	1236.17	505.05	2
3938	92	1390.91	233.74	1450.5	276.65	2
3938	94	1096.42	255.47	1173.35	314.23	2
3939	90	810.77	248.39	1271.55	506.72	2
3939	92	1385.79	232.84	1444.31	274.14	2
3940	90	829.37	248.4	1314.07	509.22	2
3941	90	844.23	249.68	1341.91	510.06	2
3942	90	867.73	250.15	1384.05	510.27	2
3942	93	813	299	883	380	2
3943	90	886.98	250.96	1413.45	512.23	2
3943	93	807.4	296.6	894.2	383.2	2
3944	90	914.76	251.89	1454.32	511.57	2
3944	93	797.79	296.15	919.16	386.82	2
3945	90	933.09	252.88	1483.74	511.22	2
3945	93	790.25	297.49	927.82	388.86	2
3946	90	962.98	253.22	1522.66	510.36	2
3946	93	779.42	299.43	923.14	394.58	2
3947	90	987.84	254.65	1550.6	509.3	2
3947	93	771.24	300.77	917.13	397.84	2
3948	90	1020.35	255.82	1588.98	510.83	2
3948	93	761.76	304.65	907.16	403.69	2
3948	94	995	274	1039	332	2
3949	90	1046.08	254.9	1615.93	510.7	2
3949	93	755.03	306.04	899.67	407.07	2
3949	94	991	272.4	1054.2	333.6	2
3950	90	1082.76	255.19	1653.29	509.29	2
3950	93	746.82	307.84	890.07	413.52	2
3950	94	982.13	272.1	1078.62	335.42	2
3951	90	1106.75	255.27	1680.39	507.38	2
3951	93	740.64	309.12	882.97	417.8	2
3951	94	976.09	271.99	1085.94	337.57	2
3952	90	1145.27	254.61	1715.86	505.97	2
3952	93	733.29	313.47	874.31	423.22	2
3952	94	964.14	274.15	1081.81	339.7	2
3953	90	1196.03	255.01	1754.61	504.76	2
3953	93	726.81	319.02	865.73	430.39	2
3953	94	950.34	275.62	1072.52	342.5	2
3954	90	1233.09	255.14	1779.44	503.63	2
3954	93	721.32	322.4	859.85	434.95	2
3954	94	942.24	276.11	1065.12	344.79	2
3955	90	1264.69	253.85	1811.49	502.54	2
3955	93	716.86	324.92	853.09	442.41	2
3955	94	930.29	277.61	1054.82	346.91	2
3956	90	1292.8	255.34	1833.7	502.14	2
3956	93	714.13	327.11	848.64	447.72	2
3956	94	921.27	278.82	1046.1	348.95	2
3957	90	1334.19	258.55	1862.1	501.32	2
3957	93	710.04	331.1	843.77	456.07	2
3957	94	908.97	280.56	1035.47	351.64	2
3958	90	1357.99	260.4	1882.21	500.36	2
3958	93	708.07	333.22	840.08	461.74	2
3958	94	900.5	281.85	1027.39	353.24	2
3959	90	1387.76	258.4	1909.93	499.34	2
3959	93	704.92	339.75	836.18	470.85	2
3959	94	888.44	283.62	1016.46	355.74	2
3960	90	1411.14	258.96	1927.88	498.32	2
3960	93	703.27	342.86	833.52	477.45	2
3960	94	879.47	285.57	1008.33	357.93	2
3961	90	1446.08	261.14	1952.79	497.28	2
3961	93	700.87	347.84	832	487.55	2
3961	94	867.87	286.93	997.48	360.66	2
3962	90	1472.03	262.61	1970.33	497.58	2
3962	93	699.47	351.61	830.89	494.52	2
3962	94	860.4	288.06	989.44	362.28	2
3963	90	1507.31	262.46	1993.18	497.05	2
3963	93	696.47	356.84	830.6	504.74	2
3963	94	848.74	290.41	978.64	365.44	2
3964	90	1531.96	263.04	2010.65	496.2	2
3964	93	695.47	361.34	831.24	513.02	2
3964	94	841.28	291.26	970.72	367.88	2
3965	90	1566.77	261.9	2032.22	495.23	2
3965	93	693.92	368.12	834.86	524.39	2
3965	94	831.57	292.84	960	371.34	2
3966	90	1604.04	265.44	2055.31	494.23	2
3966	93	693.43	375.79	838.25	535.02	2
3966	94	819.66	295.36	948.22	375.19	2
3967	90	1629.27	266.08	2070.85	493.21	2
3967	93	692.72	381.24	842.21	547.3	2
3967	94	812.81	296.93	940.65	377.25	2
3968	90	1660.93	266.95	2090.45	491.52	2
3968	93	691.89	388.99	847.65	562.07	2
3968	94	802.67	299.44	930.78	380.55	2
3969	90	1682.73	266.58	2105.43	490.25	2
3969	93	691.02	395.73	851.7	574.66	2
3969	94	797.17	300.35	923.97	383.04	2
3970	90	1712.49	265.75	2125.56	489.14	2
3970	93	690.76	404.62	857.78	590.19	2
3970	94	788.85	301.95	914.41	387.15	2
3971	90	1734.31	267.41	2138.09	488.09	2
3971	93	690.73	411.16	862.07	605.58	2
3971	94	782.74	303.81	908.41	389.95	2
3972	90	1764.11	269.34	2140.38	486.4	2
3972	93	688.88	421.84	867.57	622.16	2
3972	94	775.47	307.07	900.47	394.18	2
3973	90	1783.76	270.71	2164.28	485.81	2
3973	93	687.58	429.73	870.96	637.96	2
3973	94	770.4	308.92	893.78	397.66	2
3974	90	1812.95	271.18	2187.69	483.62	2
3974	93	685.85	442.19	878.64	655.31	2
3974	94	764.18	311.52	886.24	401.5	2
3975	90	1831.27	271.32	2204.26	482.18	2
3975	93	684.6	452.05	884.13	672.03	2
3975	94	759.5	313.12	881.69	404.18	2
3976	90	1858.48	274.02	2223.72	480.35	2
3976	93	682.89	466.55	891.33	699.91	2
3976	94	753.39	314.97	874.95	409.65	2
3977	90	1876.79	275.66	2238.15	479.72	2
3977	93	680.37	477.12	896.63	722.53	2
3977	94	750.05	316.92	870.7	413.6	2
3978	90	1908.09	273.55	2260.22	478.19	2
3978	93	675.62	492.48	903.72	753.87	2
3978	94	745.1	320.19	864.72	418.25	2
3979	90	1929.96	276.74	2280.38	477.67	2
3979	93	670.01	511.56	910.85	792.32	2
3979	94	739.52	323.99	858.75	425.12	2
3980	90	1946.39	278.57	2289.7	478.2	2
3980	93	664.69	525.24	916.11	819.2	2
3980	94	736.35	326.04	854.77	428.96	2
3981	90	1970.25	279.88	2309.87	475.76	2
3981	93	655.06	544.3	923.78	859.66	2
3981	94	733.43	329.99	850.21	434.84	2
3982	90	1989.46	280.32	2325.29	472.2	2
3982	93	648.81	557.29	927.98	897.8	2
3982	94	731.25	333.39	847.42	440.22	2
3983	90	2011.7	281.78	2342.34	472.29	2
3983	93	637.57	576.55	937.1	957.96	2
3983	94	729.32	336.57	845.27	446.69	2
3984	90	2029.67	282.28	2356.64	474.38	2
3984	93	626.33	593.93	944.37	1008.15	2
3984	94	727.46	339.01	843.35	451.65	2
3985	90	2055.52	285.09	2374.64	474.52	2
3985	93	609.41	627.84	951.54	1089.09	2
3985	94	725.63	343.75	841.5	456.01	2
3986	90	2074.85	282.75	2389.97	473.27	2
3986	93	594.65	655.48	956.8	1155.16	2
3986	94	724.45	347.45	841.65	462.09	2
3987	90	2093.14	285.84	2405	473.5	2
3987	93	572.6	700.29	963.16	1255.32	2
3987	94	723.49	352.67	843.18	470.75	2
3988	90	2109.71	286.97	2419.93	473.62	2
3988	93	554.59	736.61	967.46	1338.86	2
3988	94	722.6	356.53	845.19	478.46	2
3989	90	2133.75	289.35	2437.52	474.36	2
3989	93	520.7	795.9	969.69	1409.37	2
3989	94	723.03	361.79	848.68	489.66	2
3990	90	2151.8	290.86	2450.71	475.99	2
3990	93	491.83	845.65	970.5	1437.91	2
3990	94	723.31	365.67	852.71	498.34	2
3991	90	2172.37	292.04	2470.37	475.27	2
3991	93	449.93	922.05	976.25	1447.59	2
3991	94	725.45	370.92	857.56	508.6	2
3992	90	2195.88	294.43	2490.38	475.68	2
3992	93	447.93	1028.7	984.63	1448.78	2
3992	94	727.01	377.98	864.68	520.1	2
3993	90	2210.41	292.6	2501.79	473.17	2
3993	93	447.09	1119.5	982.92	1444.42	2
3993	94	728.96	382.57	869.36	527.62	2
3994	90	2231.03	291.87	2522.1	475.58	2
3994	93	453.59	1284.38	945.79	1446.14	2
3994	94	731.08	389.37	877.01	539.95	2
3995	90	2245.21	296.19	2530.97	469.88	2
3995	94	732.57	395.1	881.87	549.67	2
3996	90	2266.38	295.77	2551.68	471.76	2
3996	94	734.48	402.33	889.54	563.48	2
3997	90	2283.47	297.59	2562.04	476.43	2
3997	94	736.53	407.59	895.67	571.22	2
3998	90	2305.75	299.56	2565.14	473.56	2
3998	94	738.63	416.56	903.14	586.81	2
3999	90	2322.48	305.61	2565.35	470.45	2
3999	94	740.1	423.11	909.18	598.39	2
4000	90	2330.22	305.76	2564.06	473.38	2
4000	94	741.97	431.91	917.87	616.71	2
4001	90	2341.84	306.44	2563.84	468.43	2
4001	94	744.61	438.4	924.99	630.62	2
4002	90	2365.94	308.65	2563.23	468.6	2
4002	94	747.56	449.05	933.44	650.43	2
4003	90	2381.13	312.08	2562.35	468.68	2
4003	94	749.35	457.53	939.83	664.94	2
4004	90	2401.1	316.66	2561.71	464.01	2
4004	94	751.31	468.97	949.88	686.24	2
4005	90	2419.77	319.62	2561.08	460.94	2
4005	94	753.96	484.07	960.04	710.13	2
4006	94	754.98	494.93	967.72	726.87	2
4007	94	755.99	509.83	978.22	751.54	2
4008	94	756.36	521.81	986	774.18	2
4009	94	754.57	537.08	994.62	804.87	2
4010	94	752.57	548.57	1001	826.71	2
4011	94	749.84	562.99	1010.96	865.9	2
4012	94	747.5	572.88	1018.5	893.49	2
4013	94	742.12	591.58	1028.9	938.49	2
4014	94	738.11	608.18	1035.99	975.35	2
4015	94	728.93	635.8	1046.18	1033.96	2
4016	94	721.56	657.81	1052.56	1083.01	2
4016	97	1206	201	1250	243	2
4017	94	708.55	691.25	1061.18	1158.12	2
4017	97	1206	201.8	1250	244.6	2
4018	94	690.92	731.51	1071.33	1249.93	2
4018	97	1206	202.72	1249.23	246.44	2
4019	94	675.84	763.58	1078.34	1324.74	2
4019	97	1206	203.8	1248.97	247.83	2
4020	94	651.1	815.08	1087.82	1403.94	2
4020	97	1205.25	204.86	1249.67	249.71	2
4021	94	632.62	855.69	1093.95	1435.54	2
4021	97	1205	205.9	1249.91	251	2
4022	94	604.07	916.04	1101.19	1446.7	2
4022	97	1204.23	206.92	1250.69	253.49	2
4023	94	582.23	965.42	1108.89	1448.16	2
4023	97	1203.96	207.94	1250.96	255.01	2
4024	94	599.02	1048.1	1099.4	1446.28	2
4024	97	1203.21	209.62	1251.06	257.52	2
4025	94	606.01	1118.21	1095.57	1441.94	2
4025	97	1202.94	210.22	1251.09	259.07	2
4026	94	615.39	1239.23	1083.55	1441.21	2
4026	97	1201.52	211.72	1251.09	261.57	2
4027	97	1201	212.92	1251.74	263.11	2
4028	97	1199.52	214.65	1251.33	265.61	2
4029	97	1198.31	215.92	1251.82	267.8	2
4030	97	1196.57	217.02	1250.7	269.89	2
4031	97	1193.97	218.71	1249.61	272.57	2
4032	97	1191.7	219.32	1249.19	274.84	2
4033	97	1188.93	221.45	1248.39	277.59	2
4034	97	1186.59	222.24	1246.79	279.24	2
4035	97	1183.14	223.8	1244.88	282.39	2
4036	97	1179.27	225.01	1242.86	284.19	2
4037	97	1173.97	227.38	1240.81	286.76	2
4038	97	1170.04	228.25	1239.39	288.97	2
4039	97	1164.09	229.84	1235.66	291.05	2
4040	97	1157.99	231.71	1232.94	293.72	2
4041	97	1149.95	234.33	1228.73	295.32	2
4042	97	1143.06	235.94	1225.2	296.5	2
4043	97	1134.09	237.81	1219.41	299.5	2
4044	97	1122.4	238.47	1212.72	303.18	2
4045	97	1114.11	238.04	1207.62	305.18	2
4046	97	1102.71	238.47	1199.95	309.73	2
4047	97	1093.91	240.51	1194.45	312.08	2
4048	97	1080.44	243.86	1185.39	315.49	2
4049	97	1070.22	245.11	1179.37	317.37	2
4050	97	1055.6	247.49	1168.86	320.6	2
4051	97	1044.92	249.65	1159.73	323.06	2
4052	97	1029.44	253.04	1147.95	326.52	2
4053	97	1017.24	254.93	1137.75	329.06	2
4054	97	1000.54	256.25	1124.31	332.55	2
4055	97	987.88	258.64	1117.31	335.1	2
4056	97	970.48	260.15	1103.31	339.24	2
4057	97	950.5	261.97	1086.49	343.32	2
4058	97	935.93	263.91	1073.7	346.75	2
4059	97	917.11	265.89	1057.39	350.56	2
4060	97	903.72	267.89	1046.17	353.23	2
4061	97	884.74	269.9	1029.87	358.05	2
4062	97	871.97	271.91	1018.04	361.1	2
4063	97	853.22	274.57	1002.14	365.4	2
4064	97	841.23	276.82	989.87	368.9	2
4065	97	824.09	278.28	973.81	374.02	2
4066	97	812.76	279.43	962.16	376.55	2
4067	97	797.81	283.03	946.35	382.57	2
4068	97	786.71	285.02	935.49	386.72	2
4069	97	773.14	287.01	921.3	392.08	2
4070	97	759.27	290.29	906.48	398.55	2
4071	97	750.57	293.43	896.04	403.51	2
4072	97	740.54	297.16	883.99	410.47	2
4073	97	733.97	298.54	875.95	416.25	2
4074	97	726.01	300.93	866.1	422.85	2
4075	97	720.85	303.08	858.89	428.49	2
4076	97	715.38	305.76	851.32	436.95	2
4077	97	712.45	310.57	847.61	443.3	2
4078	97	709.06	315.6	841.29	452.69	2
4079	97	707.55	319.4	838.03	457.47	2
4080	97	705.97	325.31	835.17	467.52	2
4081	97	705.69	328.79	835.12	473.17	2
4082	97	703.84	335.84	838.04	487.4	2
4083	97	703.96	342.95	843.23	500.4	2
4084	97	703.54	348.83	848.65	511.69	2
4085	97	704.83	355.49	855.4	528.67	2
4086	97	705.47	361.16	861.36	537.03	2
4087	97	706.49	369.66	870.18	551.55	2
4088	97	707.62	376.05	877.48	562.72	2
4089	97	708.81	384.79	887.41	582.16	2
4090	97	710.61	391.89	895.1	593.96	2
4091	97	711.41	402.18	904.5	619.98	2
4092	97	712.41	410.49	912.59	636.19	2
4093	97	712.86	423.12	922.72	666.36	2
4094	97	712.45	433.61	930.43	686.76	2
4095	97	711.69	448.97	941	721.01	2
4096	97	709.54	468	952.65	759.86	2
4097	97	706.82	482.97	961.57	785.11	2
4098	97	702.63	501.34	973.19	826.84	2
4099	97	698.49	514.06	982.07	858.57	2
4100	97	689.96	529.54	995.52	916.39	2
4101	97	682.88	542.32	1006.35	966.67	2
4102	97	668.84	569.38	1021.17	1051.78	2
4103	97	657.09	594.8	1033.15	1120.65	2
4104	97	639.36	636.86	1051.48	1229.27	2
4105	97	624.29	670.83	1066.72	1316.81	2
4106	97	597.25	721.82	1088.8	1401.29	2
4107	97	575.43	764.19	1101.26	1435.29	2
4108	97	534.54	832.2	1108.6	1446.83	2
4109	97	533.99	925.52	1096.71	1449.7	2
4110	97	528	1004.5	1091.72	1447.36	2
4111	97	527.2	1145.51	1081.89	1445.02	2
4112	97	530.45	1268.65	1065.49	1441.77	2
4134	99	1208	190	1245	220	2
4141	99	1210	196	1245	224	2
4142	99	1208.4	193.6	1245.8	228.8	2
4143	99	1210.36	196.74	1244.44	227.52	2
4144	99	1211.05	198	1243.97	227.8	2
4145	99	1210.42	199.06	1243.87	229.43	2
4146	99	1210.21	199.34	1243.85	229.94	2
4147	99	1210.12	200.09	1243.87	232.21	2
4148	99	1210.08	201.68	1244.58	234.36	2
4149	99	1210.06	202.91	1244.85	235.12	2
4150	99	1210.05	203.31	1244.95	236.71	2
4151	99	1210.04	203.44	1244.98	237.92	2
4152	99	1209.36	204.76	1245	239.66	2
4153	99	1208.82	205.85	1245.78	241.2	2
4154	99	1208.29	206.94	1246.57	242.74	2
4155	99	1207.39	208	1246.91	243.96	2
4156	99	1207.71	209.02	1247.68	245.69	2
4157	99	1207.85	210.03	1247.97	246.96	2
4158	99	1207.25	211.03	1248.08	249.37	2
4159	99	1207.03	212.03	1248.76	250.9	2
4160	99	1206.95	213.67	1249.01	252.09	2
4161	99	1206.27	214.27	1249.1	253.8	2
4162	99	1206.02	215.11	1249.13	255.71	2
4163	99	1205.93	216.7	1249.78	257.7	2
4164	99	1205.25	217.27	1250.02	259.06	2
4165	99	1204.35	218.76	1250.1	260.84	2
4166	99	1204.01	219.29	1250.13	262.12	2
4167	99	1204.54	220.76	1250.78	264.51	2
4168	99	1204.11	221.29	1251.02	266.03	2
4169	99	1203.3	222.11	1251.1	267.86	2
4170	99	1202.99	223.68	1251.12	269.8	2
4171	99	1202.24	225.56	1251.77	271.8	2
4172	99	1201.31	226.89	1251.37	273.16	2
4173	99	1199.67	228.01	1250.55	274.93	2
4174	99	1197.75	229.06	1248.93	277.5	2
4175	99	1195.73	230.07	1248.3	279.09	2
4176	99	1193.03	231.07	1246.77	281.58	2
4177	99	1190.08	231.42	1246.18	283.14	2
4178	99	1186.4	233.45	1244.04	285.61	2
4179	99	1183.07	234.86	1242.56	287.16	2
4180	99	1177.96	236.66	1240.08	288.99	2
4181	99	1173.47	237.96	1237.85	290.28	2
4182	99	1166.65	239.07	1234.44	292.02	2
4183	99	1162.14	240.75	1231.23	293.92	2
4184	99	1154.67	242.01	1227.43	295.24	2
4185	99	1149.3	243.75	1224.08	296.99	2
4186	99	1140.9	245.02	1218.97	300.22	2
4187	99	1129.45	245.47	1211.94	303.33	2
4188	99	1121.87	245.61	1207.32	305.77	2
4189	99	1110.11	247.54	1200.48	309.22	2
4190	99	1101.81	248.91	1194.7	311.79	2
4191	99	1089.14	251.33	1185.5	314	2
4192	99	1079.23	252.23	1178.79	316.08	2
4193	99	1064.7	255.12	1168.62	319.39	2
4194	99	1052.18	256.84	1159.66	321.25	2
4195	99	1034.74	260.72	1147.35	323.83	2
4196	99	1023	262.14	1138.2	326.04	2
4197	99	1004.6	263.94	1123.91	329.42	2
4198	99	989.35	265.22	1112.74	331.94	2
4199	99	967.73	268.25	1095.18	335.42	2
4200	99	941.69	270.01	1075.73	339.29	2
4201	99	922.25	270.63	1060.69	341.98	2
4202	99	897.12	274.69	1039.11	346.16	2
4203	99	877.39	276.86	1023.22	349.64	2
4204	99	848.37	278.92	999.43	352.83	2
4205	99	825.94	282.25	980.86	355.91	2
4206	99	795.26	284.77	953.48	359.59	2
4207	99	771.55	287.61	932.24	363.51	2
4208	99	738.45	291.23	903.19	368.16	2
4209	99	712.65	293.85	880.78	371.79	2
4210	99	677.51	298.02	847.49	376.33	2
4211	99	648.99	300.85	823.43	380.56	2
4212	99	610.96	306.4	788.31	385.32	2
4213	99	567.86	311.06	746.22	388.98	2
4214	99	537.03	314.7	716.3	390.23	2
4215	99	495.5	319.27	675.66	390.54	2
4216	99	464.81	322.18	647.15	394.54	2
4217	99	422.76	327.13	605.85	397.89	2
4218	99	393.89	330.19	573.89	403.7	2
4219	99	348.48	334.51	531.14	414.93	2
4220	99	319.2	337.37	500.19	421.66	2
4221	99	290.17	342.21	457.26	422.26	2
4222	99	279.6	345.26	424.23	422.19	2
4223	99	280.84	350.93	379	425.33	2
4277	100	1205	180	1250	218	2
4278	100	1205	182.4	1250	218	2
4279	100	1205.77	184.45	1247.69	220.36	2
4280	100	1207.64	183.53	1244.51	220.33	2
4281	100	1205.68	178.73	1246.97	221.74	2
4282	100	1208.01	185.79	1243.35	219.55	2
4283	100	1208.14	189.87	1242.03	219.18	2
4284	100	1208.16	188.01	1242.4	219.07	2
4285	100	1202.52	187.48	1248.9	222.51	2
4286	100	1201.21	187.41	1249.22	224.16	2
4287	100	1199.9	187.34	1249.54	225.81	2
4288	100	1198.59	187.27	1249.86	227.46	2
4296	100	1205.53	206.28	1244.2	232.99	2
4297	100	1205.99	207.19	1243.93	233.93	2
4298	100	1206.13	206.82	1244.52	234.88	2
4299	100	1206.16	208.71	1245.42	235.88	2
4300	100	1206.16	210.02	1245.76	236.89	2
4301	100	1205.47	210.43	1245.9	238.59	2
4302	100	1205.21	211.21	1246.61	239.85	2
4303	100	1205.77	212.12	1246.88	240.94	2
4304	100	1205.97	213.75	1247.65	242.65	2
4305	100	1206.05	214.31	1247.93	243.91	2
4306	100	1206.07	215.15	1248.03	245.01	2
4307	100	1206.07	216.08	1248.73	246.04	2
4308	100	1206.07	217.05	1248.98	248.36	2
4309	100	1206.06	217.39	1249.73	249.21	2
4310	100	1206.05	218.13	1250	250.79	2
4311	100	1206.05	218.38	1250.75	252.01	2
4312	100	1205.39	220.39	1251.03	253.73	2
4313	100	1205.14	221.13	1251.12	255	2
4314	100	1205.04	222.69	1251.15	257.4	2
4315	100	1204.35	223.25	1251.14	258.92	2
4316	100	1203.43	225.37	1251.13	260.76	2
4317	100	1202.44	227.47	1251.12	263.38	2
4318	100	1201.41	228.88	1251.11	264.98	2
4319	100	1199.73	230.03	1251.1	266.84	2
4320	100	1198.45	230.43	1250.45	268.15	2
4321	100	1196.67	222.13	1249.54	270.55	2
4322	100	1194.7	219.75	1249.18	272.08	2
4323	100	1192.03	220.52	1249.69	274.51	2
4324	100	1189.75	220.84	1249.89	276.07	2
4325	100	1186.96	221.6	1248.06	278.54	2
4326	100	1183.97	222.53	1247.33	280.1	2
4327	100	1180.29	224.17	1245.77	281.94	2
4328	100	1176.97	224.81	1243.25	283.24	2
4329	100	1172.51	226.98	1240.98	285.62	2
4330	100	1166.99	228.46	1238.19	288.43	2
4330	101	1207	204	1242	230	2
4331	100	1162.97	229.01	1236.49	290.1	2
4331	101	1206.2	204.8	1242	231.6	2
4332	100	1157.63	231.14	1233.29	291.98	2
4332	101	1206.05	205.72	1242	233.43	2
4333	100	1153.06	232.6	1230.78	293.29	2
4333	101	1205.99	206.03	1242	234.06	2
4334	100	1147.51	233.14	1227.27	295.03	2
4334	101	1205.98	207.58	1242.75	235.69	2
4335	100	1142.87	233.97	1225.3	295.64	2
4335	101	1205.98	208.8	1242.28	237.63	2
4336	100	1136.67	234.91	1222.01	297.76	2
4336	101	1205.28	209.89	1242.8	239.65	2
4337	100	1131.15	235.9	1219.49	299.82	2
4337	101	1205.03	210.93	1242.99	241.01	2
4338	100	1123.99	237.55	1214.73	301.85	2
4338	101	1204.95	212.62	1244.4	242.8	2
4339	100	1118.72	238.81	1211.63	303.87	2
4339	101	1204.26	213.21	1245.58	244.75	2
4340	100	1111.03	239.26	1207.28	306.54	2
4340	101	1204.01	214.72	1246.01	246.09	2
4341	100	1104.31	239.4	1204.36	308.15	2
4341	101	1203.92	215.92	1245.51	247.2	2
4342	100	1096.07	240.72	1200.1	311.3	2
4342	101	1203.9	216.99	1246.61	249.54	2
4343	100	1085.97	243.79	1193.4	313.75	2
4343	101	1203.24	218.02	1247.02	252.33	2
4344	100	1078.31	245.6	1189.56	315.92	2
4344	101	1203	219.02	1247.16	254.01	2
4345	100	1068.46	246.26	1182.41	317.99	2
4345	101	1202.91	219.38	1247.19	255.24	2
4346	100	1060.91	247.13	1177.76	320.01	2
4346	101	1202.89	220.77	1247.85	256.96	2
4347	100	1050.47	249.37	1170.29	322.02	2
4347	101	1202.24	221.93	1248.08	258.86	2
4348	100	1042.09	251.5	1164.91	323.37	2
4348	101	1201.34	222.99	1248.16	260.19	2
4349	100	1029.41	252.93	1157.16	325.77	2
4349	101	1200.36	224.66	1248.83	261.94	2
4350	100	1021.46	254.08	1152.96	327.93	2
4350	101	1199.99	225.26	1249.07	263.86	2
4351	100	1008.98	255.13	1141.88	330.64	2
4351	101	1198.57	226.76	1249.15	265.83	2
4352	100	1000.46	255.49	1135.08	332.26	2
4352	101	1198.03	227.95	1248.53	267.84	2
4353	100	986.45	256.88	1125.51	335.41	2
4353	101	1197.19	229.02	1248.27	269.85	2
4354	100	976.76	258.67	1118.75	337.2	2
4354	101	1196.88	230.69	1247.51	271.22	2
4355	100	962.97	260.63	1107.93	340.42	2
4355	101	1195.48	231.94	1247.87	272.98	2
4356	100	947.58	261.33	1095.53	343.53	2
4356	101	1193.67	233.04	1247.35	275.55	2
4357	100	936.73	262.21	1087.68	345.3	2
4357	101	1191.69	234.71	1246.5	277.13	2
4358	100	921.88	265.1	1075.83	348.5	2
4358	101	1189.65	235.97	1246.17	278.97	2
4359	100	910.62	266.82	1066.29	350.3	2
4359	101	1188.25	237.06	1245.4	280.27	2
4360	100	896.9	268.74	1054.43	353.52	2
4360	101	1186.44	238.74	1244.45	282.66	2
4361	100	886.76	270.07	1046.85	355.97	2
4361	101	1184.48	239.35	1243.44	284.16	2
4362	100	872.2	272.49	1033.84	359.43	2
4362	101	1181.82	240.19	1242.41	286.63	2
4363	100	861.1	274.01	1024.53	361.33	2
4363	101	1179.54	241.12	1241.38	287.53	2
4364	100	846.81	275.2	1012.15	364.58	2
4364	101	1176.11	242.74	1240.34	289.1	2
4365	100	836.49	276.25	1003.12	367.04	2
4365	101	1173.55	243.97	1238.67	290.29	2
4366	100	823.81	277.25	990.85	370.49	2
4366	101	1170.02	245.05	1236.74	290.68	2
4367	100	814.13	278.88	982.54	372.39	2
4367	101	1166.77	246.74	1234.72	292.08	2
4368	100	801.69	281.42	969.25	376.28	2
4368	101	1162.35	247.33	1232.67	294.53	2
4369	100	789.48	283.64	955.97	380.94	2
4369	101	1157.48	248.82	1231.26	295.41	2
4370	100	781.32	285.09	947.34	383.29	2
4370	101	1153.74	248.69	1229.46	296.33	2
4371	100	771.41	286.89	936.54	387.34	2
4371	101	1149.14	250.56	1226.86	298.59	2
4372	100	764.78	288.83	928.2	390.1	2
4372	101	1145.5	251.9	1224.6	300.05	2
4373	100	756.76	290.17	916.18	394.96	2
4373	101	1139.67	252.36	1221.18	300.56	2
4374	100	752.19	291.28	908.74	398.03	2
4374	101	1134.92	252.5	1218.61	301.35	2
4375	100	747.56	294.24	899.02	402.34	2
4375	101	1129.96	253.17	1215.09	302.9	2
4376	100	744.92	296.63	892.48	405.2	2
4376	101	1125.56	254.04	1213.12	304.76	2
4377	100	742.3	298.79	884.4	410.09	2
4377	101	1119.46	255	1209.84	307.37	2
4378	100	741.72	300.86	878.48	413.16	2
4378	101	1115.26	255.33	1206.69	308.98	2
4379	100	742.53	302.24	872.64	418.77	2
4379	101	1108.6	257.37	1202.31	310.84	2
4380	100	744.52	303.37	869.59	421.47	2
4380	101	1103.56	258.78	1199.38	312.8	2
4381	100	747.53	305.03	868.86	426.92	2
4381	101	1096.58	259.94	1194.46	313.5	2
4382	100	753.6	306.91	871.67	432.14	2
4382	101	1088.85	261.65	1188.11	314.36	2
4383	100	752.49	309.52	877.07	435.98	2
4383	101	1083.41	262.92	1184.43	315.28	2
4384	100	754.78	313.06	884.99	441.22	2
4384	101	1074.36	264.68	1178.58	318.22	2
4385	100	759.15	315.53	897.36	445.78	2
4385	101	1068.42	265.31	1175.12	319.93	2
4386	100	763.52	318	909.72	450.33	2
4386	101	1059.85	266.81	1168.74	321.83	2
4387	100	766.18	320.99	921.28	453.83	2
4387	101	1052.82	267.99	1163.78	323.16	2
4388	100	769.14	322.67	940.35	458.98	2
4388	101	1043.18	269.06	1156.81	324.91	2
4389	100	771.54	325.18	954.62	462.13	2
4389	101	1035.76	269.43	1151.01	326.18	2
4390	100	776.9	328	977.2	467.13	2
4390	101	1025.33	270.83	1143.72	328.57	2
4391	100	782.13	329.63	994.19	470.23	2
4391	101	1017.62	271.98	1137.81	330.08	2
4392	100	791.12	330.81	1020.29	473.25	2
4392	101	1006.46	273.69	1129.85	331.9	2
4393	100	799.04	332.47	1041.76	476.89	2
4393	101	997.84	274.95	1124.34	333.85	2
4394	100	811.56	334.32	1073.3	482.07	2
4394	101	985.71	276.7	1115.28	335.19	2
4395	100	828.3	336.25	1109.92	485.9	2
4395	101	972.21	278.64	1104.19	337.6	2
4396	100	841.85	338.21	1136.92	489.19	2
4396	101	962.7	279.99	1096.18	339.77	2
4397	100	857.88	340.18	1174.38	494.23	2
4397	101	949.59	281.76	1085.51	343.15	2
4398	100	876.6	341.51	1202.74	497.35	2
4398	101	940.28	283.04	1075.77	345.68	2
4399	100	902.92	341.94	1242.68	501.01	2
4399	101	927.24	284.79	1065.08	348.54	2
4400	100	922.67	343.33	1273.88	503.6	2
4400	101	916.7	286.07	1056.66	350.22	2
4401	100	952.41	344.45	1316.71	506.41	2
4401	101	902.57	287.16	1043.94	352.75	2
4402	100	975.98	345.46	1346.47	507.37	2
4402	101	892.25	288.83	1035.38	354.95	2
4403	100	1009.23	347.74	1391.98	508.25	2
4403	101	878.23	291.38	1022.62	358.32	2
4404	100	1036.57	347.88	1424.51	509.78	2
4404	101	867.32	292.96	1012.78	360.84	2
4405	100	1074.46	347.88	1467.92	505.67	2
4405	101	852.42	294.81	1000.17	364.99	2
4406	100	1104.25	349.78	1499.54	505.28	2
4406	101	843.81	296.77	990.43	367.16	2
4407	100	1145.64	350.44	1541.3	507.05	2
4407	101	831.1	299.43	976.55	371.15	2
4408	100	1191.55	350.64	1587.68	506.99	2
4408	101	817.47	301.69	961.09	375.2	2
4409	100	1223.54	349.99	1620.85	506.89	2
4409	101	807.44	303.15	951.64	378.62	2
4410	100	1266.3	350.37	1661.21	506.79	2
4410	101	794.84	306.25	939.22	382.44	2
4411	100	1296.93	350.46	1690.65	505.38	2
4411	101	786.52	308.03	930.28	385.11	2
4412	100	1342.43	351.12	1726.3	503.47	2
4412	101	775.88	309.96	918.71	388.64	2
4413	100	1371.31	351.33	1752.49	502.04	2
4413	101	767.66	311.93	910.78	391.85	2
4414	100	1410.22	351.38	1784.33	500.82	2
4414	101	757.04	314.58	900.24	396.23	2
4415	100	1438.38	350.7	1805.7	500.35	2
4415	101	750.78	316.83	893.34	401.05	2
4416	100	1475.07	350.42	1833.11	498.84	2
4416	101	742.88	319.57	885.18	405.4	2
4417	100	1502.25	348.96	1851.43	497.6	2
4417	101	736.98	321.86	879.17	408.92	2
4418	100	1536.6	348.4	1873.78	495.81	2
4418	101	730.5	324.62	871.98	412.75	2
4419	100	1561.47	347.52	1887.51	493.82	2
4419	101	725.78	326.27	866.98	416.06	2
4420	100	1593.67	345.85	1903.54	491.09	2
4420	101	719.71	328.77	860.8	419.81	2
4421	100	1627.93	343.9	1919.07	486.1	2
4421	101	714.44	330.96	854.83	422.44	2
4422	100	1649.77	342.5	1927.53	482.93	2
4422	101	711.46	331.73	850.92	425.28	2
4423	100	1678.28	340.66	1937.82	477.8	2
4423	101	708	333.91	846.44	430.15	2
4424	100	1696.58	339.33	1943.09	473.26	2
4424	101	705.66	335.97	843.73	432.58	2
4425	100	1720.51	336.85	1948.25	468.98	2
4425	101	703.05	337.35	840.33	434.68	2
4426	100	1735.75	335.97	1950.44	466.16	2
4426	101	702.33	339.76	837.32	437.32	2
4427	100	1755.27	332.32	1951.91	461.19	2
4427	101	700.98	341.26	834.46	442.13	2
4428	100	1767.6	331.01	1951.6	458.11	2
4428	101	700.02	343.72	832.3	443.88	2
4429	100	1783.47	328.57	1952.42	451.72	2
4429	101	698.52	346.56	829.7	447.68	2
4430	100	1793.27	327.05	1953.59	448.81	2
4430	101	698.8	347.57	828.28	449.02	2
4431	100	1804.2	324.53	1953.65	445.18	2
4431	101	698.41	350.5	826.61	453.33	2
4432	100	1811.12	322.99	1952.58	439.27	2
4432	101	698.4	352.2	824.82	456.18	2
4433	100	1819.79	320.46	1949.1	431.81	2
4433	101	698.53	354.08	822.99	461.07	2
4434	100	1823.88	317.56	1944.03	425.86	2
4434	101	698.69	356.68	821.8	464.14	2
4435	100	1824.5	315.23	1939.36	422.53	2
4435	101	698.85	358.92	820.83	467.15	2
4436	100	1819.89	311.75	1932.05	420.81	2
4436	101	699.66	362.31	820.61	471.45	2
4437	100	1813.74	309.21	1927.51	419.65	2
4437	101	700.04	363.53	821.31	475.59	2
4438	100	1805.24	306.35	1924.64	415.37	2
4438	101	701.56	367.18	823	481.61	2
4439	100	1798.78	304.7	1922.32	413.25	2
4439	101	702.18	369.81	825.71	485.76	2
4440	100	1788.27	301.51	1917.52	407.93	2
4440	101	703.1	371.39	829.41	491.13	2
4441	100	1780.37	299.07	1913.16	404.76	2
4441	101	704.13	373.22	832.17	496.3	2
4442	100	1766.84	294.91	1905.67	399.04	2
4442	101	705.86	378.37	837.18	502.7	2
4443	100	1756.57	292.12	1900.31	395.06	2
4443	101	707.18	381.6	841.05	506.98	2
4444	100	1742.3	289.18	1889.92	391.06	2
4444	101	709	386	847.08	514.98	2
4445	100	1731.06	286.86	1882.13	386.39	2
4445	101	710.99	388.9	851.96	519.86	2
4446	100	1715.84	284.09	1870.19	381.46	2
4446	101	712.41	393.17	859	526.77	2
4447	100	1699.11	281.16	1854.72	374.42	2
4447	101	714.23	398.61	866.16	536.39	2
4448	100	1686.35	278.17	1843.72	370.67	2
4448	101	716.21	402.55	872.1	543.18	2
4449	100	1670.62	275.83	1829.3	366.77	2
4449	101	718.25	406.56	880.12	552.1	2
4450	100	1658.33	273.74	1818.13	363.5	2
4450	101	720.3	411.23	886.36	557.96	2
4451	100	1642.81	271.05	1803.02	357.75	2
4451	101	723.01	417.46	894.47	567.14	2
4452	100	1631.3	269.51	1790.97	354.48	2
4452	101	725.31	421.7	900.08	575.67	2
4453	100	1614.77	267.02	1773.56	350.76	2
4453	101	728.75	429.01	909.86	588.43	2
4454	100	1602.93	265.54	1761.36	349.58	2
4454	101	731.97	434.31	916.74	597.7	2
4455	100	1586.96	263.07	1744.58	345.26	2
4455	101	735.76	441.39	925.7	611.37	2
4456	100	1576.04	261.58	1732.02	343.16	2
4456	101	738.47	446.58	932.89	620.96	2
4457	100	1561.09	258.44	1719.08	338.5	2
4457	101	742.68	454.24	943.23	635.36	2
4458	100	1549.93	256.7	1703.41	335.59	2
4458	101	746.18	460.92	950.94	647.14	2
4459	100	1536.21	254.81	1685.28	331.98	2
4459	101	751.34	469.79	961.47	663	2
4460	100	1520.19	252.19	1666.29	328.78	2
4460	101	756.49	480.77	973.73	682.98	2
4461	100	1510.72	249.97	1653.07	326.41	2
4461	101	760.35	488.75	982.16	698.83	2
4462	100	1497.64	247.9	1635.96	322.99	2
4462	101	764.98	499.98	993.58	717.49	2
4463	100	1488.61	245.89	1624.15	321.2	2
4463	101	768.62	508.69	1001.65	732.8	2
4464	100	1477.69	243.89	1608.91	317.99	2
4464	101	773.16	521.48	1012.27	749.95	2
4465	100	1470.14	241.9	1597.82	314.92	2
4465	101	776.12	530.79	1020.67	766.55	2
4466	100	1459.05	239.24	1582.82	311.23	2
4466	101	779.74	544.42	1032.04	792.46	2
4467	100	1452.11	237.68	1572.51	309.33	2
4467	101	782.33	554.01	1040.08	812.42	2
4468	100	1442.57	236.51	1559.14	306.74	2
4468	101	783.88	568.98	1051.94	846.54	2
4469	100	1436.18	235.51	1550.11	303.9	2
4469	101	785.04	580.35	1060.16	872.84	2
4470	100	1428.85	233.87	1537.17	300.29	2
4470	101	784.75	595.35	1072.07	914.36	2
4471	100	1423.25	232.68	1529	297.74	2
4471	101	783.93	607.35	1080.94	947.91	2
4472	100	1416.15	230.96	1517.68	294.91	2
4472	101	780.97	626.27	1093.09	996.5	2
4473	100	1409.21	230.41	1506.62	291.29	2
4473	101	775.95	650.99	1106.49	1059.52	2
4474	100	1405.08	228.93	1499.1	289.44	2
4474	101	772.02	669.42	1117.24	1108.6	2
4475	100	1397.76	227.11	1487.97	286.85	2
4475	101	766.62	696.43	1131.34	1179.94	2
4476	100	1392.77	226.51	1481.09	285.34	2
4476	101	761.94	717.59	1141.73	1235.35	2
4477	100	1387.19	225	1471.54	283.56	2
4477	101	752.47	751.22	1156.93	1318.39	2
4478	100	1383.49	223.84	1465.89	282.34	2
4478	101	743.72	779.33	1168.99	1385.82	2
4479	100	1379.02	222.12	1458.11	280.65	2
4479	101	728.92	822.55	1187.34	1428.13	2
4480	100	1377.07	221.55	1452.36	278.77	2
4480	101	718.09	858.14	1200.66	1444.03	2
4481	100	1376.68	220.73	1445.91	276.16	2
4481	101	702.49	907.05	1208.22	1448.78	2
4482	100	1371.92	219.81	1440.64	273.95	2
4482	101	690.04	945.75	1211.56	1449.42	2
4483	101	699.65	1009.58	1228.93	1447.57	2
4484	101	706.85	1063.99	1212.62	1444.7	2
4485	101	706.01	1154.82	1208.09	1441.39	2
4486	101	716.17	1277.06	1194.43	1441.41	2
4487	101	750.1	1367.84	1174.81	1440.85	2
